state_clean,county_clean,Days with AQI,Good Days,Moderate Days,Unhealthy for Sensitive Groups Days,Unhealthy Days,Very Unhealthy Days,Hazardous Days,Max AQI,90th Percentile AQI,Median AQI,Days Ozone,Days PM2.5,Days PM10,PM25_pct,Ozone_pct,NO2_pct,PM10_pct,pm25_share,ozone_share,StateAbbr,asthma_pct,heart_disease_pct,copd_pct,diabetes_pct,stroke_pct,poor_mental_health_pct,poor_physical_health_pct,smoking_pct,fips,state_label,county_label,poverty_rate,median_income,income_k,poverty_pct,cluster,cluster_label,est_2017,est_2021,growth_5yr_pct,growth_w
alabama,baldwin,272.0,229.6,42.2,0.2,0.0,0.0,0.0,84.4,54.2,38.2,191.4,80.6,0.0,29.64267112046231,70.35732887953769,0.0,0.0,0.2963235294117647,0.7036764705882353,AL,0.0935,0.06725,0.075875,0.109125,0.0325,0.15425,0.119125,0.171625,1003,Alabama,Baldwin,0.108,65658.0,65.658,10.8,0.0,Low-burden,5384,5992,0.112927191679049,0.112927191679049
alabama,clay,110.0,81.4,28.6,0.0,0.0,0.0,0.0,73.2,55.6,37.4,0.0,110.0,0.0,100.0,0.0,0.0,0.0,1.0,0.0,AL,0.105875,0.0854999999999999,0.1056249999999999,0.1405,0.043625,0.1855,0.16075,0.231375,1027,Alabama,Clay,0.184,47036.0,47.036,18.4,2.0,High-burden,185,190,0.027027027027027,0.027027027027027
alabama,colbert,274.3333333333333,239.0,35.333333333333336,0.0,0.0,0.0,0.0,75.0,52.333333333333336,38.0,201.66666666666663,72.66666666666667,0.0,26.30865112341293,73.69134887658707,0.0,0.0,0.2648845686512758,0.7351154313487241,AL,0.1012499999999999,0.075625,0.0892499999999999,0.126875,0.0384999999999999,0.173625,0.140875,0.203875,1033,Alabama,Colbert,0.165,53341.0,53.341,16.5,2.0,High-burden,1217,1244,0.0221857025472473,0.0221857025472473
alabama,dekalb,359.0,311.4,47.6,0.0,0.0,0.0,0.0,85.8,52.8,37.8,297.8,61.2,0.0,17.060528143065817,82.93947185693419,0.0,0.0,0.1704735376044568,0.8295264623955432,AL,0.1055,0.08625,0.109625,0.1385,0.0422499999999999,0.1915,0.1669999999999999,0.235,1049,Alabama,Dekalb,0.1939999999999999,45062.0,45.062,19.4,2.0,High-burden,1110,1154,0.0396396396396396,0.0396396396396396
alabama,elmore,222.8,213.4,9.4,0.0,0.0,0.0,0.0,72.6,45.8,34.0,222.8,0.0,0.0,0.0,100.0,0.0,0.0,0.0,1.0,AL,0.0993749999999999,0.065625,0.076375,0.1175,0.0335,0.164875,0.12575,0.186625,1051,Alabama,Elmore,0.12,63147.0,63.147,12.0,1.0,Mid-burden,1179,1255,0.0644614079728583,0.0644614079728583
alabama,etowah,305.0,199.8,104.6,0.2,0.4,0.0,0.0,117.0,59.8,43.8,159.8,145.2,0.0,45.509688898188195,54.4903111018118,0.0,0.0,0.4760655737704917,0.5239344262295083,AL,0.103,0.077375,0.0932499999999999,0.132375,0.0389999999999999,0.179625,0.14475,0.212,1055,Alabama,Etowah,0.174,46308.0,46.308,17.4,2.0,High-burden,1978,1925,-0.0267947421638018,-0.0267947421638018
alabama,houston,279.3333333333333,232.33333333333337,46.666666666666664,0.3333333333333333,0.0,0.0,0.0,96.0,54.333333333333336,37.333333333333336,185.66666666666663,93.66666666666669,0.0,33.52259177756692,66.47740822243308,0.0,0.0,0.3353221957040573,0.6646778042959427,AL,0.104,0.0754999999999999,0.0883749999999999,0.135375,0.040125,0.175125,0.1435,0.206875,1069,Alabama,Houston,0.191,48701.0,48.701,19.1,2.0,High-burden,2720,2776,0.0205882352941176,0.0205882352941176
alabama,jefferson,365.2,102.0,257.6,5.0,0.6,0.0,0.0,150.6,75.2,56.0,60.8,303.0,0.8,82.96758739426605,16.648850961898344,0.1643835616438356,0.2191780821917808,0.8296823658269442,0.1664841182913472,AL,0.09975,0.06575,0.0714999999999999,0.13075,0.037375,0.15875,0.123,0.16925,1073,Alabama,Jefferson,0.1689999999999999,55210.0,55.21,16.9,2.0,High-burden,16430,16851,0.0256238587948874,0.0256238587948874
alabama,lawrence,108.4,94.2,14.2,0.0,0.0,0.0,0.0,69.0,51.8,29.2,0.0,108.4,0.0,100.0,0.0,0.0,0.0,1.0,0.0,AL,0.106625,0.0816249999999999,0.1016249999999999,0.136125,0.0423749999999999,0.1856249999999999,0.1565,0.231625,1079,Alabama,Lawrence,0.139,55555.0,55.555,13.900000000000002,1.0,Mid-burden,404,403,-0.0024752475247524,-0.0024752475247524
alabama,madison,356.4,211.8,144.0,0.6,0.0,0.0,0.0,100.4,59.8,46.8,102.2,238.0,16.2,66.09218370713492,29.173855019571715,0.0,4.7339612732933585,0.6677890011223345,0.2867564534231201,AL,0.0953749999999999,0.0602499999999999,0.0638749999999999,0.112,0.03075,0.14975,0.111,0.155,1089,Alabama,Madison,0.102,78386.0,78.386,10.2,0.0,Low-burden,8454,8881,0.0505086349656967,0.0505086349656967
alabama,mobile,356.2,189.6,165.4,1.2,0.0,0.0,0.0,97.4,61.8,48.2,90.2,266.0,0.0,74.71047358803733,25.28952641196267,0.0,0.0,0.746771476698484,0.253228523301516,AL,0.1038749999999999,0.073875,0.0837499999999999,0.1395,0.040625,0.17375,0.141,0.200625,1097,Alabama,Mobile,0.182,49848.0,49.848,18.2,2.0,High-burden,8813,9283,0.0533303075002836,0.0533303075002836
alabama,montgomery,350.0,120.2,228.6,1.0,0.0,0.2,0.0,134.0,67.6,53.8,46.4,303.4,0.2,86.62286289519176,13.322342584260298,0.0,0.0547945205479452,0.8668571428571428,0.1325714285714285,AL,0.106125,0.068875,0.075125,0.151,0.0416249999999999,0.16625,0.1345,0.1845,1101,Alabama,Montgomery,0.217,50645.0,50.645,21.7,2.0,High-burden,5585,5523,-0.011101163831692,-0.011101163831692
alabama,morgan,362.6,244.4,118.2,0.0,0.0,0.0,0.0,89.0,59.0,44.0,116.4,246.2,0.0,67.92076802225365,32.079231977746346,0.0,0.0,0.6789851075565361,0.3210148924434639,AL,0.0998749999999999,0.0737499999999999,0.0872499999999999,0.125125,0.036625,0.171375,0.1377499999999999,0.1994999999999999,1103,Alabama,Morgan,0.135,56340.0,56.34,13.5,2.0,High-burden,2620,2637,0.0064885496183206,0.0064885496183206
alabama,russell,353.4,205.6,147.2,0.6,0.0,0.0,0.0,102.4,63.8,46.6,77.0,276.4,0.0,77.3924806065172,22.607519393482804,0.0,0.0,0.7821165817770231,0.2178834182229768,AL,0.110125,0.0725,0.087125,0.150125,0.0431249999999999,0.18175,0.1485,0.21375,1113,Alabama,Russell,0.217,44849.0,44.849,21.7,2.0,High-burden,790,831,0.0518987341772151,0.0518987341772151
alabama,shelby,241.8,220.8,20.2,0.8,0.0,0.0,0.0,94.4,51.2,37.4,241.8,0.0,0.0,0.0,100.0,0.0,0.0,0.0,1.0,AL,0.090625,0.0572499999999999,0.0601249999999999,0.0977499999999999,0.0275,0.143625,0.10425,0.1405,1117,Alabama,Shelby,0.077,85457.0,85.457,7.7,0.0,Low-burden,5238,5447,0.0399007254677357,0.0399007254677357
alabama,sumter,354.2,303.6,50.6,0.0,0.0,0.0,0.0,74.8,51.8,35.0,139.0,215.2,0.0,60.7714089120967,39.22859108790329,0.0,0.0,0.6075663466967814,0.3924336533032185,AL,0.1195,0.08225,0.0948749999999999,0.18575,0.0556249999999999,0.189625,0.163875,0.216125,1119,Alabama,Sumter,0.351,29490.0,29.49,35.1,2.0,High-burden,197,193,-0.0203045685279187,-0.0203045685279187
alabama,talladega,116.0,65.0,51.0,0.0,0.0,0.0,0.0,73.0,60.0,44.0,0.0,116.0,0.0,100.0,0.0,0.0,0.0,1.0,0.0,AL,0.109125,0.080625,0.098125,0.146,0.0446249999999999,0.185,0.15625,0.227625,1121,Alabama,Talladega,0.191,47331.0,47.331,19.1,2.0,High-burden,1256,1244,-0.0095541401273885,-0.0095541401273885
alabama,tuscaloosa,298.4,205.0,93.0,0.4,0.0,0.0,0.0,102.4,57.8,41.2,150.0,148.4,0.0,47.600144429910614,52.39985557008938,0.0,0.0,0.4973190348525469,0.5026809651474531,AL,0.1017499999999999,0.062,0.073,0.11975,0.03425,0.1714999999999999,0.12625,0.18425,1125,Alabama,Tuscaloosa,0.147,56274.0,56.274,14.7,2.0,High-burden,4111,4166,0.013378739965945,0.013378739965945
alaska,aleutians east,119.6,119.0,0.6,0.0,0.0,0.0,0.0,46.2,27.8,12.6,0.0,119.6,0.0,100.0,0.0,0.0,0.0,1.0,0.0,AK,0.076375,0.063125,0.054625,0.12925,0.034875,0.1157499999999999,0.11575,0.195875,2013,Alaska,Aleutians East,0.184,71492.0,71.492,18.4,1.0,Mid-burden,58,58,0.0,0.0
alaska,anchorage,365.2,284.8,78.0,1.6,0.8,0.0,0.0,115.8,59.6,29.0,0.0,270.6,91.4,74.09701324949472,0.0,0.0,25.027172692566808,0.7409638554216869,0.0,AK,0.092,0.049125,0.050875,0.0822499999999999,0.026125,0.127125,0.098875,0.157875,2020,Alaska,Anchorage,0.095,86152.0,86.152,9.5,0.0,Low-burden,8759,8769,0.0011416828405069,0.0011416828405069
alaska,bethel,228.66666666666663,220.33333333333337,7.666666666666667,0.3333333333333333,0.3333333333333333,0.0,0.0,106.0,31.666666666666668,13.0,0.0,133.0,95.66666666666669,54.18793858078265,0.0,0.0,45.81206141921735,0.5816326530612245,0.0,AK,0.131625,0.0902499999999999,0.11025,0.153,0.0561249999999999,0.20425,0.198375,0.35,2050,Alaska,Bethel,0.246,54849.0,54.849,24.6,1.0,Mid-burden,251,213,-0.1513944223107569,-0.08128849402067426
alaska,denali,361.0,358.2,2.8,0.0,0.0,0.0,0.0,64.0,42.6,34.2,356.0,5.0,0.0,1.3884528089708383,98.61154719102916,0.0,0.0,0.0138504155124653,0.9861495844875346,AK,0.0914999999999999,0.0574999999999999,0.059375,0.0862499999999999,0.0286249999999999,0.130875,0.1078749999999999,0.178875,2068,Alaska,Denali,0.075,85251.0,85.251,7.5,0.0,Low-burden,111,105,-0.054054054054054,-0.054054054054054
alaska,fairbanks north star,365.2,214.8,111.6,22.0,15.8,0.2,0.8,243.4,104.8,41.8,80.6,279.2,1.8,76.45018339696085,22.07081368365896,0.9863013698630136,0.4927015495171794,0.764512595837897,0.2207009857612267,AK,0.0913749999999999,0.0484999999999999,0.052,0.07675,0.025375,0.133875,0.0998749999999999,0.166625,2090,Alaska,Fairbanks North Star,0.079,76754.0,76.754,7.9,0.0,Low-burden,2492,2542,0.0200642054574638,0.0200642054574638
alaska,juneau,357.6,292.8,63.8,1.0,0.0,0.0,0.0,104.6,56.6,23.4,0.0,346.4,11.2,96.8925851036231,0.0,0.0,3.1074148963768904,0.9686800894854584,0.0,AK,0.0915,0.0509999999999999,0.051,0.079,0.026125,0.124625,0.0961249999999999,0.151125,2110,Alaska,Juneau,0.076,89922.0,89.922,7.6,0.0,Low-burden,1159,1109,-0.0431406384814495,-0.0431406384814495
alaska,kenai peninsula,109.6,107.8,1.6,0.2,0.0,0.0,0.0,60.0,20.6,9.6,0.0,109.6,0.0,100.0,0.0,0.0,0.0,1.0,0.0,AK,0.0948749999999999,0.0645,0.0688749999999999,0.0909999999999999,0.032125,0.138875,0.12025,0.193,2122,Alaska,Kenai Peninsula,0.115,71111.0,71.111,11.5,1.0,Mid-burden,2155,2287,0.0612529002320185,0.0612529002320185
alaska,matanuska-susitna,360.8,298.0,59.6,2.6,0.6,0.0,0.0,140.2,58.4,23.6,76.8,244.2,39.8,67.88242437232844,21.04109589041096,0.0,11.076479737260598,0.6768292682926829,0.212860310421286,AK,0.0963749999999999,0.055625,0.06425,0.0832499999999999,0.0288749999999999,0.139625,0.1136249999999999,0.196125,2170,Alaska,Matanuska-Susitna,0.105,80164.0,80.164,10.5,1.0,Mid-burden,2297,2609,0.1358293426208097,0.1358293426208097
alaska,north slope,112.0,110.66666666666669,1.3333333333333333,0.0,0.0,0.0,0.0,58.666666666666664,15.333333333333334,5.666666666666667,0.0,112.0,0.0,100.0,0.0,0.0,0.0,1.0,0.0,AK,0.0985,0.0644999999999999,0.0665,0.109125,0.03575,0.146,0.12675,0.24875,2185,Alaska,North Slope,0.124,95041.0,95.041,12.4,1.0,Mid-burden,163,146,-0.1042944785276073,-0.08128849402067426
arizona,apache,361.0,356.2,4.8,0.0,0.0,0.0,0.0,67.4,27.6,13.4,0.0,59.2,301.8,16.40743405292239,0.0,0.0,83.59256594707762,0.16398891966759,0.0,AZ,0.137625,0.0948749999999999,0.115875,0.1665,0.060125,0.211875,0.202625,0.251125,4001,Arizona,Apache,0.284,41002.0,41.002,28.4,1.0,Mid-burden,458,445,-0.0283842794759825,-0.0283842794759825
arizona,cochise,365.2,259.4,104.6,1.2,0.0,0.0,0.0,102.2,63.8,45.2,298.8,26.0,40.4,7.122688824013773,81.81795044539263,0.0,11.059360730593609,0.0711938663745892,0.8181818181818182,AZ,0.1022499999999999,0.06975,0.0702499999999999,0.112875,0.0345,0.142875,0.132125,0.166375,4003,Arizona,Cochise,0.171,55748.0,55.748,17.1,2.0,High-burden,2178,2112,-0.0303030303030303,-0.0303030303030303
arizona,coconino,365.2,267.2,97.2,0.8,0.0,0.0,0.0,99.4,66.2,45.2,349.8,15.4,0.0,4.216034134291489,95.78396586570852,0.0,0.0,0.0421686746987951,0.9578313253012049,AZ,0.1089999999999999,0.056375,0.064,0.0908749999999999,0.031375,0.162,0.118875,0.165625,4005,Arizona,Coconino,0.1689999999999999,63829.0,63.829,16.9,2.0,High-burden,3746,3836,0.0240256273358248,0.0240256273358248
arizona,gila,365.2,234.4,117.0,12.4,1.4,0.0,0.0,166.4,80.4,45.8,334.8,2.2,28.2,0.6025900142226215,91.67542480724606,0.0,7.721985178531328,0.0060240963855421,0.9167579408543264,AZ,0.109625,0.084125,0.0914999999999999,0.1245,0.0427499999999999,0.161625,0.153875,0.203625,4007,Arizona,Gila,0.168,52665.0,52.665,16.8,2.0,High-burden,1019,1039,0.0196270853778213,0.0196270853778213
arizona,la paz,363.4,275.8,86.0,1.4,0.2,0.0,0.0,119.8,64.4,44.4,340.4,18.4,4.0,5.075371712825513,93.65903984886468,0.0,1.0993834521602217,0.050632911392405,0.9367088607594936,AZ,0.106625,0.1011249999999999,0.1009999999999999,0.14525,0.0501249999999999,0.15625,0.1659999999999999,0.187625,4012,Arizona,La Paz,0.203,44330.0,44.33,20.3,2.0,High-burden,337,329,-0.0237388724035608,-0.0237388724035608
arizona,maricopa,365.2,32.0,216.6,59.2,27.2,30.2,0.0,234.6,150.6,88.6,229.2,69.2,63.0,18.94947226588817,62.753948648850965,1.0410958904109588,17.255483194849912,0.1894852135815991,0.6276013143483022,AZ,0.0988749999999999,0.057,0.058875,0.0987499999999999,0.028625,0.143875,0.114,0.1445,4013,Arizona,Maricopa,0.113,76230.0,76.23,11.3,0.0,Low-burden,94566,104022,0.0999936552249222,0.0999936552249222
arizona,mohave,360.8,352.8,7.4,0.4,0.2,0.0,0.0,106.4,33.0,17.4,0.0,42.6,318.2,11.826130049828908,0.0,0.0,88.1738699501711,0.1180709534368071,0.0,AZ,0.10525,0.0833749999999999,0.092375,0.12325,0.040875,0.15775,0.15,0.204875,4015,Arizona,Mohave,0.18,48169.0,48.169,18.0,1.0,Mid-burden,3784,4108,0.0856236786469344,0.0856236786469344
arizona,navajo,364.8,287.6,75.8,1.4,0.0,0.0,0.0,113.0,62.2,43.8,351.0,2.8,11.0,0.7674301350066411,96.21720708297684,0.0,3.015362782016519,0.0076754385964912,0.9621710526315788,AZ,0.12675,0.0863749999999999,0.1025,0.142125,0.048625,0.182875,0.173875,0.218125,4017,Arizona,Navajo,0.248,49057.0,49.057,24.8,2.0,High-burden,1770,1791,0.011864406779661,0.011864406779661
arizona,pima,365.2,141.8,214.0,9.0,0.0,0.2,0.2,188.8,79.4,53.2,193.0,90.2,82.0,24.69750729845048,52.851411033760016,0.0,22.451081667789506,0.2469879518072289,0.5284775465498357,AZ,0.102375,0.0618749999999999,0.0615,0.099,0.030875,0.148,0.12225,0.150125,4019,Arizona,Pima,0.147,60604.0,60.604,14.7,2.0,High-burden,20300,20694,0.0194088669950738,0.0194088669950738
arizona,pinal,365.2,77.6,229.8,47.4,5.4,1.4,3.6,746.0,110.4,69.6,127.4,57.8,180.0,15.826633730069616,34.88569503705367,0.0,49.28767123287671,0.1582694414019715,0.3488499452354874,AZ,0.1035,0.0656249999999999,0.0708749999999999,0.116125,0.033375,0.146875,0.132375,0.177,4021,Arizona,Pinal,0.107,70835.0,70.835,10.7,0.0,Low-burden,3713,4232,0.1397791543226501,0.1397791543226501
arizona,santa cruz,362.4,223.0,136.4,2.0,1.0,0.0,0.0,170.6,67.4,42.8,0.0,306.0,56.4,84.43738910332416,0.0,0.0,15.562610896675832,0.8443708609271524,0.0,AZ,0.0954999999999999,0.0706249999999999,0.0633749999999999,0.14675,0.036,0.14725,0.148625,0.146125,4023,Arizona,Santa Cruz,0.204,49216.0,49.216,20.4,2.0,High-burden,1153,1089,-0.0555073720728534,-0.0555073720728534
arizona,yavapai,344.8,277.0,66.4,1.4,0.0,0.0,0.0,98.0,60.0,44.4,341.0,3.8,0.0,1.099957791335712,98.90004220866427,0.0,0.0,0.0110208816705336,0.9889791183294664,AZ,0.105375,0.0735,0.080125,0.098875,0.035625,0.14375,0.128125,0.163,4025,Arizona,Yavapai,0.125,57676.0,57.676,12.5,2.0,High-burden,5985,6292,0.0512949039264828,0.0512949039264828
arizona,yuma,365.2,204.2,152.6,7.4,0.6,0.2,0.2,204.4,72.2,48.8,181.6,137.8,45.8,37.73066846320832,49.72737480350325,0.0,12.54195673328842,0.3773274917853231,0.4972617743702081,AZ,0.098375,0.0709999999999999,0.07,0.133125,0.036375,0.150125,0.143125,0.15425,4027,Arizona,Yuma,0.173,55991.0,55.991,17.3,2.0,High-burden,3037,3244,0.0681593677971682,0.0681593677971682
arkansas,arkansas,117.6,80.4,37.2,0.0,0.0,0.0,0.0,79.6,57.4,39.6,0.0,117.6,0.0,100.0,0.0,0.0,0.0,1.0,0.0,AR,0.1045,0.081625,0.0933749999999999,0.131875,0.0421249999999999,0.176,0.15825,0.225,5001,Arkansas,Arkansas,0.177,50928.0,50.928,17.7,2.0,High-burden,502,494,-0.0159362549800796,-0.0159362549800796
arkansas,ashley,120.8,79.6,41.0,0.2,0.0,0.0,0.0,80.0,57.6,41.0,0.0,120.8,0.0,100.0,0.0,0.0,0.0,1.0,0.0,AR,0.106125,0.0884999999999999,0.103,0.1468749999999999,0.04575,0.183625,0.1714999999999999,0.2446249999999999,5003,Arkansas,Ashley,0.213,44030.0,44.03,21.3,2.0,High-burden,373,344,-0.0777479892761394,-0.0777479892761394
arkansas,benton,146.0,79.0,67.0,0.0,0.0,0.0,0.0,85.0,61.0,47.0,0.0,146.0,0.0,100.0,0.0,0.0,0.0,1.0,0.0,AR,0.0885,0.0618749999999999,0.0646249999999999,0.096125,0.0275,0.1495,0.120375,0.16725,5007,Arkansas,Benton,0.079,78974.0,78.974,7.9,0.0,Low-burden,6408,7298,0.1388888888888889,0.1388888888888889
arkansas,clark,350.8,340.6,10.2,0.0,0.0,0.0,0.0,77.0,44.4,31.6,350.8,0.0,0.0,0.0,100.0,0.0,0.0,0.0,1.0,AR,0.103875,0.06975,0.078375,0.1185,0.035875,0.176,0.138875,0.19425,5019,Arkansas,Clark,0.2,47158.0,47.158,20.0,2.0,High-burden,511,531,0.0391389432485322,0.0391389432485322
arkansas,craighead,69.5,44.5,25.0,0.0,0.0,0.0,0.0,70.0,59.5,43.5,0.0,69.5,0.0,100.0,0.0,0.0,0.0,1.0,0.0,AR,0.0992499999999999,0.0679999999999999,0.078125,0.109,0.032875,0.173125,0.138,0.2085,5031,Arkansas,Craighead,0.182,52490.0,52.49,18.2,2.0,High-burden,2528,2651,0.0486550632911392,0.0486550632911392
arkansas,crittenden,365.2,216.6,146.2,2.4,0.0,0.0,0.0,118.6,61.2,46.4,99.0,264.0,0.0,72.28999176585073,27.10771764353619,0.6022905906130698,0.0,0.7228915662650602,0.2710843373493976,AR,0.11325,0.077,0.0899999999999999,0.1475,0.045,0.184125,0.1625,0.233625,5035,Arkansas,Crittenden,0.23,43821.0,43.821,23.0,2.0,High-burden,840,834,-0.0071428571428571,-0.0071428571428571
arkansas,garland,120.8,72.4,48.4,0.0,0.0,0.0,0.0,80.8,59.0,44.4,0.0,120.8,0.0,100.0,0.0,0.0,0.0,1.0,0.0,AR,0.0969999999999999,0.0815,0.08925,0.120875,0.038125,0.16725,0.14975,0.204,5051,Arkansas,Garland,0.145,48053.0,48.053,14.499999999999998,2.0,High-burden,2765,2858,0.033634719710669,0.033634719710669
arkansas,jackson,120.6,81.4,39.2,0.0,0.0,0.0,0.0,77.4,58.6,39.8,0.0,120.6,0.0,100.0,0.0,0.0,0.0,1.0,0.0,AR,0.108125,0.08775,0.107125,0.13775,0.044,0.193,0.1745,0.2615,5067,Arkansas,Jackson,0.225,37815.0,37.815,22.5,2.0,High-burden,313,307,-0.0191693290734824,-0.0191693290734824
arkansas,newton,364.6,340.0,24.6,0.0,0.0,0.0,0.0,79.0,48.2,36.4,336.4,28.2,0.0,7.7341562547042,92.2658437452958,0.0,0.0,0.0773450356555128,0.922654964344487,AR,0.0977499999999999,0.088375,0.0982499999999999,0.122375,0.03975,0.16875,0.154,0.2163749999999999,5101,Arkansas,Newton,0.191,41823.0,41.823,19.1,2.0,High-burden,83,87,0.0481927710843373,0.0481927710843373
arkansas,polk,361.0,300.8,60.0,0.2,0.0,0.0,0.0,97.2,55.4,39.6,291.2,69.8,0.0,19.329791974490735,80.67020802550925,0.0,0.0,0.1933518005540166,0.8066481994459833,AR,0.1021249999999999,0.0934999999999999,0.107625,0.13275,0.043,0.18225,0.170875,0.236125,5113,Arkansas,Polk,0.193,43166.0,43.166,19.3,2.0,High-burden,447,418,-0.0648769574944071,-0.0648769574944071
arkansas,pulaski,365.2,154.0,209.8,1.4,0.0,0.0,0.0,112.4,66.2,52.2,71.8,291.6,0.0,79.84624597649524,19.661052473987574,0.4927015495171794,0.0,0.7984665936473166,0.196604600219058,AR,0.1011249999999999,0.0661249999999999,0.0711249999999999,0.11775,0.035375,0.15775,0.130625,0.1866249999999999,5119,Arkansas,Pulaski,0.176,53597.0,53.597,17.6,2.0,High-burden,12245,12300,0.004491629236423,0.004491629236423
arkansas,union,241.6,125.6,115.4,0.6,0.0,0.0,0.0,95.4,60.2,48.0,0.0,241.6,0.0,100.0,0.0,0.0,0.0,1.0,0.0,AR,0.1035,0.07775,0.0863749999999999,0.13275,0.0414999999999999,0.173625,0.1525,0.2113749999999999,5139,Arkansas,Union,0.178,47315.0,47.315,17.8,2.0,High-burden,1087,1036,-0.0469181232750689,-0.0469181232750689
arkansas,washington,365.2,204.0,160.8,0.4,0.0,0.0,0.0,107.2,62.8,47.8,109.6,255.6,0.0,69.99191556254212,30.008084437457892,0.0,0.0,0.6998904709748083,0.3001095290251916,AR,0.097125,0.065875,0.0706249999999999,0.1027499999999999,0.029625,0.16475,0.1295,0.188,5143,Arkansas,Washington,0.124,64218.0,64.218,12.4,2.0,High-burden,5442,5919,0.087651598676957,0.087651598676957
california,alameda,365.2,138.0,213.4,7.8,5.0,1.0,0.0,199.4,75.2,53.6,70.6,289.2,0.0,79.19200538962498,19.329440826409165,1.4785537839658656,0.0,0.791894852135816,0.1933187294633077,CA,0.0841249999999999,0.04425,0.0407499999999999,0.09375,0.024625,0.120375,0.0935,0.1012499999999999,6001,California,Alameda,0.094,108971.0,108.971,9.4,0.0,Low-burden,40095,41470,0.0342935528120713,0.0342935528120713
california,amador,361.0,304.2,53.0,3.6,0.2,0.0,0.0,133.8,60.6,38.2,361.0,0.0,0.0,0.0,100.0,0.0,0.0,0.0,1.0,CA,0.0942499999999999,0.0675,0.0695,0.10325,0.033375,0.1397499999999999,0.123125,0.14,6005,California,Amador,0.111,68159.0,68.159,11.1,0.0,Low-burden,842,818,-0.0285035629453681,-0.0285035629453681
california,butte,365.2,135.4,202.0,16.8,7.8,1.8,1.4,356.4,94.0,55.2,151.0,212.2,2.0,58.1064450931956,41.346058836739275,0.0,0.5474960700651247,0.58105147864184,0.4134720700985761,CA,0.102,0.062125,0.06925,0.1,0.032,0.1585,0.126875,0.146625,6007,California,Butte,0.166,62982.0,62.982,16.6,2.0,High-burden,4724,4615,-0.0230736663844199,-0.0230736663844199
california,calaveras,361.2,176.8,171.0,8.6,4.6,0.2,0.0,165.6,78.0,50.4,192.8,167.0,1.4,46.157550547381064,53.45567144719687,0.0,0.3867780054220733,0.4623477297895902,0.5337763012181618,CA,0.09925,0.070375,0.07475,0.106875,0.035,0.146125,0.129,0.143125,6009,California,Calaveras,0.135,68298.0,68.298,13.5,2.0,High-burden,924,948,0.0259740259740259,0.0259740259740259
california,colusa,365.2,206.4,142.0,7.0,9.0,0.8,0.0,208.6,75.0,45.4,133.2,208.6,23.4,57.12223968859944,36.47099333782469,0.0,6.406766973575867,0.5711938663745892,0.3647316538882804,CA,0.0969999999999999,0.0627499999999999,0.0642499999999999,0.12,0.0325,0.151125,0.1375,0.143,6011,California,Colusa,0.114,60725.0,60.725,11.4,2.0,High-burden,372,394,0.0591397849462365,0.0591397849462365
california,contra costa,365.2,173.4,180.4,6.2,4.4,0.8,0.0,189.0,71.6,49.6,103.4,260.6,0.2,71.3587843401452,28.312747960176655,0.2736731791301744,0.0547945205479452,0.7135815991237678,0.2831325301204819,CA,0.088875,0.0486249999999999,0.0465,0.0957499999999999,0.026,0.123875,0.1005,0.1014999999999999,6013,California,Contra Costa,0.088,110595.0,110.595,8.8,0.0,Low-burden,23951,25202,0.0522316395975115,0.0522316395975115
california,del norte,268.2,207.4,58.6,0.8,0.8,0.6,0.0,144.4,56.4,31.8,0.0,268.2,0.0,100.0,0.0,0.0,0.0,1.0,0.0,CA,0.103875,0.0717499999999999,0.0824999999999999,0.1169999999999999,0.037625,0.16275,0.146875,0.1781249999999999,6015,California,Del Norte,0.214,48108.0,48.108,21.4,2.0,High-burden,411,410,-0.0024330900243309,-0.0024330900243309
california,el dorado,364.6,246.4,94.4,19.4,3.8,0.4,0.2,207.4,91.6,43.8,344.4,8.2,12.0,2.247807776659764,94.45285422247257,0.0,3.2993380008676665,0.022490400438837,0.9445968184311572,CA,0.09375,0.0574999999999999,0.0582499999999999,0.08975,0.028375,0.132625,0.107125,0.11925,6017,California,El Dorado,0.088,87689.0,87.689,8.8,0.0,Low-burden,4516,4824,0.0682019486271036,0.0682019486271036
california,fresno,365.2,77.4,194.8,71.6,19.0,2.2,0.2,240.6,134.4,71.4,189.2,164.4,11.0,45.010554682236695,51.81330937944457,0.1643835616438356,3.0117523766749006,0.4501642935377875,0.5180722891566265,CA,0.099,0.061125,0.0623749999999999,0.12525,0.03275,0.152,0.136875,0.144875,6019,California,Fresno,0.1939999999999999,63140.0,63.14,19.4,2.0,High-burden,16881,18199,0.0780759433682838,0.0780759433682838
california,glenn,363.8,238.2,112.2,6.4,6.2,0.8,0.0,180.8,68.2,43.0,168.0,172.6,23.2,47.427968035441396,46.19472550915414,0.0,6.377306455404472,0.4744365035733919,0.4617921935129191,CA,0.1003749999999999,0.0665,0.073,0.116875,0.034625,0.1585,0.1425,0.157125,6021,California,Glenn,0.155,56741.0,56.741,15.5,2.0,High-burden,452,487,0.077433628318584,0.077433628318584
california,humboldt,364.8,318.0,43.4,2.6,0.8,0.0,0.0,117.8,52.8,31.6,231.6,93.6,35.8,25.652991544994897,63.49474987920979,0.219479980376618,9.810256990829842,0.256578947368421,0.6348684210526315,CA,0.106,0.0644999999999999,0.0733749999999999,0.1012499999999999,0.033375,0.16225,0.132,0.155,6023,California,Humboldt,0.1939999999999999,53924.0,53.924,19.4,2.0,High-burden,3209,3181,-0.0087254596447491,-0.0087254596447491
california,imperial,365.2,82.4,248.8,29.0,3.4,1.0,0.6,280.2,99.8,61.8,142.8,145.4,75.6,39.8137585148589,39.10038176510218,0.3834119320308406,20.702447788008083,0.3981380065717415,0.3910186199342826,CA,0.0953749999999999,0.0642499999999999,0.0588749999999999,0.14575,0.034125,0.152625,0.150625,0.141375,6025,California,Imperial,0.173,50970.0,50.97,17.3,2.0,High-burden,2538,2584,0.0181245074862096,0.0181245074862096
california,inyo,365.2,174.2,156.8,19.0,8.0,2.8,4.4,957.6,103.4,52.6,246.0,87.6,31.6,23.980836888988694,67.36462310053147,0.0,8.654540010479826,0.2398685651697699,0.6736035049288062,CA,0.0965,0.0646249999999999,0.0653749999999999,0.103625,0.032625,0.1405,0.1215,0.135375,6027,California,Inyo,0.128,62381.0,62.381,12.8,2.0,High-burden,501,491,-0.0199600798403193,-0.0199600798403193
california,kern,365.2,57.2,183.6,100.0,22.8,1.2,0.4,304.2,138.2,81.0,205.0,144.0,16.0,39.42720263492777,56.136836589565085,0.0547945205479452,4.381166254959203,0.3943044906900328,0.5613362541073385,CA,0.09975,0.062,0.0675,0.1255,0.033625,0.16,0.147,0.157625,6029,California,Kern,0.185,57926.0,57.926,18.5,2.0,High-burden,12924,13731,0.0624419684308263,0.0624419684308263
california,kings,365.2,86.6,220.4,46.0,11.0,0.4,0.8,424.6,115.4,66.8,149.8,160.4,55.0,43.91541283030167,41.02342989744741,0.0,15.061157272250918,0.4392113910186199,0.4101861993428259,CA,0.0968749999999999,0.059375,0.06175,0.121125,0.031875,0.15625,0.136875,0.15375,6031,California,Kings,0.177,60810.0,60.81,17.7,2.0,High-burden,1643,1725,0.049908703590992,0.049908703590992
california,lake,357.2,348.6,6.6,0.6,1.2,0.2,0.0,160.4,43.2,32.8,339.8,15.8,1.6,4.437359788613928,95.1134715545969,0.0,0.4491686567891685,0.0442329227323628,0.9512877939529676,CA,0.1047499999999999,0.074875,0.0831249999999999,0.1185,0.0383749999999999,0.16025,0.147,0.1655,6033,California,Lake,0.165,55801.0,55.801,16.5,1.0,Mid-burden,1118,1092,-0.0232558139534883,-0.0232558139534883
california,los angeles,365.2,18.8,237.0,73.2,30.6,5.6,0.0,231.4,146.2,78.6,160.6,184.4,2.6,50.49434837936971,43.97305187514036,4.8205704019761955,0.712029343513736,0.5049288061336255,0.4397590361445783,CA,0.0857499999999999,0.0511249999999999,0.0497499999999999,0.1139999999999999,0.02875,0.137,0.116625,0.1124999999999999,6037,California,Los Angeles,0.141,77356.0,77.356,14.099999999999998,0.0,Low-burden,275316,297305,0.0798682241497043,0.0798682241497043
california,madera,365.2,128.6,199.8,29.4,6.6,0.8,0.0,188.8,100.4,58.8,199.8,141.4,23.8,38.713676173366274,54.71382588517105,0.0547945205479452,6.517703420914738,0.3871851040525739,0.5470974808324206,CA,0.1021249999999999,0.065125,0.0698749999999999,0.1265,0.03475,0.16025,0.1475,0.153875,6039,California,Madera,0.204,60241.0,60.241,20.4,2.0,High-burden,1961,2162,0.1024987251402345,0.1024987251402345
california,marin,364.8,257.8,100.8,2.6,3.2,0.4,0.0,171.8,60.4,39.6,123.8,233.6,0.0,64.02954395433419,33.941237497981675,2.029218547684138,0.0,0.6403508771929824,0.3393640350877193,CA,0.0881249999999999,0.0513749999999999,0.0472499999999999,0.0823749999999999,0.025125,0.1139999999999999,0.0926249999999999,0.09,6041,California,Marin,0.078,118472.0,118.472,7.8,0.0,Low-burden,10070,10004,-0.0065541211519364,-0.0065541211519364
california,mariposa,365.2,176.4,154.0,20.4,8.8,4.2,1.4,392.2,100.2,51.0,251.2,112.6,1.4,30.836739276891983,68.78074706190583,0.0,0.3825136612021858,0.3083242059145673,0.687842278203724,CA,0.09925,0.0725,0.07525,0.10825,0.035875,0.14525,0.13,0.14125,6043,California,Mariposa,0.141,60377.0,60.377,14.099999999999998,2.0,High-burden,324,320,-0.0123456790123456,-0.0123456790123456
california,mendocino,364.2,236.6,115.6,7.2,3.6,0.4,0.8,312.0,68.2,42.6,106.2,255.4,2.6,70.0981472237888,29.185422907786933,0.0,0.7164298684242597,0.7012630422844591,0.2915980230642504,CA,0.1006249999999999,0.0691249999999999,0.075125,0.11225,0.0355,0.151125,0.1365,0.1503749999999999,6045,California,Mendocino,0.161,57516.0,57.516,16.1,2.0,High-burden,2468,2437,-0.0125607779578606,-0.0125607779578606
california,merced,365.0,139.8,195.8,23.6,5.8,0.0,0.0,163.6,95.4,55.2,177.6,185.2,2.0,50.738084955691065,48.65902396129209,0.0547945205479452,0.5480965624688958,0.5073972602739726,0.4865753424657534,CA,0.099875,0.062125,0.0651249999999999,0.12875,0.0335,0.159375,0.145625,0.1515,6047,California,Merced,0.2189999999999999,54703.0,54.703,21.9,2.0,High-burden,3110,3340,0.0739549839228295,0.0739549839228295
california,mono,365.0,247.4,85.4,10.0,7.2,3.6,11.4,2820.4,107.8,31.4,0.0,233.6,131.4,63.986724182322654,0.0,0.0,36.013275817677346,0.64,0.0,CA,0.0927499999999999,0.0565,0.0584999999999999,0.0923749999999999,0.027875,0.139625,0.1128749999999999,0.129375,6051,California,Mono,0.098,70945.0,70.945,9.8,1.0,Mid-burden,603,662,0.0978441127694859,0.0978441127694859
california,monterey,365.2,269.2,91.2,2.2,2.0,0.6,0.0,155.4,58.0,40.4,179.4,166.2,19.2,45.508645856725806,49.125084212890194,0.0,5.256680889288121,0.4550930996714129,0.4912376779846659,CA,0.0927499999999999,0.0573749999999999,0.0577499999999999,0.1135,0.03025,0.14225,0.12725,0.125625,6053,California,Monterey,0.121,81404.0,81.404,12.1,0.0,Low-burden,8754,8951,0.0225039981722641,0.0225039981722641
california,napa,319.4,201.8,109.0,4.0,4.0,0.6,0.0,177.8,62.4,43.2,116.8,200.4,0.2,60.71290477890727,38.595237473195134,0.1097395754930001,0.0549450549450549,0.6274264245460238,0.3656856606136506,CA,0.0896249999999999,0.054,0.052375,0.0956249999999999,0.0275,0.128,0.1065,0.11025,6055,California,Napa,0.09,94127.0,94.127,9.0,0.0,Low-burden,4270,4404,0.0313817330210772,0.0313817330210772
california,nevada,364.0,216.4,107.8,27.0,10.0,2.4,0.4,225.6,99.4,47.0,261.4,102.6,0.0,28.15042896205624,71.84957103794376,0.0,0.0,0.2818681318681318,0.718131868131868,CA,0.0951249999999999,0.06375,0.06425,0.0928749999999999,0.030875,0.13575,0.1131249999999999,0.120875,6057,California,Nevada,0.118,77220.0,77.22,11.8,0.0,Low-burden,3077,3230,0.0497237569060773,0.0497237569060773
california,orange,365.2,116.8,223.4,21.2,3.4,0.4,0.0,169.8,93.0,55.4,143.4,208.6,3.6,57.119694587918254,39.264765326746016,2.6295381390822667,0.986001946253462,0.5711938663745892,0.3926615553121577,CA,0.0832499999999999,0.049,0.046875,0.0993749999999999,0.025625,0.123375,0.10375,0.1031249999999999,6059,California,Orange,0.099,100210.0,100.21,9.9,0.0,Low-burden,96901,103811,0.0713098936027492,0.0713098936027492
california,placer,365.2,176.4,162.4,16.4,6.6,2.8,0.6,295.8,92.2,51.2,203.8,154.8,3.2,42.38445991466427,55.808518601691745,0.9315068493150684,0.8755146343289167,0.4238773274917853,0.5580503833515882,CA,0.0911249999999999,0.05175,0.051,0.0834999999999999,0.026125,0.127125,0.1003749999999999,0.105875,6061,California,Placer,0.066,103588.0,103.588,6.6000000000000005,0.0,Low-burden,10816,11689,0.0807137573964497,0.0807137573964497
california,plumas,353.4,164.4,154.2,16.6,10.2,5.2,2.8,379.6,112.4,50.2,0.0,353.4,0.0,100.0,0.0,0.0,0.0,1.0,0.0,CA,0.099,0.0691249999999999,0.07225,0.102875,0.03425,0.143375,0.123875,0.137,6063,California,Plumas,0.13,58154.0,58.154,13.0,2.0,High-burden,590,615,0.0423728813559322,0.0423728813559322
california,riverside,365.2,34.4,192.4,96.0,36.8,4.6,1.0,350.6,155.6,85.4,208.8,118.0,38.0,32.31020285949547,57.173890261247095,0.1095890410958904,10.406317838161538,0.3231106243154436,0.5717415115005476,CA,0.091125,0.0555,0.056125,0.1125,0.029875,0.143375,0.1225,0.12775,6065,California,Riverside,0.1159999999999999,78690.0,78.69,11.6,0.0,Low-burden,38946,43307,0.1119755558979099,0.1119755558979099
california,sacramento,365.2,135.0,199.8,22.4,5.6,1.8,0.6,257.4,96.8,56.0,165.2,194.0,5.6,53.12208997679467,45.23542181300996,0.1095890410958904,1.5328991690994835,0.5312157721796276,0.452354874041621,CA,0.1003749999999999,0.0533749999999999,0.0565,0.104625,0.02975,0.142125,0.114625,0.1315,6067,California,Sacramento,0.13,79611.0,79.611,13.0,0.0,Low-burden,29515,32196,0.0908351685583601,0.0908351685583601
california,san benito,365.2,287.6,71.6,4.2,1.8,0.0,0.0,124.8,60.4,40.8,285.2,75.2,4.8,20.585223444868628,78.10090575641888,0.0,1.3138707987124785,0.2059145673603505,0.7809419496166484,CA,0.0905,0.0521249999999999,0.0506249999999999,0.10675,0.027,0.137,0.11725,0.11925,6069,California,San Benito,0.089,95187.0,95.187,8.9,0.0,Low-burden,986,1047,0.061866125760649,0.061866125760649
california,san bernardino,365.2,20.4,196.2,77.8,57.2,13.4,0.2,277.8,175.6,86.8,204.8,144.4,10.0,39.54248072460514,56.07680215584999,1.6429373456097012,2.737779773935175,0.3953997809419496,0.5607886089813802,CA,0.095375,0.055375,0.0559999999999999,0.12125,0.029875,0.14625,0.130375,0.135625,6071,California,San Bernardino,0.132,74218.0,74.218,13.2,0.0,Low-burden,35635,39817,0.1173565314999298,0.1173565314999298
california,san diego,365.2,38.4,289.4,33.0,4.4,0.0,0.0,162.2,100.6,68.4,152.2,211.0,1.8,57.768844973426155,41.68365895650872,0.0547945205479452,0.4927015495171794,0.5777656078860899,0.4167579408543264,CA,0.08675,0.0494999999999999,0.048875,0.0951249999999999,0.02625,0.133,0.10625,0.113625,6073,California,San Diego,0.107,90756.0,90.756,10.7,0.0,Low-burden,85077,90254,0.0608507587244496,0.0608507587244496
california,san francisco,365.2,233.2,126.0,2.6,2.8,0.6,0.0,161.0,63.6,41.6,117.6,231.4,0.2,63.36088030541208,32.20151208922823,4.328018564263792,0.0547945205479452,0.6336254107338445,0.3220153340635268,CA,0.079375,0.043375,0.037625,0.0903749999999999,0.022625,0.113875,0.0844999999999999,0.0976249999999999,6075,California,San Francisco,0.114,119776.0,119.776,11.4,0.0,Low-burden,34518,34098,-0.0121675647488266,-0.0121675647488266
california,san joaquin,365.2,147.2,193.0,19.0,4.6,1.2,0.2,213.8,92.4,54.0,136.4,216.2,12.0,59.199490979863754,37.35055019088255,0.1643835616438356,3.2855752676098513,0.5920043811610076,0.3734939759036145,CA,0.0962499999999999,0.0572499999999999,0.0584999999999999,0.116375,0.031125,0.144625,0.125875,0.139125,6077,California,San Joaquin,0.123,79598.0,79.598,12.3,0.0,Low-burden,11512,12703,0.1034572619874913,0.1034572619874913
california,san luis obispo,365.2,153.0,200.4,9.8,1.4,0.2,0.4,168.2,80.0,53.2,187.6,162.4,15.2,44.46605284826709,51.37046186091773,0.0,4.1634852908151805,0.4446878422782037,0.5136911281489595,CA,0.0944999999999999,0.0554999999999999,0.0568749999999999,0.091625,0.028,0.138625,0.1083749999999999,0.1164999999999999,6079,California,San Luis Obispo,0.131,79688.0,79.688,13.1,0.0,Low-burden,8402,8727,0.0386812663651511,0.0386812663651511
california,san mateo,365.2,259.4,99.4,2.8,3.6,0.0,0.0,152.6,60.0,39.2,136.6,217.8,0.0,59.638445991466426,37.404296728797064,2.957257279736507,0.0,0.5963855421686748,0.3740416210295728,CA,0.0795,0.0442499999999999,0.0389999999999999,0.091,0.02275,0.110375,0.0871249999999999,0.0902499999999999,6081,California,San Mateo,0.068,131151.0,131.151,6.800000000000001,0.0,Low-burden,21366,21407,0.0019189366282879,0.0019189366282879
california,santa barbara,365.2,207.0,151.4,3.8,2.4,0.4,0.2,161.4,66.4,47.8,180.0,178.8,6.4,48.95531102627442,49.29171345160566,0.0,1.7529755221199188,0.4895947426067908,0.4928806133625411,CA,0.0938749999999999,0.0545,0.0544999999999999,0.10025,0.028,0.140375,0.115125,0.117875,6083,California,Santa Barbara,0.152,83185.0,83.185,15.2,0.0,Low-burden,11761,12119,0.0304395884703681,0.0304395884703681
california,santa clara,365.2,170.8,182.4,7.4,4.2,0.4,0.0,175.4,73.6,51.6,111.4,251.4,0.2,68.83838610674452,30.504528782094468,0.6022905906130698,0.0547945205479452,0.6883899233296824,0.3050383351588171,CA,0.07625,0.0413749999999999,0.036125,0.09125,0.021875,0.107375,0.084625,0.0854999999999999,6085,California,Santa Clara,0.069,141161.0,141.161,6.9,0.0,Low-burden,48711,48749,0.0007801112685019,0.0007801112685019
california,santa cruz,365.2,278.4,80.0,3.0,3.0,0.2,0.6,217.0,58.6,39.0,160.6,204.6,0.0,56.02066022905906,43.97933977094094,0.0,0.0,0.5602409638554217,0.4397590361445783,CA,0.09375,0.0524999999999999,0.054375,0.09225,0.02675,0.1367499999999999,0.109125,0.113125,6087,California,Santa Cruz,0.106,90370.0,90.37,10.6,0.0,Low-burden,7061,7078,0.0024075909927772,0.0024075909927772
california,shasta,365.0,269.2,80.8,9.6,4.2,1.2,0.0,175.2,76.4,43.2,326.8,37.6,0.6,10.297188626180318,89.53812674338162,0.0,0.1646846304380551,0.1030136986301369,0.8953424657534247,CA,0.102,0.065625,0.074,0.100875,0.03375,0.1553749999999999,0.1305,0.1543749999999999,6089,California,Shasta,0.14,60187.0,60.187,14.000000000000002,2.0,High-burden,4195,4516,0.0765196662693682,0.0765196662693682
california,siskiyou,337.0,251.2,65.4,7.6,10.8,1.6,0.4,245.6,76.4,38.0,195.0,142.0,0.0,42.01134146438435,57.98865853561564,0.0,0.0,0.4213649851632047,0.5786350148367952,CA,0.10375,0.074625,0.0817499999999999,0.11425,0.037875,0.155,0.1397499999999999,0.1565,6093,California,Siskiyou,0.168,50069.0,50.069,16.8,2.0,High-burden,1077,1053,-0.022284122562674,-0.022284122562674
california,solano,365.2,196.2,160.0,4.2,4.4,0.4,0.0,185.8,69.8,48.4,133.4,230.8,0.2,63.19694587918258,36.52923122988248,0.2191780821917808,0.0546448087431694,0.6319824753559694,0.3652792990142388,CA,0.094375,0.05175,0.0516249999999999,0.105625,0.029125,0.13475,0.109875,0.12175,6095,California,Solano,0.1,87348.0,87.348,10.0,0.0,Low-burden,7079,7428,0.0493007486933182,0.0493007486933182
california,sonoma,365.2,292.4,67.8,1.2,3.4,0.4,0.0,158.8,56.6,37.8,188.4,171.6,4.4,46.98495396362003,51.5915861965716,0.219028370387005,1.204431469421364,0.4698795180722891,0.515881708652793,CA,0.0944999999999999,0.0543749999999999,0.056,0.09125,0.028,0.132625,0.1095,0.1157499999999999,6097,California,Sonoma,0.091,92999.0,92.999,9.1,0.0,Low-burden,14174,14399,0.0158741357414985,0.0158741357414985
california,stanislaus,365.2,123.8,198.0,34.4,8.2,0.8,0.0,198.8,103.8,58.6,174.6,182.0,8.0,49.83576615016094,47.81031514334905,0.1642338498390598,2.189684856650947,0.4983570646221248,0.4780941949616648,CA,0.099,0.059375,0.0635,0.11375,0.03125,0.1528749999999999,0.1325,0.1463749999999999,6099,California,Stanislaus,0.141,73151.0,73.151,14.099999999999998,0.0,Low-burden,9096,9611,0.0566182937554969,0.0566182937554969
california,sutter,365.0,137.2,208.0,13.0,4.8,1.6,0.4,238.2,87.0,54.8,134.0,228.0,3.0,62.472860622422715,36.705669882180096,0.0,0.8214694953971845,0.6246575342465753,0.3671232876712328,CA,0.0963749999999999,0.061,0.0651249999999999,0.114375,0.032125,0.150125,0.130125,0.1468749999999999,6101,California,Sutter,0.155,63246.0,63.246,15.5,2.0,High-burden,1780,2045,0.148876404494382,0.148876404494382
california,tehama,365.2,226.2,117.6,11.0,9.8,0.6,0.0,176.4,86.2,45.2,254.0,111.2,0.0,30.442997230331617,69.55700276966839,0.0,0.0,0.3044906900328587,0.6955093099671413,CA,0.10475,0.073,0.083125,0.118125,0.037625,0.162625,0.147125,0.16475,6103,California,Tehama,0.156,53654.0,53.654,15.6,2.0,High-burden,976,1009,0.033811475409836,0.033811475409836
california,trinity,286.8,166.8,98.8,7.2,7.6,3.0,3.4,518.8,95.6,41.6,0.0,286.8,0.0,100.0,0.0,0.0,0.0,1.0,0.0,CA,0.10525,0.0836249999999999,0.0923749999999999,0.124,0.04175,0.160375,0.151375,0.173,6105,California,Trinity,0.191,45508.0,45.508,19.1,2.0,High-burden,246,255,0.0365853658536585,0.0365853658536585
california,tulare,365.2,63.2,182.4,93.0,25.4,1.0,0.2,364.0,141.6,77.6,193.0,162.4,9.8,44.464705442024105,52.85215959278389,0.0,2.6831349651920053,0.4446878422782037,0.5284775465498357,CA,0.10175,0.06475,0.0688749999999999,0.13325,0.0345,0.161625,0.1515,0.15625,6107,California,Tulare,0.187,57398.0,57.398,18.7,2.0,High-burden,6413,6762,0.0544207079370029,0.0544207079370029
california,tuolumne,356.2,266.0,79.2,10.8,0.2,0.0,0.0,136.8,73.0,42.4,356.2,0.0,0.0,0.0,100.0,0.0,0.0,0.0,1.0,CA,0.0969999999999999,0.0669999999999999,0.0704999999999999,0.101625,0.033625,0.144125,0.1245,0.1392499999999999,6109,California,Tuolumne,0.132,61396.0,61.396,13.2,2.0,High-burden,1295,1248,-0.0362934362934362,-0.0362934362934362
california,ventura,365.2,145.6,200.6,15.2,2.4,1.0,0.4,309.8,87.0,53.6,194.2,161.2,9.2,44.14656785687551,53.16969833071338,0.1643835616438356,2.5193502507672725,0.4414019715224534,0.531763417305586,CA,0.0894999999999999,0.052625,0.0512499999999999,0.0981249999999999,0.027,0.12975,0.11025,0.111,6111,California,Ventura,0.089,95819.0,95.819,8.9,0.0,Low-burden,21339,22158,0.0383804301982285,0.0383804301982285
california,yolo,365.2,230.6,123.4,6.0,4.6,0.6,0.0,183.6,71.8,44.0,210.6,153.6,0.6,42.05269855528108,57.673478553783966,0.1094393292911146,0.1643835616438356,0.420591456736035,0.5766703176341731,CA,0.0939999999999999,0.0507499999999999,0.051875,0.0959999999999999,0.0265,0.14225,0.109625,0.119,6113,California,Yolo,0.148,76247.0,76.247,14.800000000000002,0.0,Low-burden,4155,4372,0.0522262334536702,0.0522262334536702
colorado,adams,365.2,172.2,184.8,7.8,0.4,0.0,0.0,139.2,76.2,50.8,144.2,139.0,42.2,38.06766973575866,39.482446290890024,10.895126880754546,11.554757092596752,0.3806133625410734,0.3948521358159912,CO,0.0978749999999999,0.04825,0.051875,0.0874999999999999,0.025875,0.13725,0.10925,0.15975,8001,Colorado,Adams,0.1,80831.0,80.831,10.0,0.0,Low-burden,10053,10886,0.082860837560927,0.082860837560927
colorado,alamosa,212.0,206.4,5.2,0.2,0.0,0.2,0.0,98.0,33.4,15.2,0.0,85.6,126.4,64.58568738229755,0.0,0.0,35.41431261770244,0.4037735849056603,0.0,CO,0.1026249999999999,0.0604999999999999,0.0626249999999999,0.108375,0.031625,0.15325,0.131375,0.16975,8003,Colorado,Alamosa,0.183,51009.0,51.009,18.3,1.0,Mid-burden,510,498,-0.0235294117647058,-0.0235294117647058
colorado,arapahoe,365.2,226.6,123.4,14.0,1.2,0.0,0.0,147.0,85.8,46.4,349.6,15.6,0.0,4.271577213863313,95.72842278613668,0.0,0.0,0.0427163198247535,0.9572836801752466,CO,0.097,0.0447499999999999,0.0466249999999999,0.077,0.024375,0.1275,0.092375,0.136375,8005,Colorado,Arapahoe,0.087,84308.0,84.308,8.7,0.0,Low-burden,19014,19798,0.0412327758493741,0.0412327758493741
colorado,archuleta,363.6,309.2,54.0,0.4,0.0,0.0,0.0,100.0,55.2,38.6,277.0,0.0,85.2,0.0,76.10181516283633,0.3875114784205693,23.510673358743094,0.0,0.7618261826182617,CO,0.0963749999999999,0.061125,0.0608749999999999,0.09025,0.03025,0.125,0.107875,0.141375,8007,Colorado,Archuleta,0.114,68025.0,68.025,11.4,0.0,Low-burden,524,548,0.0458015267175572,0.0458015267175572
colorado,boulder,363.0,190.0,152.8,19.0,1.2,0.0,0.0,153.6,86.8,49.6,252.0,110.6,0.4,30.36809306901523,69.52246760169366,0.0,0.1094393292911146,0.3046831955922864,0.6942148760330579,CO,0.0917499999999999,0.0446249999999999,0.043,0.064125,0.022375,0.12425,0.0852499999999999,0.112625,8013,Colorado,Boulder,0.107,90327.0,90.327,10.7,0.0,Low-burden,12551,13150,0.0477252808541152,0.0477252808541152
colorado,chaffee,126.6,75.0,48.4,3.0,0.2,0.0,0.0,106.6,76.2,50.2,126.6,0.0,0.0,0.0,100.0,0.0,0.0,0.0,1.0,CO,0.0952499999999999,0.060875,0.0623749999999999,0.084625,0.030125,0.13025,0.1087499999999999,0.154625,8015,Colorado,Chaffee,0.104,65987.0,65.987,10.4,0.0,Low-burden,956,1069,0.1182008368200836,0.1182008368200836
colorado,clear creek,299.0,169.4,115.6,12.6,1.4,0.0,0.0,148.0,85.0,49.2,299.0,0.0,0.0,0.0,100.0,0.0,0.0,0.0,1.0,CO,0.0919999999999999,0.0514999999999999,0.05,0.073125,0.025375,0.11875,0.09225,0.12925,8019,Colorado,Clear Creek,0.076,78312.0,78.312,7.6,0.0,Low-burden,353,329,-0.0679886685552408,-0.0679886685552408
colorado,delta,301.4,264.4,36.6,0.4,0.0,0.0,0.0,91.0,49.6,36.0,232.4,36.6,32.2,10.755038974217058,66.16779668834462,0.0673400673400673,23.00982427009824,0.1214333112143331,0.7710683477106836,CO,0.104125,0.07425,0.0812499999999999,0.103875,0.0375,0.146,0.13325,0.189125,8029,Colorado,Delta,0.139,52403.0,52.403,13.900000000000002,1.0,Mid-burden,824,857,0.0400485436893203,0.0400485436893203
colorado,denver,365.2,135.4,216.4,12.4,1.0,0.0,0.0,149.4,82.2,53.8,125.4,141.0,0.4,38.60513511490381,34.338947526012426,26.94647802979265,0.1094393292911146,0.3860898138006572,0.3433734939759036,CO,0.0942499999999999,0.0436249999999999,0.0443749999999999,0.075,0.02375,0.13,0.09425,0.13975,8031,Colorado,Denver,0.1169999999999999,81262.0,81.262,11.7,0.0,Low-burden,25694,27285,0.0619210710671752,0.0619210710671752
colorado,douglas,361.4,204.8,133.8,19.6,3.2,0.0,0.0,160.4,90.8,48.0,292.0,69.4,0.0,19.19985153685768,80.80014846314232,0.0,0.0,0.1920309905921417,0.8079690094078584,CO,0.0884999999999999,0.0391249999999999,0.037125,0.0584999999999999,0.020125,0.108125,0.075,0.097375,8035,Colorado,Douglas,0.0289999999999999,129839.0,129.839,2.9,0.0,Low-burden,9270,10209,0.101294498381877,0.101294498381877
colorado,el paso,365.2,230.8,125.2,9.0,0.2,0.0,0.0,125.2,77.8,46.6,316.0,49.2,0.0,13.472265888165282,86.52773411183472,0.0,0.0,0.1347207009857612,0.8652792990142388,CO,0.09875,0.04675,0.0505,0.074625,0.025125,0.136625,0.09975,0.1445,8041,Colorado,El Paso,0.096,79094.0,79.094,9.6,0.0,Low-burden,17542,18618,0.0613385018811994,0.0613385018811994
colorado,fremont,38.8,38.6,0.2,0.0,0.0,0.0,0.0,39.6,23.8,13.0,0.0,0.0,38.8,0.0,0.0,0.0,100.0,0.0,0.0,CO,0.0974999999999999,0.0664999999999999,0.073,0.0957499999999999,0.033875,0.141875,0.12475,0.19125,8043,Colorado,Fremont,0.159,51732.0,51.732,15.9,1.0,Mid-burden,865,928,0.0728323699421965,0.0728323699421965
colorado,garfield,365.2,226.4,131.8,6.6,0.4,0.0,0.0,134.4,78.8,48.0,357.6,7.4,0.2,2.0245527359832325,97.92065274346882,0.0,0.0547945205479452,0.02026286966046,0.9791894852135816,CO,0.0949999999999999,0.0505,0.0543749999999999,0.077875,0.025875,0.134,0.103625,0.152125,8045,Colorado,Garfield,0.092,78940.0,78.94,9.2,0.0,Low-burden,2447,2615,0.0686554965263588,0.0686554965263588
colorado,gilpin,287.6666666666667,215.0,63.0,9.333333333333334,0.3333333333333333,0.0,0.0,134.0,69.66666666666667,45.333333333333336,287.6666666666667,0.0,0.0,0.0,100.0,0.0,0.0,0.0,1.0,CO,0.0927499999999999,0.049875,0.049875,0.072625,0.0245,0.1205,0.092125,0.13225,8047,Colorado,Gilpin,0.069,82370.0,82.37,6.9,0.0,Low-burden,125,133,0.064,0.064
colorado,grand,119.4,92.2,26.2,0.8,0.2,0.0,0.0,105.2,63.4,45.8,119.4,0.0,0.0,0.0,100.0,0.0,0.0,0.0,1.0,CO,0.0951249999999999,0.0551249999999999,0.057,0.0775,0.027125,0.130375,0.1017499999999999,0.15225,8049,Colorado,Grand,0.072,78779.0,78.779,7.200000000000001,0.0,Low-burden,843,917,0.0877817319098457,0.0877817319098457
colorado,gunnison,358.0,261.2,94.4,2.2,0.2,0.0,0.0,122.6,67.4,45.6,352.0,0.0,6.0,0.0,98.35042831804974,0.0,1.6495716819502622,0.0,0.9832402234636872,CO,0.0953749999999999,0.0471249999999999,0.0481249999999999,0.0677499999999999,0.0235,0.132,0.0917499999999999,0.1315,8051,Colorado,Gunnison,0.123,63872.0,63.872,12.3,2.0,High-burden,1146,1178,0.0279232111692844,0.0279232111692844
colorado,jackson,106.4,102.4,3.8,0.2,0.0,0.0,0.0,76.6,30.6,7.6,0.0,106.4,0.0,100.0,0.0,0.0,0.0,1.0,0.0,CO,0.1003749999999999,0.0654999999999999,0.0708749999999999,0.09225,0.033,0.140375,0.120375,0.17175,8057,Colorado,Jackson,0.148,55535.0,55.535,14.800000000000002,1.0,Mid-burden,68,65,-0.0441176470588235,-0.0441176470588235
colorado,jefferson,365.2,226.8,105.8,29.2,3.4,0.0,0.0,149.8,97.2,46.4,364.4,0.0,0.0,0.0,99.78082191780824,0.2191780821917808,0.0,0.0,0.9978094194961664,CO,0.0947499999999999,0.045625,0.046875,0.0682499999999999,0.0235,0.119375,0.0896249999999999,0.131,8059,Colorado,Jefferson,0.073,94401.0,94.401,7.3,0.0,Low-burden,17303,17948,0.0372767728139629,0.0372767728139629
colorado,la plata,365.0,254.0,105.0,4.0,1.4,0.6,0.0,143.0,68.8,45.4,319.6,43.8,0.6,11.99973183489914,87.56176146632019,0.2191780821917808,0.1643835616438356,0.12,0.8756164383561644,CO,0.09675,0.0519999999999999,0.052625,0.074625,0.026125,0.130125,0.0988749999999999,0.14275,8067,Colorado,La Plata,0.1009999999999999,74774.0,74.774,10.1,0.0,Low-burden,2400,2458,0.0241666666666666,0.0241666666666666
colorado,larimer,365.2,173.8,167.6,21.8,2.0,0.0,0.0,154.0,92.4,51.6,294.0,71.2,0.0,19.495620929710302,80.50437907028969,0.0,0.0,0.1949616648411829,0.8050383351588171,CO,0.0953749999999999,0.0467499999999999,0.048375,0.067625,0.023875,0.1335,0.0915,0.131125,8069,Colorado,Larimer,0.1119999999999999,78681.0,78.681,11.2,0.0,Low-burden,10935,11597,0.0605395518975765,0.0605395518975765
colorado,mesa,365.0,230.6,132.0,2.4,0.0,0.0,0.0,119.8,68.6,46.8,274.0,89.8,0.6,24.59801311047662,75.07291787484915,0.0,0.1643843842361695,0.2460273972602739,0.7506849315068493,CO,0.1012499999999999,0.059375,0.065375,0.086125,0.030625,0.145375,0.1158749999999999,0.16925,8077,Colorado,Mesa,0.106,63531.0,63.531,10.6,0.0,Low-burden,4446,4644,0.0445344129554655,0.0445344129554655
colorado,moffat,340.0,272.0,67.5,0.5,0.0,0.0,0.0,96.0,61.0,43.0,340.0,0.0,0.0,0.0,100.0,0.0,0.0,0.0,1.0,CO,0.1014999999999999,0.061875,0.0699999999999999,0.0917499999999999,0.03175,0.149375,0.122125,0.19025,8081,Colorado,Moffat,0.108,64133.0,64.133,10.8,0.0,Low-burden,405,402,-0.0074074074074074,-0.0074074074074074
colorado,montezuma,364.0,280.6,81.6,1.8,0.0,0.0,0.0,111.6,63.6,44.4,363.2,0.8,0.0,0.2219254397680009,99.778074560232,0.0,0.0,0.0021978021978021,0.9978021978021978,CO,0.1045,0.06675,0.0723749999999999,0.097375,0.0345,0.14575,0.125625,0.181,8083,Colorado,Montezuma,0.152,53337.0,53.337,15.2,2.0,High-burden,755,771,0.0211920529801324,0.0211920529801324
colorado,montrose,334.5,285.0,49.0,0.5,0.0,0.0,0.0,98.0,57.0,41.5,334.5,0.0,0.0,0.0,100.0,0.0,0.0,0.0,1.0,CO,0.0997499999999999,0.065375,0.0691249999999999,0.094125,0.033125,0.1385,0.120625,0.165875,8085,Colorado,Montrose,0.125,56686.0,56.686,12.5,2.0,High-burden,1288,1418,0.1009316770186335,0.1009316770186335
colorado,park,333.2,189.6,133.6,9.4,0.6,0.0,0.0,137.6,79.0,49.4,331.8,1.4,0.0,0.3904955183493996,99.6095044816506,0.0,0.0,0.0042016806722689,0.9957983193277312,CO,0.0951249999999999,0.0563749999999999,0.0581249999999999,0.080125,0.02775,0.12725,0.10175,0.15,8093,Colorado,Park,0.073,84361.0,84.361,7.3,0.0,Low-burden,467,516,0.1049250535331905,0.1049250535331905
colorado,pitkin,121.8,119.0,2.8,0.0,0.0,0.0,0.0,61.8,31.0,13.2,0.0,41.0,80.8,33.69738165339925,0.0,0.0,66.30261834660075,0.3366174055829228,0.0,CO,0.0884999999999999,0.0459999999999999,0.041875,0.065125,0.02225,0.110625,0.080625,0.1074999999999999,8097,Colorado,Pitkin,0.067,96316.0,96.316,6.7,1.0,Mid-burden,1594,1701,0.0671267252195734,0.0671267252195734
colorado,prowers,353.8,343.0,9.4,0.6,0.4,0.2,0.2,213.6,35.4,16.6,0.0,0.0,353.8,0.0,0.0,0.0,100.0,0.0,0.0,CO,0.102375,0.0654999999999999,0.0705,0.106,0.034,0.149375,0.132125,0.177875,8099,Colorado,Prowers,0.192,48337.0,48.337,19.2,1.0,Mid-burden,342,329,-0.0380116959064327,-0.0380116959064327
colorado,pueblo,138.0,126.6,10.6,0.8,0.0,0.0,0.0,96.4,48.0,25.2,0.0,92.8,45.2,71.79076813430473,0.0,0.0,28.20923186569528,0.672463768115942,0.0,CO,0.101875,0.060125,0.062,0.109,0.0315,0.145625,0.12675,0.177125,8101,Colorado,Pueblo,0.162,56311.0,56.311,16.2,1.0,Mid-burden,3117,3257,0.0449149823548283,0.0449149823548283
colorado,rio blanco,365.0,235.8,127.2,1.8,0.2,0.0,0.0,115.2,64.2,46.6,223.8,141.0,0.0,38.630136986301366,61.31506849315068,0.0547945205479452,0.0,0.3863013698630137,0.6131506849315069,CO,0.10125,0.0594999999999999,0.065625,0.0852499999999999,0.030375,0.146,0.1152499999999999,0.17475,8103,Colorado,Rio Blanco,0.102,65334.0,65.334,10.2,0.0,Low-burden,214,201,-0.0607476635514018,-0.0607476635514018
colorado,routt,353.0,348.0,4.8,0.2,0.0,0.0,0.0,77.2,29.6,14.4,0.0,0.0,353.0,0.0,0.0,0.0,100.0,0.0,0.0,CO,0.0936249999999999,0.0487499999999999,0.0492499999999999,0.0691249999999999,0.024,0.12425,0.0908749999999999,0.1315,8107,Colorado,Routt,0.06,93776.0,93.776,6.0,1.0,Mid-burden,1728,1854,0.0729166666666666,0.0729166666666666
colorado,san juan,118.2,114.6,3.6,0.0,0.0,0.0,0.0,66.6,27.4,9.2,0.0,118.2,0.0,100.0,0.0,0.0,0.0,1.0,0.0,CO,0.094,0.06275,0.0612499999999999,0.0888749999999999,0.0305,0.127625,0.108375,0.153125,8111,Colorado,San Juan,0.138,54146.0,54.146,13.8,1.0,Mid-burden,74,77,0.0405405405405405,0.0405405405405405
colorado,san miguel,241.4,173.2,67.4,0.8,0.0,0.0,0.0,101.6,63.4,46.0,183.8,0.0,57.6,0.0,76.05782682749634,0.0,23.942173172503654,0.0,0.7613918806959403,CO,0.092625,0.04875,0.04725,0.0705,0.0235,0.120125,0.0895,0.124875,8113,Colorado,San Miguel,0.09,79742.0,79.742,9.0,0.0,Low-burden,636,696,0.0943396226415094,0.0943396226415094
colorado,teller,160.0,63.0,85.0,12.0,0.0,0.0,0.0,133.0,97.0,58.0,160.0,0.0,0.0,0.0,100.0,0.0,0.0,0.0,1.0,CO,0.096125,0.0573749999999999,0.058875,0.0812499999999999,0.0285,0.12775,0.10325,0.146625,8119,Colorado,Teller,0.079,76715.0,76.715,7.9,0.0,Low-burden,720,821,0.1402777777777777,0.1402777777777777
colorado,weld,365.2,157.0,192.4,15.4,0.4,0.0,0.0,142.2,85.6,52.8,230.6,134.4,0.0,36.80065873194101,63.144696459315824,0.0546448087431694,0.0,0.3680175246440307,0.6314348302300109,CO,0.09725,0.0491249999999999,0.05375,0.0834999999999999,0.025875,0.138125,0.105875,0.151125,8123,Colorado,Weld,0.098,84826.0,84.826,9.8,0.0,Low-burden,6274,7001,0.1158750398469875,0.1158750398469875
connecticut,fairfield,364.8,217.8,129.0,13.8,4.2,0.0,0.0,174.2,77.0,46.2,148.4,209.8,0.0,57.51473207464062,40.675229934442314,1.8100379909170712,0.0,0.575109649122807,0.4067982456140351,CT,0.091,0.04875,0.04725,0.081,0.025125,0.119,0.092625,0.109625,9001,Connecticut,Fairfield,0.091,100703.0,100.703,9.1,0.0,Low-burden,27207,26915,-0.0107325320689528,-0.0107325320689528
connecticut,hartford,365.2,242.6,120.0,2.6,0.0,0.0,0.0,126.4,62.0,43.0,139.0,209.8,0.0,57.44816228759637,38.060483569129424,4.436709334531027,0.0,0.5744797371303396,0.3806133625410734,CT,0.1075,0.0548749999999999,0.0541249999999999,0.0989999999999999,0.027625,0.133375,0.1001249999999999,0.137,9003,Connecticut,Hartford,0.106,79958.0,79.958,10.6,0.0,Low-burden,22880,22541,-0.0148164335664335,-0.0148164335664335
connecticut,litchfield,363.8,310.4,51.6,1.8,0.0,0.0,0.0,115.6,54.8,37.4,278.2,83.4,0.6,22.935446381432776,76.46045326348471,0.0,0.1643835616438356,0.2292468389224849,0.7647058823529411,CT,0.10025,0.0572499999999999,0.0578749999999999,0.083,0.027375,0.128125,0.09775,0.1392499999999999,9005,Connecticut,Litchfield,0.086,84689.0,84.689,8.6,0.0,Low-burden,4714,4681,-0.0070004242681374,-0.0070004242681374
connecticut,middlesex,207.0,173.4,26.4,6.6,0.6,0.0,0.0,142.2,64.6,39.8,207.0,0.0,0.0,0.0,100.0,0.0,0.0,0.0,1.0,CT,0.100125,0.0538749999999999,0.053125,0.0823749999999999,0.026,0.1265,0.0926249999999999,0.128625,9007,Connecticut,Middlesex,0.066,94735.0,94.735,6.6000000000000005,0.0,Low-burden,4201,4208,0.0016662699357295,0.0016662699357295
connecticut,new haven,365.2,223.8,128.0,11.0,2.4,0.0,0.0,165.4,70.2,44.8,158.8,195.8,0.8,53.61419267909274,43.483194849913914,2.6290890036679393,0.2188786585822292,0.536144578313253,0.4348302300109529,CT,0.108875,0.05475,0.0574999999999999,0.1006249999999999,0.028375,0.135125,0.10375,0.1493749999999999,9009,Connecticut,New Haven,0.12,75094.0,75.094,12.0,0.0,Low-burden,19562,19249,-0.0160004089561394,-0.0160004089561394
connecticut,new london,351.0,278.4,66.2,5.8,0.6,0.0,0.0,146.2,57.8,39.6,159.6,191.4,0.0,54.2586162876883,45.7413837123117,0.0,0.0,0.5452991452991454,0.4547008547008547,CT,0.10425,0.0569999999999999,0.05975,0.0903749999999999,0.027625,0.135375,0.1008749999999999,0.145,9011,Connecticut,New London,0.089,78552.0,78.552,8.9,0.0,Low-burden,5907,5751,-0.026409344845099,-0.026409344845099
connecticut,tolland,208.6,185.2,20.8,2.6,0.0,0.0,0.0,121.4,53.6,39.4,208.6,0.0,0.0,0.0,100.0,0.0,0.0,0.0,1.0,CT,0.101,0.0518749999999999,0.0522499999999999,0.078,0.02425,0.13275,0.090625,0.1305,9013,Connecticut,Tolland,0.111,86430.0,86.43,11.1,0.0,Low-burden,2440,2334,-0.0434426229508196,-0.0434426229508196
connecticut,windham,358.0,337.2,18.4,2.4,0.0,0.0,0.0,120.2,46.2,34.6,358.0,0.0,0.0,0.0,100.0,0.0,0.0,0.0,1.0,CT,0.11,0.05975,0.0677499999999999,0.0986249999999999,0.028875,0.14425,0.11225,0.168,9015,Connecticut,Windham,0.1159999999999999,71581.0,71.581,11.6,1.0,Mid-burden,2119,2126,0.0033034450212364,0.0033034450212364
delaware,kent,362.6,267.0,94.6,1.0,0.0,0.0,0.0,101.4,58.2,41.8,205.6,157.0,0.0,43.30090419917875,56.69909580082125,0.0,0.0,0.4329840044125758,0.5670159955874241,DE,0.10975,0.0652499999999999,0.0774999999999999,0.12425,0.03575,0.15325,0.12625,0.187375,10001,Delaware,Kent,0.122,64670.0,64.67,12.2,0.0,Low-burden,3583,4485,0.2517443483114708,0.20333112768049624
delaware,new castle,365.2,206.4,153.8,5.0,0.0,0.0,0.0,136.4,68.6,47.8,147.0,216.4,0.0,59.25413578860694,40.25316266187589,0.4927015495171794,0.0,0.5925520262869661,0.4025191675794085,DE,0.0972499999999999,0.0546249999999999,0.0592499999999999,0.1075,0.030875,0.134,0.1071249999999999,0.154625,10003,Delaware,New Castle,0.114,74088.0,74.088,11.4,0.0,Low-burden,15971,17451,0.0926679606787302,0.0926679606787302
delaware,sussex,365.2,264.2,100.0,1.0,0.0,0.0,0.0,107.8,59.2,42.4,212.4,152.8,0.0,41.83666442098959,58.1633355790104,0.0,0.0,0.4184008762322015,0.5815991237677985,DE,0.0969999999999999,0.0769999999999999,0.0816249999999999,0.11575,0.036125,0.13325,0.125125,0.1625,10005,Delaware,Sussex,0.115,70500.0,70.5,11.5,0.0,Low-burden,5606,6196,0.1052443810203353,0.1052443810203353
florida,alachua,362.6,291.0,71.4,0.2,0.0,0.0,0.0,90.4,54.4,39.8,143.0,219.6,0.0,60.572974627927294,39.427025372072706,0.0,0.0,0.6056260341974627,0.3943739658025372,FL,0.092,0.0603333333333333,0.0706666666666666,0.1033333333333333,0.0318333333333333,0.1565,0.12,0.161,12001,Florida,Alachua,0.191,56006.0,56.006,19.1,2.0,High-burden,6195,6519,0.0523002421307506,0.0523002421307506
florida,baker,360.8,315.8,44.6,0.4,0.0,0.0,0.0,96.2,50.0,35.8,262.8,98.0,0.0,26.91754405826635,73.08245594173366,0.0,0.0,0.2716186252771618,0.7283813747228381,FL,0.092,0.0713333333333333,0.0944999999999999,0.1116666666666666,0.0365,0.1746666666666666,0.1453333333333333,0.2468333333333333,12003,Florida,Baker,0.161,60994.0,60.994,16.1,2.0,High-burden,388,423,0.0902061855670103,0.0902061855670103
florida,bay,354.6,222.8,131.2,0.6,0.0,0.0,0.0,106.8,59.4,45.4,93.0,261.6,0.0,73.71891279466972,26.281087205330273,0.0,0.0,0.7377326565143825,0.2622673434856176,FL,0.0913333333333333,0.0713333333333333,0.0884999999999999,0.1113333333333333,0.0355,0.1663333333333333,0.1403333333333333,0.2131666666666666,12005,Florida,Bay,0.139,60106.0,60.106,13.900000000000002,2.0,High-burden,4700,4994,0.0625531914893617,0.0625531914893617
florida,brevard,359.8,274.0,85.6,0.2,0.0,0.0,0.0,97.0,55.4,42.2,159.6,200.2,0.0,55.51442617047265,44.48557382952735,0.0,0.0,0.5564202334630349,0.4435797665369649,FL,0.0868333333333333,0.0726666666666666,0.0824999999999999,0.114,0.0355,0.148,0.1305,0.176,12009,Florida,Brevard,0.113,65280.0,65.28,11.3,0.0,Low-burden,14255,15040,0.0550683970536653,0.0550683970536653
florida,broward,363.2,187.2,174.4,1.6,0.0,0.0,0.0,115.6,60.4,49.2,58.8,301.4,0.0,82.99596585483286,16.177526977146535,0.7163143305550456,0.0,0.8298458149779735,0.1618942731277533,FL,0.0831666666666666,0.062,0.0668333333333333,0.1218333333333333,0.034,0.1418333333333333,0.1261666666666666,0.1573333333333333,12011,Florida,Broward,0.128,65536.0,65.536,12.8,2.0,High-burden,61032,67130,0.0999147987940752,0.0999147987940752
florida,citrus,355.2,238.4,116.6,0.2,0.0,0.0,0.0,91.8,57.6,43.2,0.0,355.2,0.0,100.0,0.0,0.0,0.0,1.0,0.0,FL,0.0906666666666666,0.0949999999999999,0.1121666666666666,0.1268333333333333,0.0445,0.1598333333333333,0.1571666666666666,0.2146666666666666,12017,Florida,Citrus,0.155,48237.0,48.237,15.5,2.0,High-burden,2774,2900,0.0454217736121124,0.0454217736121124
florida,collier,362.2,273.6,88.6,0.0,0.0,0.0,0.0,86.2,56.2,40.8,113.0,249.2,0.0,68.75029233515872,31.24970766484127,0.0,0.0,0.688017669795693,0.311982330204307,FL,0.0788333333333333,0.077,0.0788333333333333,0.1151666666666666,0.0363333333333333,0.1295,0.1238333333333333,0.1471666666666666,12021,Florida,Collier,0.104,75799.0,75.799,10.4,0.0,Low-burden,12074,13545,0.1218320357793606,0.1218320357793606
florida,columbia,352.0,233.2,118.0,0.4,0.4,0.0,0.0,107.6,59.4,44.0,90.8,261.2,0.0,74.56875790408884,25.43124209591116,0.0,0.0,0.7420454545454546,0.2579545454545454,FL,0.0968333333333333,0.0783333333333333,0.1021666666666666,0.1271666666666666,0.0409999999999999,0.1721666666666666,0.1518333333333333,0.2418333333333333,12023,Florida,Columbia,0.165,52035.0,52.035,16.5,2.0,High-burden,1359,1454,0.0699043414275202,0.0699043414275202
florida,duval,364.4,173.4,189.0,1.8,0.2,0.0,0.0,118.0,64.0,50.4,68.4,292.0,2.2,80.12635842208735,18.777751166953756,0.3287671232876712,0.6027397260273972,0.8013172338090011,0.1877058177826564,FL,0.093,0.0641666666666666,0.077,0.1208333333333333,0.0351666666666666,0.1586666666666666,0.1303333333333333,0.1869999999999999,12031,Florida,Duval,0.149,60121.0,60.121,14.9,2.0,High-burden,25750,27467,0.0666796116504854,0.0666796116504854
florida,escambia,364.0,243.2,120.0,0.8,0.0,0.0,0.0,93.2,59.2,44.6,188.4,175.6,0.0,48.32115677321157,51.67884322678843,0.0,0.0,0.4824175824175824,0.5175824175824176,FL,0.0921666666666666,0.0668333333333333,0.0809999999999999,0.1138333333333333,0.0355,0.1595,0.1316666666666666,0.1926666666666666,12033,Florida,Escambia,0.185,54492.0,54.492,18.5,2.0,High-burden,6859,7410,0.0803324099722991,0.0803324099722991
florida,flagler,338.6,329.4,9.2,0.0,0.0,0.0,0.0,75.0,44.8,32.6,338.6,0.0,0.0,0.0,100.0,0.0,0.0,0.0,1.0,FL,0.0866666666666666,0.0803333333333333,0.0894999999999999,0.122,0.0391666666666666,0.1495,0.138,0.1891666666666666,12035,Florida,Flagler,0.103,65783.0,65.783,10.3,1.0,Mid-burden,2165,2485,0.1478060046189376,0.1478060046189376
florida,hamilton,321.0,205.8,114.8,0.2,0.2,0.0,0.0,91.6,57.8,44.8,0.0,321.0,0.0,100.0,0.0,0.0,0.0,1.0,0.0,FL,0.0983333333333333,0.0914999999999999,0.1166666666666666,0.1465,0.0511666666666666,0.1833333333333333,0.1781666666666666,0.2756666666666666,12047,Florida,Hamilton,0.257,39522.0,39.522,25.7,2.0,High-burden,170,169,-0.0058823529411764,-0.0058823529411764
florida,highlands,326.8,313.8,12.8,0.2,0.0,0.0,0.0,89.8,45.8,32.6,326.8,0.0,0.0,0.0,100.0,0.0,0.0,0.0,1.0,FL,0.0879999999999999,0.0983333333333333,0.1068333333333333,0.1468333333333333,0.0471666666666666,0.1571666666666666,0.1625,0.1991666666666667,12055,Florida,Highlands,0.151,47820.0,47.82,15.1,1.0,Mid-burden,1921,2044,0.0640291514836022,0.0640291514836022
florida,holmes,358.6,219.8,138.2,0.6,0.0,0.0,0.0,92.0,59.0,46.0,79.8,278.8,0.0,77.7265796011989,22.27342039880109,0.0,0.0,0.7774679308421639,0.222532069157836,FL,0.0996666666666666,0.0924999999999999,0.1236666666666666,0.1364999999999999,0.0465,0.1896666666666666,0.179,0.2688333333333333,12059,Florida,Holmes,0.2,44139.0,44.139,20.0,2.0,High-burden,259,284,0.0965250965250965,0.0965250965250965
florida,indian river,338.2,318.2,19.6,0.4,0.0,0.0,0.0,90.6,48.0,36.6,338.2,0.0,0.0,0.0,100.0,0.0,0.0,0.0,1.0,FL,0.0853333333333333,0.0823333333333333,0.0894999999999999,0.1181666666666666,0.039,0.1411666666666666,0.1346666666666666,0.1811666666666666,12061,Florida,Indian River,0.1169999999999999,61351.0,61.351,11.7,1.0,Mid-burden,4326,4632,0.0707350901525658,0.0707350901525658
florida,lake,356.0,331.8,23.4,0.8,0.0,0.0,0.0,99.6,48.2,33.8,356.0,0.0,0.0,0.0,100.0,0.0,0.0,0.0,1.0,FL,0.0855,0.0773333333333333,0.0878333333333333,0.1238333333333333,0.0378333333333333,0.1513333333333333,0.1369999999999999,0.1818333333333333,12069,Florida,Lake,0.1,64662.0,64.662,10.0,1.0,Mid-burden,7330,8338,0.1375170532060027,0.1375170532060027
florida,lee,364.8,288.8,75.6,0.4,0.0,0.0,0.0,100.2,55.2,39.6,180.0,182.4,2.4,49.99306500276224,49.34819315792306,0.0,0.658741839314691,0.5,0.4934210526315789,FL,0.0831666666666666,0.0773333333333333,0.0826666666666666,0.1145,0.0368333333333333,0.1418333333333333,0.1341666666666666,0.1716666666666666,12071,Florida,Lee,0.122,66426.0,66.426,12.2,0.0,Low-burden,18797,21202,0.1279459488216204,0.1279459488216204
florida,leon,360.6,199.4,160.4,0.6,0.2,0.0,0.0,109.6,62.0,47.6,53.8,306.8,0.0,85.04850224508495,14.951497754915057,0.0,0.0,0.8508042151968941,0.1491957848031059,FL,0.0924999999999999,0.0583333333333333,0.0686666666666666,0.1004999999999999,0.0318333333333333,0.1566666666666666,0.1159999999999999,0.1686666666666666,12073,Florida,Leon,0.162,57246.0,57.246,16.2,2.0,High-burden,7711,7938,0.0294384645311892,0.0294384645311892
florida,liberty,342.4,335.2,7.2,0.0,0.0,0.0,0.0,63.6,44.8,31.6,342.4,0.0,0.0,0.0,100.0,0.0,0.0,0.0,1.0,FL,0.0916666666666666,0.0824999999999999,0.1058333333333333,0.1275,0.042,0.1761666666666666,0.1621666666666666,0.2595,12077,Florida,Liberty,0.231,48271.0,48.271,23.1,2.0,High-burden,88,93,0.0568181818181818,0.0568181818181818
florida,manatee,365.2,342.6,21.4,1.2,0.0,0.0,0.0,110.0,47.4,34.0,365.2,0.0,0.0,0.0,100.0,0.0,0.0,0.0,1.0,FL,0.0861666666666666,0.0776666666666666,0.0851666666666666,0.1158333333333333,0.0365,0.1443333333333333,0.1326666666666666,0.1725,12081,Florida,Manatee,0.099,67929.0,67.929,9.9,1.0,Mid-burden,9128,10386,0.137817703768624,0.137817703768624
florida,marion,362.4,250.6,111.4,0.4,0.0,0.0,0.0,96.0,57.6,43.4,104.4,258.0,0.0,71.15580456339495,28.844195436605048,0.0,0.0,0.7119205298013246,0.2880794701986755,FL,0.0913333333333333,0.086,0.0984999999999999,0.13,0.0421666666666666,0.1605,0.1503333333333333,0.1993333333333333,12083,Florida,Marion,0.136,54555.0,54.555,13.6,2.0,High-burden,7182,7810,0.0874408242829295,0.0874408242829295
florida,martin,359.8,271.4,88.0,0.4,0.0,0.0,0.0,99.2,56.0,42.2,101.2,258.6,0.0,71.80650684931507,28.193493150684937,0.0,0.0,0.7187326292384658,0.2812673707615342,FL,0.0811666666666666,0.0764999999999999,0.0821666666666666,0.1075,0.0361666666666666,0.1356666666666666,0.1258333333333333,0.165,12085,Florida,Martin,0.114,67059.0,67.059,11.4,0.0,Low-burden,5552,6045,0.0887968299711815,0.0887968299711815
florida,miami-dade,362.6,214.4,145.8,2.4,0.0,0.0,0.0,126.6,61.0,47.0,60.8,297.2,0.4,81.95557248193012,16.778289598937512,1.1011505611188586,0.1098909392807276,0.8196359624931052,0.1676778819635962,FL,0.0786666666666666,0.0646666666666666,0.06,0.1401666666666666,0.0333333333333333,0.1408333333333333,0.1371666666666666,0.1463333333333333,12086,Florida,Miami-Dade,0.152,58905.0,58.905,15.2,2.0,High-burden,84803,94579,0.1152789406035163,0.1152789406035163
florida,nassau,215.5,147.5,68.0,0.0,0.0,0.0,0.0,77.5,56.5,43.25,0.0,215.5,0.0,100.0,0.0,0.0,0.0,1.0,0.0,FL,0.0848333333333332,0.0681666666666666,0.0818333333333333,0.1021666666666666,0.0331666666666666,0.1498333333333333,0.1263333333333333,0.1831666666666666,12089,Florida,Nassau,0.099,78069.0,78.069,9.9,0.0,Low-burden,1863,2072,0.1121846484165324,0.1121846484165324
florida,okaloosa,362.0,343.8,18.2,0.0,0.0,0.0,0.0,77.2,47.0,34.2,344.4,0.0,17.6,0.0,95.15232467200124,0.0,4.84767532799876,0.0,0.9513812154696132,FL,0.0856666666666666,0.0616666666666666,0.0751666666666666,0.0989999999999999,0.031,0.1516666666666666,0.121,0.1841666666666666,12091,Florida,Okaloosa,0.0969999999999999,69053.0,69.053,9.7,1.0,Mid-burden,5418,5796,0.0697674418604651,0.0697674418604651
florida,orange,364.2,296.4,67.0,0.6,0.2,0.0,0.0,114.2,52.8,39.0,247.2,114.0,0.2,31.345509893455095,67.8310502283105,0.6582952815829528,0.0547945205479452,0.3130148270181219,0.6787479406919275,FL,0.0858333333333333,0.0584999999999999,0.0641666666666666,0.1125,0.0306666666666666,0.1475,0.1216666666666666,0.1571666666666666,12095,Florida,Orange,0.149,64579.0,64.579,14.9,2.0,High-burden,37724,43195,0.1450270384900858,0.1450270384900858
florida,osceola,362.6,341.2,19.8,1.6,0.0,0.0,0.0,112.8,47.0,33.2,362.6,0.0,0.0,0.0,100.0,0.0,0.0,0.0,1.0,FL,0.0826666666666666,0.0641666666666666,0.0673333333333333,0.134,0.0321666666666666,0.1493333333333333,0.1369999999999999,0.1643333333333333,12097,Florida,Osceola,0.133,60495.0,60.495,13.3,1.0,Mid-burden,6279,7722,0.2298136645962732,0.20333112768049624
florida,palm beach,360.6,249.8,110.4,0.4,0.0,0.0,0.0,94.6,58.2,43.2,116.8,233.6,10.2,64.82949354942919,32.331100187927596,0.0,2.8394062626432137,0.6478092068774265,0.3239046034387132,FL,0.0821666666666666,0.0691666666666666,0.0738333333333332,0.1169999999999999,0.0349999999999999,0.1366666666666667,0.1246666666666666,0.1533333333333333,12099,Florida,Palm Beach,0.1159999999999999,70024.0,70.024,11.6,0.0,Low-burden,48689,53746,0.1038632956109182,0.1038632956109182
florida,pasco,361.8,334.6,26.4,0.8,0.0,0.0,0.0,100.4,49.4,35.6,361.8,0.0,0.0,0.0,100.0,0.0,0.0,0.0,1.0,FL,0.0863333333333333,0.0741666666666666,0.0873333333333333,0.1136666666666666,0.0356666666666666,0.158,0.1391666666666666,0.2075,12101,Florida,Pasco,0.1159999999999999,59555.0,59.555,11.6,1.0,Mid-burden,9686,11121,0.1481519719182325,0.1481519719182325
florida,pinellas,365.2,223.2,141.8,0.2,0.0,0.0,0.0,107.0,60.0,46.8,93.6,271.0,0.6,74.20315891908076,25.6324575192754,0.0,0.1643835616438356,0.7420591456736035,0.2562979189485213,FL,0.087,0.0729999999999999,0.0826666666666666,0.108,0.0355,0.1478333333333333,0.1286666666666666,0.1858333333333333,12103,Florida,Pinellas,0.123,61851.0,61.851,12.3,2.0,High-burden,28754,31001,0.0781456493009668,0.0781456493009668
florida,polk,365.0,251.8,112.0,1.2,0.0,0.0,0.0,105.2,58.4,43.0,121.0,243.4,0.6,66.68493150684931,33.15068493150685,0.0,0.1643835616438356,0.6668493150684932,0.3315068493150685,FL,0.0898333333333333,0.0758333333333333,0.0884999999999999,0.1273333333333333,0.0385,0.1566666666666666,0.1446666666666666,0.1908333333333333,12105,Florida,Polk,0.156,56344.0,56.344,15.6,2.0,High-burden,11676,13164,0.1274409044193216,0.1274409044193216
florida,putnam,340.6,338.8,1.8,0.0,0.0,0.0,0.0,54.2,26.8,15.2,0.0,0.0,340.6,0.0,0.0,0.0,100.0,0.0,0.0,FL,0.0983333333333332,0.0963333333333333,0.1231666666666666,0.1468333333333333,0.0493333333333333,0.1829999999999999,0.182,0.263,12107,Florida,Putnam,0.263,38759.0,38.759,26.3,1.0,Mid-burden,1243,1279,0.0289621882542236,0.0289621882542236
florida,santa rosa,364.0,230.8,133.2,0.0,0.0,0.0,0.0,89.0,59.0,45.0,103.0,261.0,0.0,71.70185149014539,28.29814850985461,0.0,0.0,0.717032967032967,0.2829670329670329,FL,0.0858333333333333,0.0656666666666666,0.0793333333333333,0.1008333333333333,0.0311666666666666,0.1575,0.1271666666666666,0.2029999999999999,12113,Florida,Santa Rosa,0.089,80837.0,80.837,8.9,0.0,Low-burden,2745,3214,0.1708561020036429,0.1708561020036429
florida,sarasota,364.2,238.0,125.8,0.4,0.0,0.0,0.0,98.4,59.2,45.0,95.6,268.6,0.0,73.7574668762632,26.24253312373681,0.0,0.0,0.7375068643602417,0.2624931356397583,FL,0.0805,0.0773333333333333,0.0821666666666666,0.105,0.0363333333333333,0.1354999999999999,0.123,0.1573333333333333,12115,Florida,Sarasota,0.086,71630.0,71.63,8.6,0.0,Low-burden,13957,15198,0.0889159561510353,0.0889159561510353
florida,seminole,363.0,295.2,66.8,1.0,0.0,0.0,0.0,114.8,55.4,39.6,192.6,168.2,2.2,46.140845070422536,53.24561065020258,0.0,0.6135442793748794,0.4633608815426997,0.5305785123966942,FL,0.0821666666666666,0.0569999999999999,0.0625,0.1021666666666666,0.0283333333333333,0.1371666666666666,0.1108333333333333,0.1455,12117,Florida,Seminole,0.094,70470.0,70.47,9.4,0.0,Low-burden,13579,14695,0.0821857279622947,0.0821857279622947
florida,st. lucie,354.8,341.4,13.2,0.2,0.0,0.0,0.0,87.4,46.0,33.6,354.8,0.0,0.0,0.0,100.0,0.0,0.0,0.0,1.0,FL,0.0875,0.077,0.087,0.1266666666666666,0.04,0.1538333333333333,0.1411666666666666,0.1848333333333333,12111,Florida,St. Lucie,0.114,62378.0,62.378,11.4,1.0,Mid-burden,5761,6758,0.1730602325985072,0.1730602325985072
florida,volusia,358.8,264.0,94.8,0.0,0.0,0.0,0.0,81.8,55.8,42.8,139.6,219.0,0.2,60.93785423028004,39.00564859457872,0.0,0.0564971751412429,0.6103678929765886,0.3890746934225195,FL,0.086,0.0759999999999999,0.0876666666666666,0.1226666666666666,0.0375,0.1558333333333333,0.1389999999999999,0.1966666666666666,12127,Florida,Volusia,0.138,58246.0,58.246,13.8,2.0,High-burden,12862,13872,0.0785258902192505,0.0785258902192505
florida,wakulla,360.0,268.0,91.6,0.0,0.4,0.0,0.0,104.0,57.6,40.6,114.4,242.8,0.0,67.43307605365742,31.787647949988905,0.0,0.0,0.6744444444444445,0.3177777777777777,FL,0.0878333333333333,0.0691666666666666,0.0855,0.1068333333333333,0.0346666666666666,0.1615,0.1343333333333333,0.213,12129,Florida,Wakulla,0.1009999999999999,71962.0,71.962,10.1,0.0,Low-burden,447,479,0.0715883668903803,0.0715883668903803
georgia,bibb,364.0,231.2,131.6,1.2,0.0,0.0,0.0,112.8,62.0,44.6,79.4,284.6,0.0,78.17578647291809,21.824213527081913,0.0,0.0,0.781868131868132,0.2181318681318681,GA,0.109125,0.0716249999999999,0.0809999999999999,0.152625,0.044125,0.168375,0.143,0.204,13021,Georgia,Bibb,0.245,47859.0,47.859,24.5,2.0,High-burden,4149,4166,0.0040973728609303,0.0040973728609303
georgia,charlton,114.2,105.6,8.4,0.2,0.0,0.0,0.0,83.2,46.4,26.2,0.0,114.2,0.0,100.0,0.0,0.0,0.0,1.0,0.0,GA,0.1013749999999999,0.0833749999999999,0.0985,0.1493749999999999,0.0452499999999999,0.17825,0.1615,0.24725,13049,Georgia,Charlton,0.246,47229.0,47.229,24.6,2.0,High-burden,146,151,0.0342465753424657,0.0342465753424657
georgia,chatham,357.8,214.4,143.0,0.4,0.0,0.0,0.0,95.4,60.0,46.4,53.4,304.4,0.0,84.98109024671729,15.01890975328272,0.0,0.0,0.8507546115148127,0.1492453884851872,GA,0.09725,0.0598749999999999,0.0645,0.121125,0.03425,0.15125,0.1175,0.1675,13051,Georgia,Chatham,0.155,61527.0,61.527,15.5,2.0,High-burden,7834,8423,0.0751850906305846,0.0751850906305846
georgia,chattooga,243.8,233.8,10.0,0.0,0.0,0.0,0.0,72.0,46.2,35.2,243.8,0.0,0.0,0.0,100.0,0.0,0.0,0.0,1.0,GA,0.105625,0.086125,0.109125,0.140125,0.04425,0.187,0.1665,0.255875,13055,Georgia,Chattooga,0.2019999999999999,42974.0,42.974,20.2,2.0,High-burden,301,315,0.0465116279069767,0.0465116279069767
georgia,clarke,357.6,214.2,142.8,0.6,0.0,0.0,0.0,99.0,61.6,46.8,82.8,274.8,0.0,76.73605132409268,23.26394867590731,0.0,0.0,0.7684563758389261,0.2315436241610738,GA,0.1022499999999999,0.059375,0.066875,0.1185,0.033625,0.17175,0.12475,0.172375,13059,Georgia,Clarke,0.215,49145.0,49.145,21.5,2.0,High-burden,3040,3162,0.0401315789473684,0.0401315789473684
georgia,clayton,119.4,70.0,49.4,0.0,0.0,0.0,0.0,76.0,60.4,45.0,0.0,119.4,0.0,100.0,0.0,0.0,0.0,1.0,0.0,GA,0.110625,0.0611249999999999,0.0687499999999999,0.156375,0.0423749999999999,0.165,0.138375,0.192125,13063,Georgia,Clayton,0.1889999999999999,51422.0,51.422,18.9,2.0,High-burden,3782,4242,0.1216287678476996,0.1216287678476996
georgia,cobb,284.4,215.2,69.0,0.2,0.0,0.0,0.0,97.4,58.2,41.0,195.2,89.2,0.0,31.366819023917262,68.63318097608274,0.0,0.0,0.3136427566807314,0.6863572433192686,GA,0.0883749999999999,0.05,0.0504999999999999,0.0986249999999999,0.027125,0.131625,0.098125,0.1325,13067,Georgia,Cobb,0.096,87532.0,87.532,9.6,0.0,Low-burden,20567,22038,0.0715223416152088,0.0715223416152088
georgia,coffee,116.0,93.6,22.2,0.2,0.0,0.0,0.0,80.8,53.8,34.4,0.0,116.0,0.0,100.0,0.0,0.0,0.0,1.0,0.0,GA,0.103875,0.075375,0.0924999999999999,0.1445,0.0418749999999999,0.1795,0.1553749999999999,0.235875,13069,Georgia,Coffee,0.26,36708.0,36.708,26.0,2.0,High-burden,815,837,0.0269938650306748,0.0269938650306748
georgia,columbia,244.2,233.0,11.0,0.2,0.0,0.0,0.0,77.4,47.4,35.2,244.2,0.0,0.0,0.0,100.0,0.0,0.0,0.0,1.0,GA,0.0885,0.0533749999999999,0.055625,0.0991249999999999,0.027375,0.1387499999999999,0.101625,0.147375,13073,Georgia,Columbia,0.073,87281.0,87.281,7.3,0.0,Low-burden,2404,2710,0.127287853577371,0.127287853577371
georgia,coweta,318.0,213.0,105.0,0.0,0.0,0.0,0.0,74.0,59.0,43.0,88.0,230.0,0.0,72.32704402515722,27.67295597484277,0.0,0.0,0.7232704402515723,0.2767295597484276,GA,0.091625,0.0582499999999999,0.06325,0.106125,0.03,0.1465,0.113125,0.159125,13077,Georgia,Coweta,0.081,85182.0,85.182,8.1,0.0,Low-burden,2475,2928,0.183030303030303,0.183030303030303
georgia,dawson,244.2,228.0,15.2,1.0,0.0,0.0,0.0,101.4,47.0,35.0,244.2,0.0,0.0,0.0,100.0,0.0,0.0,0.0,1.0,GA,0.0902499999999999,0.063625,0.0689999999999999,0.09975,0.029625,0.145,0.1133749999999999,0.162875,13085,Georgia,Dawson,0.09,76903.0,76.903,9.0,0.0,Low-burden,673,808,0.200594353640416,0.200594353640416
georgia,dekalb,365.2,189.4,174.2,1.4,0.2,0.0,0.0,125.4,64.6,49.4,74.6,271.2,0.0,74.25825286323827,20.42877460887791,5.312972527883824,0.0,0.7426067907995618,0.2042716319824753,GA,0.0954999999999999,0.0536249999999999,0.055,0.125125,0.034375,0.140625,0.1095,0.144625,13089,Georgia,Dekalb,0.145,70756.0,70.756,14.499999999999998,2.0,High-burden,17036,18496,0.0857008687485325,0.0857008687485325
georgia,dougherty,357.4,186.2,169.2,1.8,0.2,0.0,0.0,128.4,65.6,48.2,0.0,357.4,0.0,100.0,0.0,0.0,0.0,1.0,0.0,GA,0.1157499999999999,0.0745,0.0868749999999999,0.1675,0.0501249999999999,0.178375,0.154125,0.215625,13095,Georgia,Dougherty,0.261,41985.0,41.985,26.1,2.0,High-burden,2250,2254,0.0017777777777777,0.0017777777777777
georgia,douglas,241.2,215.6,24.0,1.6,0.0,0.0,0.0,109.4,53.0,37.2,241.2,0.0,0.0,0.0,100.0,0.0,0.0,0.0,1.0,GA,0.0999999999999999,0.0583749999999999,0.0643749999999999,0.127875,0.034625,0.15325,0.120625,0.17325,13097,Georgia,Douglas,0.128,66162.0,66.162,12.8,1.0,Mid-burden,2568,2881,0.1218847352024922,0.1218847352024922
georgia,floyd,336.0,166.8,168.8,0.4,0.0,0.0,0.0,95.2,62.8,48.0,0.0,336.0,0.0,100.0,0.0,0.0,0.0,1.0,0.0,GA,0.099125,0.072875,0.0847499999999999,0.1275,0.03725,0.168875,0.14125,0.203125,13115,Georgia,Floyd,0.162,59685.0,59.685,16.2,2.0,High-burden,2018,2073,0.0272547076313181,0.0272547076313181
georgia,fulton,365.2,142.2,218.4,4.4,0.2,0.0,0.0,143.2,70.0,53.4,59.8,297.2,0.0,81.37585148588967,16.378022307058913,2.1913316865034806,0.0,0.8138006571741512,0.1637458926615553,GA,0.090625,0.0501249999999999,0.04975,0.1045,0.030125,0.133125,0.09975,0.132875,13121,Georgia,Fulton,0.1369999999999999,82820.0,82.82,13.699999999999998,0.0,Low-burden,36792,40620,0.104044357469015,0.104044357469015
georgia,glynn,286.8,249.2,37.6,0.0,0.0,0.0,0.0,81.6,52.0,36.0,197.4,89.4,0.0,30.789377570373148,69.21062242962685,0.0,0.0,0.3117154811715481,0.6882845188284519,GA,0.0979999999999999,0.06975,0.0762499999999999,0.125,0.036875,0.153875,0.129,0.18025,13127,Georgia,Glynn,0.165,60685.0,60.685,16.5,2.0,High-burden,2534,2643,0.04301499605367,0.04301499605367
georgia,gwinnett,352.0,188.2,162.8,1.0,0.0,0.0,0.0,101.0,65.6,48.8,90.4,261.6,0.0,74.36704246092997,25.63295753907003,0.0,0.0,0.7431818181818183,0.2568181818181818,GA,0.0864999999999999,0.0527499999999999,0.0535,0.114,0.028875,0.134375,0.10675,0.13925,13135,Georgia,Gwinnett,0.108,75021.0,75.021,10.8,0.0,Low-burden,23796,26819,0.1270381576735585,0.1270381576735585
georgia,hall,328.2,195.0,133.2,0.0,0.0,0.0,0.0,83.2,60.6,45.6,0.0,328.2,0.0,100.0,0.0,0.0,0.0,1.0,0.0,GA,0.0911249999999999,0.066375,0.0717499999999999,0.119,0.032625,0.152375,0.127375,0.172625,13139,Georgia,Hall,0.121,68057.0,68.057,12.1,0.0,Low-burden,4369,4846,0.1091783016708629,0.1091783016708629
georgia,henry,358.0,253.6,101.6,2.8,0.0,0.0,0.0,120.4,60.2,39.8,136.0,222.0,0.0,61.900421328907086,38.099578671092914,0.0,0.0,0.6201117318435754,0.3798882681564245,GA,0.097125,0.05475,0.0586249999999999,0.121125,0.033,0.147875,0.113875,0.161875,13151,Georgia,Henry,0.095,76577.0,76.577,9.5,0.0,Low-burden,3764,4489,0.1926142401700318,0.1926142401700318
georgia,houston,345.6,187.2,156.6,1.6,0.2,0.0,0.0,115.8,63.2,48.0,0.0,345.6,0.0,100.0,0.0,0.0,0.0,1.0,0.0,GA,0.09775,0.0584999999999999,0.0639999999999999,0.119,0.032375,0.152,0.116875,0.172,13153,Georgia,Houston,0.1159999999999999,71609.0,71.609,11.6,0.0,Low-burden,2548,2705,0.0616169544740973,0.0616169544740973
georgia,lowndes,300.4,170.8,129.2,0.2,0.2,0.0,0.0,108.6,60.4,46.6,0.0,300.4,0.0,100.0,0.0,0.0,0.0,1.0,0.0,GA,0.104875,0.0649999999999999,0.075625,0.13,0.0375,0.17375,0.134625,0.191375,13185,Georgia,Lowndes,0.244,46565.0,46.565,24.4,2.0,High-burden,2799,2828,0.0103608431582708,0.0103608431582708
georgia,murray,269.0,235.8,33.2,0.0,0.0,0.0,0.0,86.2,52.0,38.4,215.4,53.6,0.0,19.978245959586744,80.02175404041324,0.0,0.0,0.1992565055762082,0.8007434944237919,GA,0.1002499999999999,0.0748749999999999,0.09325,0.12425,0.036625,0.178125,0.15125,0.22625,13213,Georgia,Murray,0.157,53297.0,53.297,15.7,2.0,High-burden,412,404,-0.0194174757281553,-0.0194174757281553
georgia,muscogee,361.4,233.8,127.0,0.4,0.2,0.0,0.0,108.6,61.0,43.4,89.6,271.8,0.0,75.21142682608804,24.788573173911956,0.0,0.0,0.7520752628666298,0.2479247371333702,GA,0.101625,0.064375,0.0712499999999999,0.139125,0.0387499999999999,0.166125,0.13225,0.195375,13215,Georgia,Muscogee,0.204,52090.0,52.09,20.4,2.0,High-burden,4315,4457,0.0329084588644264,0.0329084588644264
georgia,paulding,11.0,10.0,1.0,0.0,0.0,0.0,0.0,58.0,49.0,28.0,0.0,11.0,0.0,100.0,0.0,0.0,0.0,1.0,0.0,GA,0.0933749999999999,0.055125,0.0626249999999999,0.104125,0.0292499999999999,0.15375,0.11375,0.1704999999999999,13223,Georgia,Paulding,0.076,89632.0,89.632,7.6,0.0,Low-burden,1985,2338,0.1778337531486146,0.1778337531486146
georgia,pike,340.8,317.4,22.4,1.0,0.0,0.0,0.0,105.0,49.2,35.6,340.8,0.0,0.0,0.0,100.0,0.0,0.0,0.0,1.0,GA,0.094375,0.063375,0.074,0.107375,0.032125,0.158875,0.122,0.189125,13231,Georgia,Pike,0.0969999999999999,75668.0,75.668,9.7,0.0,Low-burden,270,300,0.1111111111111111,0.1111111111111111
georgia,richmond,364.4,181.2,180.2,2.8,0.0,0.0,0.2,173.4,65.4,49.8,67.0,287.6,9.8,78.91881342701015,18.393382573710443,0.0,2.687803999279409,0.7892425905598245,0.1838638858397365,GA,0.108,0.0693749999999999,0.0789999999999999,0.15275,0.0438749999999999,0.171625,0.145125,0.207,13245,Georgia,Richmond,0.214,47816.0,47.816,21.4,2.0,High-burden,4264,4279,0.0035178236397748,0.0035178236397748
georgia,rockdale,242.8,209.2,32.0,1.6,0.0,0.0,0.0,107.4,56.4,38.2,242.8,0.0,0.0,0.0,100.0,0.0,0.0,0.0,1.0,GA,0.103375,0.063375,0.067125,0.141375,0.03925,0.15375,0.127625,0.173375,13247,Georgia,Rockdale,0.136,65746.0,65.746,13.6,1.0,Mid-burden,2035,2276,0.1184275184275184,0.1184275184275184
georgia,sumter,241.0,224.8,16.2,0.0,0.0,0.0,0.0,76.4,48.8,35.0,241.0,0.0,0.0,0.0,100.0,0.0,0.0,0.0,1.0,GA,0.11,0.0749999999999999,0.086375,0.157,0.045625,0.1745,0.1495,0.21025,13261,Georgia,Sumter,0.2789999999999999,39008.0,39.008,27.9,2.0,High-burden,616,610,-0.0097402597402597,-0.0097402597402597
georgia,walker,284.2,148.4,135.6,0.2,0.0,0.0,0.0,88.0,62.4,48.2,0.0,284.2,0.0,100.0,0.0,0.0,0.0,1.0,0.0,GA,0.0984999999999999,0.0755,0.0904999999999999,0.121125,0.037,0.1704999999999999,0.1425,0.214875,13295,Georgia,Walker,0.142,47810.0,47.81,14.2,2.0,High-burden,682,718,0.0527859237536656,0.0527859237536656
georgia,washington,234.6,143.8,89.6,1.2,0.0,0.0,0.0,98.0,60.4,42.6,0.0,234.6,0.0,100.0,0.0,0.0,0.0,1.0,0.0,GA,0.107125,0.079375,0.0927499999999999,0.16275,0.0489999999999999,0.173125,0.157625,0.23075,13303,Georgia,Washington,0.226,46051.0,46.051,22.6,2.0,High-burden,343,344,0.0029154518950437,0.0029154518950437
hawaii,hawaii,365.2,253.4,109.0,2.4,0.4,0.0,0.0,96.0,58.0,36.8,0.0,365.2,0.0,100.0,0.0,0.0,0.0,1.0,0.0,HI,0.1006249999999999,0.0628749999999999,0.0577499999999999,0.1033749999999999,0.034875,0.138875,0.1144999999999999,0.1615,15001,Hawaii,Hawaii,0.147,67896.0,67.896,14.7,1.0,Mid-burden,4132,4251,0.0287996127783155,0.0287996127783155
hawaii,honolulu,365.2,356.0,9.2,0.0,0.0,0.0,0.0,64.8,41.4,29.4,233.8,125.2,2.6,34.28145819297852,64.02051051725428,0.8217680964144023,0.7118796317089602,0.3428258488499452,0.640197152245345,HI,0.0882499999999999,0.047,0.039875,0.1048749999999999,0.0285,0.116,0.0919999999999999,0.126375,15003,Hawaii,Honolulu,0.1,90176.0,90.176,10.0,0.0,Low-burden,21628,20973,-0.0302848159792861,-0.0302848159792861
hawaii,kauai,361.2,357.8,3.4,0.0,0.0,0.0,0.0,56.8,32.2,16.2,0.0,276.4,0.0,76.44037232799914,0.0,23.559627672000865,0.0,0.7652270210409745,0.0,HI,0.091625,0.05525,0.0492499999999999,0.099,0.031125,0.126125,0.1027499999999999,0.1395,15007,Hawaii,Kauai,0.1119999999999999,76719.0,76.719,11.2,1.0,Mid-burden,2123,2149,0.0122468205369759,0.0122468205369759
hawaii,maui,359.8,344.4,14.6,0.6,0.2,0.0,0.0,91.8,37.6,23.0,0.0,359.8,0.0,100.0,0.0,0.0,0.0,1.0,0.0,HI,0.0912499999999999,0.0535,0.0477499999999999,0.0948749999999999,0.030625,0.12325,0.097625,0.143625,15009,Hawaii,Maui,0.114,75421.0,75.421,11.4,1.0,Mid-burden,4705,4818,0.0240170031880977,0.0240170031880977
idaho,ada,365.2,242.8,109.4,10.2,2.8,0.0,0.0,160.2,74.4,43.8,199.6,156.8,1.4,42.93090800209596,54.65948050003743,1.75222696309604,0.3834119320308406,0.4293537787513691,0.5465498357064622,ID,0.09225,0.0525,0.050125,0.0828749999999999,0.025625,0.131125,0.0994999999999999,0.13425,16001,Idaho,Ada,0.087,79345.0,79.345,8.7,0.0,Low-burden,13749,16272,0.1835042548548985,0.1835042548548985
idaho,bannock,364.4,276.4,83.2,2.8,2.0,0.0,0.0,145.2,63.2,34.6,46.2,255.2,63.0,69.99273442821463,12.718837508514344,0.0,17.28842806327102,0.7003293084522503,0.1267837541163556,ID,0.0987499999999999,0.0605,0.0632499999999999,0.099,0.030125,0.149375,0.122125,0.17625,16005,Idaho,Bannock,0.129,60058.0,60.058,12.9,1.0,Mid-burden,2071,2266,0.0941574118783196,0.0941574118783196
idaho,benewah,364.0,180.4,168.2,9.8,4.4,0.8,0.4,274.0,79.2,49.6,0.0,364.0,0.0,100.0,0.0,0.0,0.0,1.0,0.0,ID,0.105375,0.0794999999999999,0.083625,0.1195,0.0392499999999999,0.156,0.1455,0.19925,16009,Idaho,Benewah,0.1369999999999999,53667.0,53.667,13.699999999999998,2.0,High-burden,238,268,0.1260504201680672,0.1260504201680672
idaho,blaine,322.4,285.6,31.6,4.6,0.6,0.0,0.0,136.4,52.0,18.8,0.0,322.4,0.0,100.0,0.0,0.0,0.0,1.0,0.0,ID,0.09275,0.0606249999999999,0.056875,0.09775,0.0291249999999999,0.12525,0.112375,0.13475,16013,Idaho,Blaine,0.072,86735.0,86.735,7.200000000000001,1.0,Mid-burden,1465,1657,0.1310580204778157,0.1310580204778157
idaho,boise,365.2,197.2,159.4,6.0,1.8,0.8,0.0,190.4,70.0,47.4,0.0,365.2,0.0,100.0,0.0,0.0,0.0,1.0,0.0,ID,0.0958749999999999,0.071375,0.0678749999999999,0.107,0.033375,0.13225,0.121625,0.1548749999999999,16015,Idaho,Boise,0.12,71545.0,71.545,12.0,0.0,Low-burden,160,190,0.1875,0.1875
idaho,bonner,363.8,268.0,86.0,5.6,2.6,1.6,0.0,210.8,62.6,34.4,0.0,322.8,41.0,88.74508711899574,0.0,0.0,11.254912881004264,0.8873007146783948,0.0,ID,0.100625,0.0725,0.07425,0.108,0.035125,0.141,0.129625,0.172375,16017,Idaho,Bonner,0.118,61940.0,61.94,11.8,1.0,Mid-burden,1566,1786,0.140485312899106,0.140485312899106
idaho,bonneville,357.0,281.0,71.8,3.2,1.0,0.0,0.0,133.8,58.6,33.0,0.0,357.0,0.0,100.0,0.0,0.0,0.0,1.0,0.0,ID,0.0975,0.056625,0.0571249999999999,0.094375,0.02775,0.14075,0.11475,0.15525,16019,Idaho,Bonneville,0.098,69880.0,69.88,9.8,1.0,Mid-burden,3529,3916,0.1096627939926324,0.1096627939926324
idaho,butte,359.6,317.4,40.0,2.0,0.2,0.0,0.0,122.6,54.0,41.0,347.6,12.0,0.0,3.360469560404681,96.63953043959532,0.0,0.0,0.0333704115684093,0.9666295884315906,ID,0.102375,0.08,0.0823749999999999,0.119125,0.038625,0.1495,0.141625,0.1831249999999999,16023,Idaho,Butte,0.158,52221.0,52.221,15.8,2.0,High-burden,58,52,-0.1034482758620689,-0.08128849402067426
idaho,canyon,365.2,237.0,118.8,6.6,2.8,0.0,0.0,145.4,69.8,39.0,0.0,337.4,27.8,92.38565760910248,0.0,0.0,7.614342390897524,0.9238773274917852,0.0,ID,0.103,0.062,0.0665,0.1145,0.0315,0.15125,0.13,0.174125,16027,Idaho,Canyon,0.11,64301.0,64.301,11.0,0.0,Low-burden,4199,5355,0.2753036437246963,0.20333112768049624
idaho,custer,104.4,95.6,7.2,1.6,0.0,0.0,0.0,109.2,38.4,7.4,0.0,104.4,0.0,100.0,0.0,0.0,0.0,1.0,0.0,ID,0.0999999999999999,0.0816249999999999,0.0808749999999999,0.118,0.03875,0.141875,0.138,0.172625,16037,Idaho,Custer,0.126,53846.0,53.846,12.6,1.0,Mid-burden,173,192,0.1098265895953757,0.1098265895953757
idaho,franklin,355.6,277.0,72.8,4.6,1.2,0.0,0.0,137.8,61.6,27.8,0.0,355.6,0.0,100.0,0.0,0.0,0.0,1.0,0.0,ID,0.0978749999999999,0.0623749999999999,0.065875,0.096125,0.030375,0.147875,0.12175,0.168875,16041,Idaho,Franklin,0.0819999999999999,59974.0,59.974,8.2,1.0,Mid-burden,306,359,0.1732026143790849,0.1732026143790849
idaho,idaho,365.2,240.2,116.2,4.4,3.4,0.8,0.2,184.8,66.4,42.6,148.6,216.6,0.0,59.30668463208324,40.69331536791676,0.0,0.0,0.5930996714129244,0.4069003285870756,ID,0.0991249999999999,0.0832499999999999,0.0828749999999999,0.119,0.04,0.14125,0.141625,0.178125,16049,Idaho,Idaho,0.135,51056.0,51.056,13.5,2.0,High-burden,473,526,0.1120507399577167,0.1120507399577167
idaho,jerome,293.25,265.75,24.75,2.5,0.25,0.0,0.0,100.75,44.25,21.75,0.0,293.25,0.0,100.0,0.0,0.0,0.0,1.0,0.0,ID,0.1001249999999999,0.068,0.072125,0.1175,0.034375,0.15225,0.14225,0.1855,16053,Idaho,Jerome,0.126,59040.0,59.04,12.6,1.0,Mid-burden,570,603,0.0578947368421052,0.0578947368421052
idaho,kootenai,350.4,268.8,74.2,3.0,2.2,2.0,0.2,264.6,60.0,30.4,0.0,350.4,0.0,100.0,0.0,0.0,0.0,1.0,0.0,ID,0.09825,0.063125,0.064,0.0944999999999999,0.0305,0.141625,0.119875,0.162875,16055,Idaho,Kootenai,0.095,68043.0,68.043,9.5,1.0,Mid-burden,4910,5761,0.1733197556008146,0.1733197556008146
idaho,latah,357.2,321.4,29.0,3.0,2.0,1.4,0.4,224.0,50.0,17.4,0.0,357.2,0.0,100.0,0.0,0.0,0.0,1.0,0.0,ID,0.0994999999999999,0.054125,0.054375,0.0831249999999999,0.02625,0.144125,0.10625,0.142875,16057,Idaho,Latah,0.136,59436.0,59.436,13.6,1.0,Mid-burden,914,1014,0.1094091903719912,0.1094091903719912
idaho,lemhi,361.6,211.6,136.2,10.8,3.0,0.0,0.0,157.4,81.4,39.8,0.0,361.6,0.0,100.0,0.0,0.0,0.0,1.0,0.0,ID,0.1001249999999999,0.0814999999999999,0.08025,0.115375,0.0388749999999999,0.143,0.137375,0.172625,16059,Idaho,Lemhi,0.12,57499.0,57.499,12.0,2.0,High-burden,296,312,0.054054054054054,0.054054054054054
idaho,nez perce,364.2,265.4,89.0,5.8,1.8,2.0,0.2,248.6,67.8,31.0,0.0,364.2,0.0,100.0,0.0,0.0,0.0,1.0,0.0,ID,0.103,0.06625,0.0686249999999999,0.106125,0.032875,0.148,0.126375,0.16575,16069,Idaho,Nez Perce,0.154,61951.0,61.951,15.4,1.0,Mid-burden,1132,1168,0.0318021201413427,0.0318021201413427
idaho,shoshone,364.8,194.0,158.2,8.6,2.4,1.2,0.4,243.6,79.2,46.4,0.0,362.0,2.8,99.23287423775348,0.0,0.0,0.7671257622465184,0.9923245614035088,0.0,ID,0.1065,0.0828749999999999,0.089875,0.123625,0.040875,0.161375,0.154625,0.21275,16079,Idaho,Shoshone,0.179,47699.0,47.699,17.9,2.0,High-burden,359,348,-0.0306406685236768,-0.0306406685236768
idaho,twin falls,346.6,278.8,62.8,3.6,1.4,0.0,0.0,137.2,57.8,32.6,0.0,346.6,0.0,100.0,0.0,0.0,0.0,1.0,0.0,ID,0.0996249999999999,0.063,0.065875,0.1048749999999999,0.031625,0.145875,0.1275,0.168375,16083,Idaho,Twin Falls,0.134,57487.0,57.487,13.4,1.0,Mid-burden,2653,2890,0.0893328307576328,0.0893328307576328
idaho,valley,350.4,236.2,108.2,4.0,1.8,0.2,0.0,153.0,67.2,33.8,0.0,350.4,0.0,100.0,0.0,0.0,0.0,1.0,0.0,ID,0.0956249999999999,0.066625,0.0645,0.0989999999999999,0.0315,0.132375,0.116625,0.152,16085,Idaho,Valley,0.083,69425.0,69.425,8.3,0.0,Low-burden,619,710,0.1470113085621971,0.1470113085621971
illinois,adams,243.2,217.6,25.4,0.2,0.0,0.0,0.0,94.4,51.4,39.0,243.2,0.0,0.0,0.0,100.0,0.0,0.0,0.0,1.0,IL,0.0972499999999999,0.067125,0.0751249999999999,0.1011249999999999,0.03275,0.142875,0.11725,0.1855,17001,Illinois,Adams,0.118,59777.0,59.777,11.8,1.0,Mid-burden,1825,1763,-0.033972602739726,-0.033972602739726
illinois,champaign,365.2,230.6,133.2,1.4,0.0,0.0,0.0,108.4,62.8,45.0,159.6,205.6,0.0,56.29732764428475,43.70267235571525,0.0,0.0,0.5629791894852136,0.4370208105147864,IL,0.0958749999999999,0.053,0.0582499999999999,0.0932499999999999,0.027375,0.1397499999999999,0.1014999999999999,0.1528749999999999,17019,Illinois,Champaign,0.15,58787.0,58.787,15.0,2.0,High-burden,4273,4249,-0.0056166627662064,-0.0056166627662064
illinois,clark,330.6,310.6,19.6,0.4,0.0,0.0,0.0,91.4,47.4,34.0,330.6,0.0,0.0,0.0,100.0,0.0,0.0,0.0,1.0,IL,0.0966249999999999,0.0671249999999999,0.0774999999999999,0.1,0.0325,0.1445,0.119375,0.190375,17023,Illinois,Clark,0.102,58741.0,58.741,10.2,1.0,Mid-burden,323,328,0.0154798761609907,0.0154798761609907
illinois,cook,365.2,90.6,257.0,15.6,2.0,0.0,0.0,161.4,85.0,57.8,80.0,261.2,12.4,71.52226963096041,21.90687925742945,3.1773336327569432,3.393517478853208,0.7152245345016429,0.2190580503833516,IL,0.091375,0.05375,0.05525,0.10575,0.0305,0.124875,0.105125,0.142875,17031,Illinois,Cook,0.138,72063.0,72.063,13.8,0.0,Low-burden,133666,134715,0.0078479194409947,0.0078479194409947
illinois,dupage,351.0,186.8,161.2,2.6,0.4,0.0,0.0,134.8,68.2,48.6,125.2,225.8,0.0,63.5623526269819,36.4376473730181,0.0,0.0,0.6433048433048434,0.3566951566951567,IL,0.0826249999999999,0.0486249999999999,0.0475,0.0871249999999999,0.024125,0.111,0.085875,0.11975,17043,Illinois,Dupage,0.069,99536.0,99.536,6.9,0.0,Low-burden,34041,34061,0.0005875268059105,0.0005875268059105
illinois,effingham,227.4,205.2,21.4,0.8,0.0,0.0,0.0,93.8,51.2,39.2,227.4,0.0,0.0,0.0,100.0,0.0,0.0,0.0,1.0,IL,0.0957499999999999,0.0635,0.072875,0.0951249999999999,0.03075,0.142125,0.1141249999999999,0.182875,17049,Illinois,Effingham,0.093,69988.0,69.988,9.3,0.0,Low-burden,1229,1251,0.0179007323026851,0.0179007323026851
illinois,hamilton,357.6,213.2,143.0,1.4,0.0,0.0,0.0,106.0,61.6,46.8,111.0,246.6,0.0,68.89278076734772,31.107219232652263,0.0,0.0,0.6895973154362416,0.3104026845637583,IL,0.0988749999999999,0.0714999999999999,0.083125,0.106125,0.034875,0.1475,0.1255,0.196875,17065,Illinois,Hamilton,0.132,55409.0,55.409,13.2,2.0,High-burden,200,180,-0.1,-0.08128849402067426
illinois,jersey,346.0,216.4,127.4,2.2,0.0,0.0,0.0,116.8,62.2,46.0,132.2,213.8,0.0,61.91722690772394,38.08277309227606,0.0,0.0,0.6179190751445087,0.3820809248554913,IL,0.0953749999999999,0.062875,0.07125,0.094625,0.03025,0.140625,0.11175,0.17825,17083,Illinois,Jersey,0.093,68675.0,68.675,9.3,0.0,Low-burden,422,403,-0.0450236966824644,-0.0450236966824644
illinois,jo daviess,349.2,330.0,18.8,0.4,0.0,0.0,0.0,92.8,46.2,33.8,349.2,0.0,0.0,0.0,100.0,0.0,0.0,0.0,1.0,IL,0.093625,0.0719999999999999,0.0768749999999999,0.105125,0.03375,0.133125,0.116,0.170125,17085,Illinois,Jo Daviess,0.086,67839.0,67.839,8.6,1.0,Mid-burden,722,663,-0.0817174515235457,-0.08128849402067426
illinois,kane,313.0,230.4,79.0,3.4,0.2,0.0,0.0,130.0,65.2,41.4,230.2,82.8,0.0,27.015580489607668,72.98441951039233,0.0,0.0,0.2645367412140575,0.7354632587859424,IL,0.0889999999999999,0.054375,0.0571249999999999,0.1022499999999999,0.02725,0.12625,0.10475,0.1455,17089,Illinois,Kane,0.086,90941.0,90.941,8.6,0.0,Low-burden,12994,13181,0.0143912575034631,0.0143912575034631
illinois,lake,288.0,241.8,38.8,6.8,0.6,0.0,0.0,145.8,64.2,38.2,288.0,0.0,0.0,0.0,100.0,0.0,0.0,0.0,1.0,IL,0.0864999999999999,0.0514999999999999,0.0518749999999999,0.0937499999999999,0.0255,0.120625,0.0941249999999999,0.131625,17097,Illinois,Lake,0.085,95895.0,95.895,8.5,0.0,Low-burden,19861,19831,-0.0015104979608277,-0.0015104979608277
illinois,macon,363.0,189.0,172.2,1.8,0.0,0.0,0.0,105.8,63.8,49.4,101.4,261.6,0.0,72.063912934802,27.93608706519801,0.0,0.0,0.7206611570247935,0.2793388429752066,IL,0.102875,0.069125,0.0783749999999999,0.112625,0.0355,0.148125,0.124625,0.193625,17115,Illinois,Macon,0.171,48245.0,48.245,17.1,2.0,High-burden,2417,2324,-0.0384774513860157,-0.0384774513860157
illinois,macoupin,331.2,308.6,22.0,0.6,0.0,0.0,0.0,96.2,48.2,34.2,239.0,0.0,0.0,0.0,73.97379700863105,26.026202991368944,0.0,0.0,0.7216183574879227,IL,0.09875,0.0699999999999999,0.082375,0.105375,0.034125,0.1495,0.124875,0.199625,17117,Illinois,Macoupin,0.154,57755.0,57.755,15.4,1.0,Mid-burden,862,827,-0.0406032482598607,-0.0406032482598607
illinois,madison,364.6,133.0,225.4,5.4,0.8,0.0,0.0,140.2,73.8,54.4,124.4,238.8,1.4,65.49016944035625,34.125665119438466,0.0,0.3841654402052907,0.6549643444871092,0.3411958310477235,IL,0.09775,0.061625,0.0705,0.1002499999999999,0.03075,0.14275,0.113375,0.182375,17119,Illinois,Madison,0.114,65886.0,65.886,11.4,0.0,Low-burden,5757,5549,-0.0361299287823519,-0.0361299287823519
illinois,mchenry,351.2,195.8,150.6,4.8,0.0,0.0,0.0,126.6,66.0,47.6,130.8,220.4,0.0,62.95169812840402,37.04830187159599,0.0,0.0,0.6275626423690205,0.3724373576309795,IL,0.08925,0.053,0.0567499999999999,0.088,0.025375,0.124375,0.097125,0.145375,17111,Illinois,Mchenry,0.06,92522.0,92.522,6.0,0.0,Low-burden,7961,8039,0.0097977640999874,0.0097977640999874
illinois,mclean,364.4,191.0,172.4,1.0,0.0,0.0,0.0,110.2,63.4,49.0,110.0,254.4,0.0,69.80852024687641,30.191479753123595,0.0,0.0,0.6981339187705818,0.3018660812294182,IL,0.094125,0.053,0.0579999999999999,0.0882499999999999,0.02625,0.1365,0.098625,0.15175,17113,Illinois,Mclean,0.134,71309.0,71.309,13.4,0.0,Low-burden,3609,3411,-0.054862842892768,-0.054862842892768
illinois,peoria,363.8,205.0,156.8,2.0,0.0,0.0,0.0,106.6,64.2,47.6,131.4,232.4,0.0,63.89567090595436,36.10432909404564,0.0,0.0,0.6388125343595382,0.3611874656404618,IL,0.100125,0.063,0.0702499999999999,0.10775,0.03275,0.14075,0.1149999999999999,0.1735,17143,Illinois,Peoria,0.163,56460.0,56.46,16.3,2.0,High-burden,4373,4248,-0.0285844957694946,-0.0285844957694946
illinois,randolph,350.2,215.6,133.6,1.0,0.0,0.0,0.0,113.2,61.2,46.0,132.4,217.8,0.0,61.90075612014984,38.09924387985016,0.0,0.0,0.6219303255282697,0.3780696744717304,IL,0.0982499999999999,0.0721249999999999,0.0853749999999999,0.11275,0.036375,0.150125,0.13075,0.2168749999999999,17157,Illinois,Randolph,0.15,58694.0,58.694,15.0,2.0,High-burden,661,632,-0.0438729198184568,-0.0438729198184568
illinois,rock island,361.0,225.6,134.0,1.4,0.0,0.0,0.0,104.6,62.8,45.0,152.2,208.8,0.0,57.914994803951025,42.085005196048975,0.0,0.0,0.5783933518005541,0.4216066481994459,IL,0.0966249999999999,0.06625,0.0728749999999999,0.110875,0.033125,0.14125,0.118875,0.1836249999999999,17161,Illinois,Rock Island,0.165,58171.0,58.171,16.5,2.0,High-burden,3077,3062,-0.0048748781280467,-0.0048748781280467
illinois,sangamon,362.6,232.0,130.0,0.6,0.0,0.0,0.0,103.8,61.8,44.8,146.4,216.2,0.0,59.65918639650433,40.340813603495675,0.0,0.0,0.5962493105350247,0.4037506894649751,IL,0.0985,0.061875,0.06875,0.1005,0.03125,0.1387499999999999,0.1124999999999999,0.173,17167,Illinois,Sangamon,0.144,68476.0,68.476,14.400000000000002,2.0,High-burden,5009,4826,-0.0365342383709323,-0.0365342383709323
illinois,will,364.6,188.8,173.8,1.8,0.2,0.0,0.0,112.8,65.8,49.4,109.4,255.2,0.0,70.00354730367184,29.996452696328163,0.0,0.0,0.6999451453647832,0.3000548546352167,IL,0.090625,0.051125,0.054125,0.094875,0.02625,0.122875,0.09775,0.1435,17197,Illinois,Will,0.079,93994.0,93.994,7.9,0.0,Low-burden,15417,16469,0.0682363624570279,0.0682363624570279
illinois,winnebago,356.6,236.6,119.0,0.8,0.2,0.0,0.0,108.2,61.8,43.4,185.8,170.8,0.0,47.96271814830491,52.03728185169509,0.0,0.0,0.4789680314077397,0.5210319685922602,IL,0.0995,0.0671249999999999,0.076375,0.114625,0.034625,0.145375,0.125375,0.189,17201,Illinois,Winnebago,0.142,57113.0,57.113,14.2,2.0,High-burden,6402,6251,-0.0235863792564823,-0.0235863792564823
indiana,allen,365.2,219.2,144.0,2.0,0.0,0.0,0.0,109.6,63.8,46.2,174.6,190.6,0.0,52.186840332360205,47.813159667639795,0.0,0.0,0.5219058050383352,0.4780941949616648,IN,0.1039999999999999,0.0643749999999999,0.0768749999999999,0.11325,0.031875,0.152125,0.120125,0.198,18003,Indiana,Allen,0.131,62680.0,62.68,13.1,2.0,High-burden,9192,9432,0.0261096605744125,0.0261096605744125
indiana,bartholomew,364.6,256.2,107.6,0.8,0.0,0.0,0.0,93.6,59.4,43.0,176.0,188.6,0.0,51.73339700197998,48.26660299802002,0.0,0.0,0.5172792100932528,0.4827207899067471,IN,0.0948749999999999,0.0625,0.074125,0.10775,0.029625,0.143875,0.11375,0.185875,18005,Indiana,Bartholomew,0.081,72458.0,72.458,8.1,0.0,Low-burden,1884,1889,0.0026539278131634,0.0026539278131634
indiana,boone,335.6,306.0,27.8,1.8,0.0,0.0,0.0,101.0,50.2,34.6,335.6,0.0,0.0,0.0,100.0,0.0,0.0,0.0,1.0,IN,0.0919999999999999,0.0514999999999999,0.0583749999999999,0.08775,0.02425,0.13125,0.0934999999999999,0.149125,18011,Indiana,Boone,0.055,98047.0,98.047,5.5,0.0,Low-burden,1525,1733,0.1363934426229508,0.1363934426229508
indiana,brown,337.2,317.0,20.2,0.0,0.0,0.0,0.0,85.0,47.2,34.6,337.2,0.0,0.0,0.0,100.0,0.0,0.0,0.0,1.0,IN,0.0988749999999999,0.0719999999999999,0.0846249999999999,0.114625,0.033375,0.146625,0.12275,0.190875,18013,Indiana,Brown,0.108,66839.0,66.839,10.8,1.0,Mid-burden,348,348,0.0,0.0
indiana,carroll,335.6,314.0,20.8,0.8,0.0,0.0,0.0,96.2,47.8,34.2,335.6,0.0,0.0,0.0,100.0,0.0,0.0,0.0,1.0,IN,0.099875,0.07075,0.0878749999999999,0.11375,0.0335,0.156625,0.12725,0.208625,18015,Indiana,Carroll,0.085,57019.0,57.019,8.5,1.0,Mid-burden,396,388,-0.0202020202020202,-0.0202020202020202
indiana,clark,363.4,226.6,135.6,1.2,0.0,0.0,0.0,102.4,63.2,44.8,179.8,183.6,0.0,50.36178593118395,49.63821406881604,0.0,0.0,0.5052283984589984,0.4947716015410017,IN,0.102625,0.06425,0.0817499999999999,0.112125,0.03175,0.157375,0.124125,0.20675,18019,Indiana,Clark,0.104,62822.0,62.822,10.4,0.0,Low-burden,2495,2580,0.034068136272545,0.034068136272545
indiana,delaware,344.0,285.4,57.6,1.0,0.0,0.0,0.0,101.2,56.6,36.8,272.4,71.6,0.0,20.981457976618664,79.01854202338134,0.0,0.0,0.2081395348837209,0.791860465116279,IN,0.1095,0.07,0.0906249999999999,0.118125,0.034875,0.17125,0.134,0.217,18035,Indiana,Delaware,0.184,50533.0,50.533,18.4,2.0,High-burden,2455,2321,-0.0545824847250509,-0.0545824847250509
indiana,dubois,121.4,77.0,44.4,0.0,0.0,0.0,0.0,79.8,60.8,42.8,0.0,118.4,3.0,97.54392840062854,0.0,0.0,2.456071599371456,0.9752883031301482,0.0,IN,0.0974999999999999,0.0653749999999999,0.0786249999999999,0.106125,0.030875,0.1495,0.11925,0.191125,18037,Indiana,Dubois,0.075,67615.0,67.615,7.5,0.0,Low-burden,1290,1295,0.003875968992248,0.003875968992248
indiana,elkhart,364.8,239.0,124.6,0.8,0.4,0.0,0.0,108.2,61.0,42.8,142.8,222.0,0.0,60.85555842193859,39.14444157806141,0.0,0.0,0.6085526315789473,0.3914473684210526,IN,0.1015,0.066125,0.08475,0.115375,0.033375,0.15975,0.130375,0.205125,18039,Indiana,Elkhart,0.113,62233.0,62.233,11.3,0.0,Low-burden,4949,5057,0.0218225904223075,0.0218225904223075
indiana,floyd,359.6,303.0,54.4,2.2,0.0,0.0,0.0,117.6,51.6,37.0,301.6,58.0,0.0,15.971652545728086,84.02834745427191,0.0,0.0,0.1612903225806451,0.8387096774193549,IN,0.1004999999999999,0.061375,0.076125,0.1028749999999999,0.029875,0.15175,0.116875,0.1895,18043,Indiana,Floyd,0.092,67330.0,67.33,9.2,0.0,Low-burden,1873,1877,0.0021356113187399,0.0021356113187399
indiana,greene,343.0,279.6,62.6,0.8,0.0,0.0,0.0,101.4,56.8,39.0,277.2,65.8,0.0,19.3796893851573,80.62031061484271,0.0,0.0,0.1918367346938775,0.8081632653061224,IN,0.10375,0.0755,0.0967499999999999,0.121125,0.036,0.165125,0.138625,0.226625,18055,Indiana,Greene,0.143,55504.0,55.504,14.3,2.0,High-burden,562,545,-0.0302491103202846,-0.0302491103202846
indiana,hamilton,365.2,230.2,133.0,2.0,0.0,0.0,0.0,110.0,62.4,45.2,151.0,214.2,0.0,58.653342316041616,41.34665768395838,0.0,0.0,0.5865279299014239,0.4134720700985761,IN,0.087625,0.046875,0.0487499999999999,0.0846249999999999,0.02175,0.121875,0.083375,0.120625,18057,Indiana,Hamilton,0.038,108203.0,108.203,3.8,0.0,Low-burden,9057,9847,0.0872253505575797,0.0872253505575797
indiana,hendricks,339.4,319.6,19.4,0.4,0.0,0.0,0.0,92.2,47.2,34.0,339.4,0.0,0.0,0.0,100.0,0.0,0.0,0.0,1.0,IN,0.093625,0.053125,0.06125,0.0944999999999999,0.02575,0.136125,0.098,0.1625,18063,Indiana,Hendricks,0.053,90298.0,90.298,5.3,0.0,Low-burden,3293,3651,0.1087154570300637,0.1087154570300637
indiana,henry,118.0,82.4,35.4,0.2,0.0,0.0,0.0,78.6,58.8,38.6,0.0,118.0,0.0,100.0,0.0,0.0,0.0,1.0,0.0,IN,0.103125,0.074375,0.0933749999999999,0.11775,0.035125,0.163,0.135,0.225875,18065,Indiana,Henry,0.151,52994.0,52.994,15.1,2.0,High-burden,834,846,0.014388489208633,0.014388489208633
indiana,howard,361.8,234.8,125.2,1.8,0.0,0.0,0.0,102.4,59.6,43.8,141.6,220.2,0.0,61.02032742096119,38.97967257903881,0.0,0.0,0.6086235489220563,0.3913764510779436,IN,0.104375,0.070625,0.0873749999999999,0.119125,0.034625,0.1585,0.129625,0.2153749999999999,18067,Indiana,Howard,0.119,56268.0,56.268,11.9,2.0,High-burden,1780,1759,-0.0117977528089887,-0.0117977528089887
indiana,huntington,319.3333333333333,303.0,16.333333333333332,0.0,0.0,0.0,0.0,93.66666666666669,46.666666666666664,33.666666666666664,319.3333333333333,0.0,0.0,0.0,100.0,0.0,0.0,0.0,1.0,IN,0.1013749999999999,0.06725,0.0848749999999999,0.11125,0.032125,0.157625,0.125,0.211375,18069,Indiana,Huntington,0.106,55546.0,55.546,10.6,1.0,Mid-burden,901,868,-0.0366259711431742,-0.0366259711431742
indiana,jackson,309.0,289.0,20.0,0.0,0.0,0.0,0.0,87.66666666666667,48.0,35.666666666666664,309.0,0.0,0.0,0.0,100.0,0.0,0.0,0.0,1.0,IN,0.1025,0.071375,0.0915,0.120375,0.034375,0.16225,0.134625,0.224875,18071,Indiana,Jackson,0.142,61943.0,61.943,14.2,1.0,Mid-burden,1006,988,-0.0178926441351888,-0.0178926441351888
indiana,johnson,237.0,214.0,23.0,0.0,0.0,0.0,0.0,80.0,50.0,39.0,237.0,0.0,0.0,0.0,100.0,0.0,0.0,0.0,1.0,IN,0.0955,0.0567499999999999,0.07025,0.100125,0.027375,0.146125,0.10725,0.1856249999999999,18081,Indiana,Johnson,0.075,79914.0,79.914,7.5,0.0,Low-burden,3168,3456,0.0909090909090909,0.0909090909090909
indiana,knox,356.4,322.0,33.0,1.4,0.0,0.0,0.0,104.4,50.6,35.2,356.4,0.0,0.0,0.0,100.0,0.0,0.0,0.0,1.0,IN,0.103625,0.072125,0.092375,0.117625,0.034875,0.165875,0.1345,0.22375,18083,Indiana,Knox,0.15,56564.0,56.564,15.0,1.0,Mid-burden,877,841,-0.041049030786773,-0.041049030786773
indiana,lake,365.2,157.6,202.8,4.2,0.6,0.0,0.0,147.2,69.4,52.2,85.2,273.2,4.2,74.8081443221798,23.32959053821394,0.6025900142226215,1.150086084287746,0.7480832420591457,0.2332968236582694,IN,0.1025,0.0663749999999999,0.079875,0.133875,0.03575,0.15275,0.132875,0.1997499999999999,18089,Indiana,Lake,0.139,61468.0,61.468,13.900000000000002,2.0,High-burden,10090,10280,0.018830525272547,0.018830525272547
indiana,laporte,348.0,272.0,69.8,5.8,0.4,0.0,0.0,146.2,63.2,38.2,294.8,53.2,0.0,15.539593675024513,84.4604063249755,0.0,0.0,0.1528735632183908,0.8471264367816093,IN,0.104,0.07225,0.0906249999999999,0.128125,0.03575,0.159,0.136125,0.23175,18091,Indiana,Laporte,0.122,62620.0,62.62,12.2,1.0,Mid-burden,2314,2232,-0.0354364736387208,-0.0354364736387208
indiana,madison,365.0,209.6,153.6,1.8,0.0,0.0,0.0,107.2,62.4,47.0,124.2,240.8,0.0,65.97294987369095,34.02705012630905,0.0,0.0,0.6597260273972603,0.3402739726027397,IN,0.11075,0.0725,0.09475,0.12725,0.03625,0.16625,0.1382499999999999,0.233375,18095,Indiana,Madison,0.157,54026.0,54.026,15.7,2.0,High-burden,2264,2286,0.0097173144876325,0.0097173144876325
indiana,marion,365.2,101.6,257.4,6.0,0.2,0.0,0.0,130.0,74.2,56.0,62.4,302.0,0.2,82.69346507972155,17.087506549891458,0.1643835616438356,0.0546448087431694,0.8269441401971522,0.1708652792990142,IN,0.10725,0.0631249999999999,0.077375,0.122625,0.035,0.15975,0.125375,0.203625,18097,Indiana,Marion,0.151,58737.0,58.737,15.1,2.0,High-burden,23438,23865,0.0182182780100691,0.0182182780100691
indiana,monroe,346.2,226.0,120.2,0.0,0.0,0.0,0.0,80.6,58.8,42.2,0.0,346.2,0.0,100.0,0.0,0.0,0.0,1.0,0.0,IN,0.1002499999999999,0.05725,0.0702499999999999,0.0979999999999999,0.028125,0.160375,0.1115,0.17525,18105,Indiana,Monroe,0.211,53166.0,53.166,21.1,2.0,High-burden,3122,3039,-0.0265855221012171,-0.0265855221012171
indiana,morgan,321.6666666666667,303.0,18.666666666666668,0.0,0.0,0.0,0.0,83.66666666666667,46.666666666666664,34.666666666666664,321.6666666666667,0.0,0.0,0.0,100.0,0.0,0.0,0.0,1.0,IN,0.101625,0.066625,0.0863749999999999,0.115,0.03225,0.1585,0.12575,0.2125,18109,Indiana,Morgan,0.103,69203.0,69.203,10.3,1.0,Mid-burden,1212,1210,-0.0016501650165016,-0.0016501650165016
indiana,perry,336.0,308.8,26.8,0.4,0.0,0.0,0.0,92.6,50.0,36.4,336.0,0.0,0.0,0.0,100.0,0.0,0.0,0.0,1.0,IN,0.0985,0.0704999999999999,0.0876249999999999,0.11225,0.0335,0.157,0.128375,0.221,18123,Indiana,Perry,0.128,58097.0,58.097,12.8,1.0,Mid-burden,362,340,-0.0607734806629834,-0.0607734806629834
indiana,porter,365.2,227.0,132.0,5.8,0.4,0.0,0.0,140.4,64.2,45.0,165.8,187.4,12.0,51.31776330563665,45.39576315592485,0.0,3.2864735384385058,0.5131434830230012,0.4539978094194962,IN,0.096125,0.061125,0.072,0.1068749999999999,0.0287499999999999,0.144375,0.11225,0.17975,18127,Indiana,Porter,0.0969999999999999,80878.0,80.878,9.7,0.0,Low-burden,3564,3639,0.021043771043771,0.021043771043771
indiana,posey,333.6,307.2,25.8,0.6,0.0,0.0,0.0,99.0,49.4,34.8,333.6,0.0,0.0,0.0,100.0,0.0,0.0,0.0,1.0,IN,0.0981249999999999,0.0654999999999999,0.0799999999999999,0.10625,0.031125,0.14975,0.119,0.19675,18129,Indiana,Posey,0.091,74102.0,74.102,9.1,0.0,Low-burden,512,500,-0.0234375,-0.0234375
indiana,shelby,340.0,314.0,24.6,1.4,0.0,0.0,0.0,103.8,49.6,35.2,340.0,0.0,0.0,0.0,100.0,0.0,0.0,0.0,1.0,IN,0.1013749999999999,0.067875,0.086125,0.1135,0.0325,0.1585,0.128,0.21625,18145,Indiana,Shelby,0.099,64528.0,64.528,9.9,1.0,Mid-burden,937,931,-0.0064034151547491,-0.0064034151547491
indiana,spencer,119.6,78.0,41.6,0.0,0.0,0.0,0.0,78.0,60.2,41.8,0.0,119.6,0.0,100.0,0.0,0.0,0.0,1.0,0.0,IN,0.0998749999999999,0.07075,0.0875,0.112625,0.03325,0.156125,0.1265,0.2105,18147,Indiana,Spencer,0.081,62311.0,62.311,8.1,0.0,Low-burden,404,419,0.0371287128712871,0.0371287128712871
indiana,st. joseph,365.2,200.4,161.4,3.2,0.2,0.0,0.0,127.4,66.6,48.0,141.8,220.2,0.0,60.29448311999401,38.82880455123886,0.8767123287671232,0.0,0.6029572836801752,0.3882803943044907,IN,0.1013749999999999,0.0639999999999999,0.0775,0.114125,0.0325,0.1558749999999999,0.121625,0.190375,18141,Indiana,St. Joseph,0.143,59325.0,59.325,14.3,2.0,High-burden,5840,5917,0.0131849315068493,0.0131849315068493
indiana,sullivan,148.0,92.0,56.0,0.0,0.0,0.0,0.0,75.25,58.75,41.5,0.0,148.0,0.0,100.0,0.0,0.0,0.0,1.0,0.0,IN,0.103375,0.07475,0.0973749999999999,0.123,0.03625,0.16675,0.140125,0.244375,18153,Indiana,Sullivan,0.162,47606.0,47.606,16.2,2.0,High-burden,334,315,-0.0568862275449101,-0.0568862275449101
indiana,tippecanoe,348.6,197.6,151.0,0.0,0.0,0.0,0.0,82.2,60.8,46.4,0.0,348.6,0.0,100.0,0.0,0.0,0.0,1.0,0.0,IN,0.1,0.0562499999999999,0.0686249999999999,0.1005,0.027875,0.155625,0.1107499999999999,0.172375,18157,Indiana,Tippecanoe,0.177,55192.0,55.192,17.7,2.0,High-burden,3652,3664,0.0032858707557502,0.0032858707557502
indiana,vanderburgh,365.2,211.6,152.0,1.6,0.0,0.0,0.0,111.6,62.8,47.0,131.4,233.8,0.0,64.02604985403099,35.97395014596901,0.0,0.0,0.640197152245345,0.359802847754655,IN,0.10375,0.06725,0.08525,0.1169999999999999,0.033875,0.1655,0.128,0.21075,18163,Indiana,Vanderburgh,0.139,53795.0,53.795,13.900000000000002,2.0,High-burden,5066,5064,-0.0003947887879984,-0.0003947887879984
indiana,vigo,365.2,179.4,184.4,1.4,0.0,0.0,0.0,106.6,65.8,50.2,115.0,250.2,0.0,68.51336177857624,31.486638221423753,0.0,0.0,0.685104052573932,0.3148959474260679,IN,0.105125,0.0698749999999999,0.089625,0.11875,0.0345,0.167875,0.132375,0.225125,18167,Indiana,Vigo,0.204,48421.0,48.421,20.4,2.0,High-burden,2470,2377,-0.0376518218623481,-0.0376518218623481
indiana,wabash,354.0,320.0,32.6,1.4,0.0,0.0,0.0,105.8,50.6,35.4,354.0,0.0,0.0,0.0,100.0,0.0,0.0,0.0,1.0,IN,0.10275,0.0733749999999999,0.0916249999999999,0.117,0.035125,0.162,0.13275,0.2183749999999999,18169,Indiana,Wabash,0.1119999999999999,62193.0,62.193,11.2,1.0,Mid-burden,736,731,-0.0067934782608695,-0.0067934782608695
indiana,warrick,341.2,311.4,28.0,1.8,0.0,0.0,0.0,109.6,50.8,36.2,341.2,0.0,0.0,0.0,100.0,0.0,0.0,0.0,1.0,IN,0.095125,0.059375,0.0691249999999999,0.0992499999999999,0.0278749999999999,0.14075,0.1061249999999999,0.175,18173,Indiana,Warrick,0.068,83005.0,83.005,6.800000000000001,0.0,Low-burden,1166,1230,0.0548885077186964,0.0548885077186964
indiana,whitley,349.4,206.8,142.6,0.0,0.0,0.0,0.0,87.4,60.8,45.2,0.0,349.4,0.0,100.0,0.0,0.0,0.0,1.0,0.0,IN,0.0991249999999999,0.0657499999999999,0.0806249999999999,0.105875,0.031125,0.151,0.11875,0.198625,18183,Indiana,Whitley,0.073,64146.0,64.146,7.3,0.0,Low-burden,687,684,-0.0043668122270742,-0.0043668122270742
iowa,black hawk,364.4,187.2,177.2,0.0,0.0,0.0,0.0,88.2,63.4,47.4,0.0,364.4,0.0,100.0,0.0,0.0,0.0,1.0,0.0,IA,0.093,0.06,0.063875,0.0979999999999999,0.0305,0.139,0.10225,0.1765,19013,Iowa,Black Hawk,0.135,60716.0,60.716,13.5,2.0,High-burden,3186,3155,-0.0097300690521029,-0.0097300690521029
iowa,bremer,243.4,226.2,16.8,0.4,0.0,0.0,0.0,94.4,47.8,37.0,243.4,0.0,0.0,0.0,100.0,0.0,0.0,0.0,1.0,IA,0.085875,0.0567499999999999,0.055625,0.0844999999999999,0.027125,0.12275,0.089125,0.1495,19017,Iowa,Bremer,0.071,75395.0,75.395,7.1,0.0,Low-burden,615,566,-0.0796747967479674,-0.0796747967479674
iowa,cerro gordo,141.6,140.4,1.2,0.0,0.0,0.0,0.0,53.0,31.4,16.6,0.0,0.0,141.6,0.0,0.0,0.0,100.0,0.0,0.0,IA,0.0891249999999999,0.064375,0.065875,0.0998749999999999,0.031375,0.128875,0.1035,0.16875,19033,Iowa,Cerro Gordo,0.1169999999999999,55465.0,55.465,11.7,1.0,Mid-burden,1440,1357,-0.0576388888888888,-0.0576388888888888
iowa,clinton,356.4,150.0,206.0,0.4,0.0,0.0,0.0,96.6,67.4,51.8,79.0,277.4,0.0,77.47136594168558,22.528634058314424,0.0,0.0,0.7783389450056116,0.2216610549943883,IA,0.095,0.0683749999999999,0.07375,0.105,0.033375,0.1377499999999999,0.1115,0.191625,19045,Iowa,Clinton,0.115,60528.0,60.528,11.5,2.0,High-burden,1166,1126,-0.0343053173241852,-0.0343053173241852
iowa,delaware,54.0,43.0,11.0,0.0,0.0,0.0,0.0,70.0,53.0,29.0,0.0,52.0,2.0,96.29629629629628,0.0,0.0,3.703703703703703,0.9629629629629628,0.0,IA,0.0883749999999999,0.0655,0.068,0.0975,0.031375,0.13075,0.104625,0.17975,19055,Iowa,Delaware,0.091,69767.0,69.767,9.1,1.0,Mid-burden,491,520,0.0590631364562118,0.0590631364562118
iowa,harrison,243.0,216.2,26.4,0.4,0.0,0.0,0.0,91.8,53.8,38.4,243.0,0.0,0.0,0.0,100.0,0.0,0.0,0.0,1.0,IA,0.0896249999999999,0.065375,0.068625,0.0983749999999999,0.031375,0.133875,0.105375,0.182375,19085,Iowa,Harrison,0.104,67433.0,67.433,10.4,0.0,Low-burden,350,361,0.0314285714285714,0.0314285714285714
iowa,johnson,363.2,198.2,164.4,0.6,0.0,0.0,0.0,98.6,63.2,47.8,0.0,363.2,0.0,100.0,0.0,0.0,0.0,1.0,0.0,IA,0.088625,0.0489999999999999,0.0483749999999999,0.0803749999999999,0.0245,0.129125,0.0852499999999999,0.136,19103,Iowa,Johnson,0.147,68664.0,68.664,14.7,2.0,High-burden,3298,3424,0.0382049727107337,0.0382049727107337
iowa,lee,114.2,73.4,40.8,0.0,0.0,0.0,0.0,73.8,60.4,41.8,0.0,114.2,0.0,100.0,0.0,0.0,0.0,1.0,0.0,IA,0.09325,0.068125,0.07325,0.107375,0.033625,0.1385,0.112125,0.197,19111,Iowa,Lee,0.141,56001.0,56.001,14.099999999999998,2.0,High-burden,875,825,-0.0571428571428571,-0.0571428571428571
iowa,linn,365.2,199.4,164.0,1.8,0.0,0.0,0.0,108.0,65.0,47.4,95.2,270.0,0.0,73.9294857399506,26.0705142600494,0.0,0.0,0.7393209200438117,0.2606790799561884,IA,0.0903749999999999,0.0547499999999999,0.056375,0.0882499999999999,0.027,0.127875,0.0921249999999999,0.15875,19113,Iowa,Linn,0.0969999999999999,70464.0,70.464,9.7,0.0,Low-burden,5596,5710,0.0203716940671908,0.0203716940671908
iowa,montgomery,362.0,248.2,113.6,0.2,0.0,0.0,0.0,89.0,59.2,43.0,118.6,243.4,0.0,67.24594615072945,32.75405384927056,0.0,0.0,0.6723756906077348,0.3276243093922651,IA,0.0932499999999999,0.071875,0.07725,0.108875,0.035,0.1397499999999999,0.116125,0.198,19137,Iowa,Montgomery,0.1169999999999999,53399.0,53.399,11.7,2.0,High-burden,310,304,-0.0193548387096774,-0.0193548387096774
iowa,muscatine,365.2,204.8,160.2,0.2,0.0,0.0,0.0,96.4,62.6,46.0,0.0,364.8,0.4,99.89041095890413,0.0,0.0,0.1095890410958904,0.9989047097480832,0.0,IA,0.0877499999999999,0.061,0.0635,0.10075,0.029875,0.1315,0.1044999999999999,0.173,19139,Iowa,Muscatine,0.111,63519.0,63.519,11.1,0.0,Low-burden,950,929,-0.0221052631578947,-0.0221052631578947
iowa,palo alto,364.4,230.0,133.0,1.0,0.4,0.0,0.0,115.4,61.6,45.0,108.6,255.8,0.0,70.19206995630613,29.807930043693876,0.0,0.0,0.7019758507135018,0.2980241492864983,IA,0.0876249999999999,0.063125,0.06275,0.0946249999999999,0.030375,0.1255,0.0974999999999999,0.16325,19147,Iowa,Palo Alto,0.118,57866.0,57.866,11.8,2.0,High-burden,294,278,-0.0544217687074829,-0.0544217687074829
iowa,polk,365.2,237.2,126.8,0.8,0.4,0.0,0.0,131.2,61.2,44.0,142.8,219.0,0.0,59.96451830226813,39.10457369563589,0.9309080020959652,0.0,0.5996714129244249,0.3910186199342826,IA,0.0856249999999999,0.0539999999999999,0.0546249999999999,0.0889999999999999,0.026375,0.12925,0.0916249999999999,0.16575,19153,Iowa,Polk,0.1009999999999999,73276.0,73.276,10.1,0.0,Low-burden,12995,13749,0.0580223162754905,0.0580223162754905
iowa,pottawattamie,125.8,84.2,41.2,0.4,0.0,0.0,0.0,89.2,60.0,41.6,0.0,121.0,4.8,96.23342646685292,0.0,0.0,3.766573533147066,0.9618441971383148,0.0,IA,0.0934999999999999,0.062875,0.06825,0.100125,0.03075,0.137,0.1075,0.1955,19155,Iowa,Pottawattamie,0.123,66144.0,66.144,12.3,0.0,Low-burden,1980,1973,-0.0035353535353535,-0.0035353535353535
iowa,scott,365.2,134.8,228.2,2.0,0.2,0.0,0.0,116.2,69.6,53.8,57.0,243.8,64.4,66.76233250991841,15.605509394415751,0.0,17.63215809566584,0.667579408543264,0.156078860898138,IA,0.0922499999999999,0.0577499999999999,0.0593749999999999,0.09725,0.0285,0.127,0.096625,0.16525,19163,Iowa,Scott,0.129,66443.0,66.443,12.9,2.0,High-burden,4475,4480,0.0011173184357541,0.0011173184357541
iowa,van buren,362.6,241.2,121.4,0.0,0.0,0.0,0.0,92.4,59.0,43.0,113.8,248.2,0.2,68.45854318179148,31.37555032920402,0.1101961825978067,0.0557103064066852,0.6845008273579701,0.3138444567015995,IA,0.093625,0.074,0.0805,0.11025,0.035625,0.14075,0.118625,0.204125,19177,Iowa,Van Buren,0.127,53210.0,53.21,12.7,2.0,High-burden,154,137,-0.1103896103896103,-0.08128849402067426
iowa,warren,105.0,91.0,14.0,0.0,0.0,0.0,0.0,67.0,51.0,39.0,105.0,0.0,0.0,0.0,100.0,0.0,0.0,0.0,1.0,IA,0.0866249999999999,0.052875,0.053625,0.0828749999999999,0.0255,0.123875,0.0886249999999999,0.153,19181,Iowa,Warren,0.054,85704.0,85.704,5.4,0.0,Low-burden,886,966,0.0902934537246049,0.0902934537246049
iowa,woodbury,119.8,86.0,33.6,0.0,0.2,0.0,0.0,99.4,58.2,40.0,0.0,119.2,0.6,99.50819672131146,0.0,0.0,0.4918032786885246,0.994991652754591,0.0,IA,0.0914999999999999,0.05975,0.0652499999999999,0.107,0.03025,0.13475,0.1068749999999999,0.1865,19193,Iowa,Woodbury,0.155,60110.0,60.11,15.5,2.0,High-burden,2639,2591,-0.0181887078438802,-0.0181887078438802
kansas,chase,118.6,102.6,15.8,0.2,0.0,0.0,0.0,81.4,51.0,27.2,0.0,118.6,0.0,100.0,0.0,0.0,0.0,1.0,0.0,KS,0.0954999999999999,0.07125,0.073,0.112,0.033375,0.1405,0.1145,0.176875,20017,Kansas,Chase,0.109,57415.0,57.415,10.9,1.0,Mid-burden,66,65,-0.0151515151515151,-0.0151515151515151
kansas,ford,336.4,327.2,8.6,0.4,0.2,0.0,0.0,105.8,32.6,15.2,0.0,0.0,336.4,0.0,0.0,0.0,100.0,0.0,0.0,KS,0.0935,0.064125,0.064875,0.131,0.031375,0.1458749999999999,0.1255,0.182,20057,Kansas,Ford,0.1159999999999999,67105.0,67.105,11.6,1.0,Mid-burden,777,780,0.0038610038610038,0.0038610038610038
kansas,johnson,363.6,264.6,98.0,1.0,0.0,0.0,0.0,104.8,59.2,41.0,188.6,174.6,0.4,47.990320564720435,51.90009039418368,0.0,0.1095890410958904,0.4801980198019801,0.5187018701870186,KS,0.088,0.046375,0.0427499999999999,0.07925,0.022125,0.1115,0.0774999999999999,0.11375,20091,Kansas,Johnson,0.059,93220.0,93.22,5.9,0.0,Low-burden,17992,18623,0.0350711427301022,0.0350711427301022
kansas,leavenworth,359.8,339.6,19.8,0.4,0.0,0.0,0.0,94.8,46.8,33.2,359.8,0.0,0.0,0.0,100.0,0.0,0.0,0.0,1.0,KS,0.0944999999999999,0.0554999999999999,0.0576249999999999,0.102875,0.027125,0.134375,0.0983749999999999,0.174,20103,Kansas,Leavenworth,0.087,81325.0,81.325,8.7,0.0,Low-burden,1263,1273,0.0079176563737133,0.0079176563737133
kansas,neosho,363.4,242.8,119.6,1.0,0.0,0.0,0.0,106.8,59.8,43.6,178.0,179.4,6.0,49.30131563024131,49.04737304495,0.0,1.651311324808686,0.4936708860759494,0.4898183819482664,KS,0.1004999999999999,0.07225,0.078125,0.116625,0.034625,0.1528749999999999,0.122875,0.19525,20133,Kansas,Neosho,0.15,51056.0,51.056,15.0,2.0,High-burden,445,421,-0.0539325842696629,-0.0539325842696629
kansas,sedgwick,365.2,255.2,108.4,1.6,0.0,0.0,0.0,110.4,60.8,43.2,212.4,117.6,28.6,32.2036080544951,58.15420315891909,1.807770042667864,7.834418743917958,0.3220153340635268,0.5815991237677985,KS,0.0992499999999999,0.062125,0.062375,0.115125,0.029875,0.147875,0.1102499999999999,0.181125,20173,Kansas,Sedgwick,0.133,60540.0,60.54,13.3,2.0,High-burden,12225,12404,0.014642126789366,0.014642126789366
kansas,shawnee,364.4,213.6,149.2,0.8,0.8,0.0,0.0,134.8,63.4,46.2,122.2,241.4,0.8,66.21655377110973,33.56411014061091,0.0,0.2193360882793697,0.6624588364434688,0.3353457738748628,KS,0.1012499999999999,0.060625,0.0653749999999999,0.116375,0.030375,0.144125,0.10825,0.176375,20177,Kansas,Shawnee,0.146,56625.0,56.625,14.6,2.0,High-burden,4193,4023,-0.0405437634152158,-0.0405437634152158
kansas,sherman,312.6,303.2,9.0,0.2,0.0,0.2,0.0,107.2,35.0,14.2,0.0,0.0,312.6,0.0,0.0,0.0,100.0,0.0,0.0,KS,0.0955,0.06575,0.0676249999999999,0.106625,0.031,0.140625,0.110625,0.17325,20181,Kansas,Sherman,0.135,54207.0,54.207,13.5,1.0,Mid-burden,250,259,0.036,0.036
kansas,sumner,365.2,255.0,108.8,1.4,0.0,0.0,0.0,109.6,60.4,43.0,210.0,145.8,8.4,39.91092147615839,57.51583202335504,0.273972602739726,2.299273897746837,0.3992332968236583,0.5750273822562979,KS,0.0974999999999999,0.06775,0.072375,0.109875,0.032125,0.14475,0.115375,0.1905,20191,Kansas,Sumner,0.122,58342.0,58.342,12.2,2.0,High-burden,478,470,-0.0167364016736401,-0.0167364016736401
kansas,trego,364.0,297.2,65.2,1.4,0.0,0.0,0.2,155.6,56.6,38.6,266.6,93.0,3.8,25.56043041194029,73.22924808484484,0.1654422925141156,1.0448792107007498,0.2554945054945055,0.7324175824175825,KS,0.0943749999999999,0.07025,0.07075,0.107875,0.0325,0.136125,0.109625,0.1709999999999999,20195,Kansas,Trego,0.105,56619.0,56.619,10.5,1.0,Mid-burden,123,118,-0.040650406504065,-0.040650406504065
kansas,wyandotte,365.0,185.0,176.6,3.2,0.2,0.0,0.0,134.2,66.8,49.2,108.2,247.8,1.0,67.88162978573938,29.651861649840544,2.083094987204576,0.2735234673253986,0.6789041095890411,0.2964383561643836,KS,0.1035,0.0672499999999999,0.073,0.14525,0.03725,0.15875,0.1357499999999999,0.221375,20209,Kansas,Wyandotte,0.1689999999999999,54943.0,54.943,16.9,2.0,High-burden,3038,3107,0.0227123107307439,0.0227123107307439
kentucky,bell,281.8,219.8,61.6,0.4,0.0,0.0,0.0,85.4,54.0,41.0,185.0,96.8,0.0,30.202456467012077,69.79754353298793,0.0,0.0,0.3435060326472675,0.6564939673527324,KY,0.124625,0.107625,0.157125,0.161,0.051875,0.21825,0.21325,0.317875,21013,Kentucky,Bell,0.321,31033.0,31.033,32.1,2.0,High-burden,463,455,-0.0172786177105831,-0.0172786177105831
kentucky,boone,238.2,218.2,19.6,0.2,0.2,0.0,0.0,101.0,49.2,38.0,238.2,0.0,0.0,0.0,100.0,0.0,0.0,0.0,1.0,KY,0.0978749999999999,0.05975,0.0726249999999999,0.09925,0.027,0.1505,0.116625,0.1725,21015,Kentucky,Boone,0.064,85284.0,85.284,6.4,0.0,Low-burden,3110,3153,0.0138263665594855,0.0138263665594855
kentucky,boyd,364.0,248.6,115.0,0.4,0.0,0.0,0.0,94.2,59.0,44.0,102.2,256.4,0.4,70.46033747673093,28.05306597985691,1.3771572141210586,0.1094393292911146,0.7043956043956043,0.2807692307692307,KY,0.109625,0.0828749999999999,0.10675,0.129625,0.037625,0.1781249999999999,0.15675,0.235625,21019,Kentucky,Boyd,0.21,48979.0,48.979,21.0,2.0,High-burden,1242,1200,-0.0338164251207729,-0.0338164251207729
kentucky,bullitt,237.2,210.8,25.6,0.8,0.0,0.0,0.0,119.6,51.8,38.4,237.2,0.0,0.0,0.0,100.0,0.0,0.0,0.0,1.0,KY,0.1052499999999999,0.07075,0.09225,0.10975,0.032125,0.171125,0.1387499999999999,0.219875,21029,Kentucky,Bullitt,0.111,68630.0,68.63,11.1,0.0,Low-burden,1157,1222,0.0561797752808988,0.0561797752808988
kentucky,campbell,360.4,219.8,139.6,1.0,0.0,0.0,0.0,103.6,61.6,45.4,98.4,254.8,0.0,70.71942241256615,27.26889645089084,2.0116811365430154,0.0,0.706992230854606,0.2730299667036626,KY,0.10125,0.06475,0.08,0.102125,0.0292499999999999,0.160875,0.124,0.1856249999999999,21037,Kentucky,Campbell,0.111,71245.0,71.245,11.1,0.0,Low-burden,1676,1715,0.0232696897374701,0.0232696897374701
kentucky,carter,283.0,260.0,23.0,0.0,0.0,0.0,0.0,74.8,49.0,35.6,206.2,75.8,1.0,26.798604439771985,72.84750006881129,0.0,0.3538954914167138,0.2678445229681979,0.7286219081272084,KY,0.1171249999999999,0.09375,0.13025,0.1425,0.04375,0.1975,0.183125,0.270875,21043,Kentucky,Carter,0.256,43538.0,43.538,25.6,2.0,High-burden,406,403,-0.0073891625615763,-0.0073891625615763
kentucky,christian,304.6,222.8,81.8,0.0,0.0,0.0,0.0,85.0,58.2,42.4,166.4,138.2,0.0,43.16574304157457,56.83425695842543,0.0,0.0,0.4537097833223899,0.5462902166776099,KY,0.1115,0.07225,0.095875,0.129875,0.03725,0.188,0.1515,0.24225,21047,Kentucky,Christian,0.1669999999999999,48416.0,48.416,16.7,2.0,High-burden,1336,1263,-0.0546407185628742,-0.0546407185628742
kentucky,daviess,362.8,209.0,153.2,0.6,0.0,0.0,0.0,102.0,63.4,47.0,98.0,259.6,0.0,71.56327279278099,26.991218360552978,1.4455088466660309,0.0,0.7155457552370452,0.2701212789415655,KY,0.10525,0.07575,0.09475,0.1195,0.0345,0.1725,0.145125,0.216625,21059,Kentucky,Daviess,0.136,59304.0,59.304,13.6,2.0,High-burden,2327,2378,0.0219166308551783,0.0219166308551783
kentucky,edmonson,364.8,270.8,94.0,0.0,0.0,0.0,0.0,80.4,55.4,41.0,199.2,163.8,0.0,44.88198103266596,54.62441667921121,0.0,0.0,0.4490131578947368,0.5460526315789473,KY,0.11325,0.090125,0.123125,0.135375,0.041625,0.190875,0.173625,0.26325,21061,Kentucky,Edmonson,0.184,47734.0,47.734,18.4,2.0,High-burden,114,115,0.0087719298245614,0.0087719298245614
kentucky,fayette,364.2,230.8,133.2,0.2,0.0,0.0,0.0,91.6,60.2,45.4,101.8,253.2,0.4,69.5286606091375,27.942794910008026,2.4185030071766285,0.1100414736778373,0.6952224052718287,0.2795167490389895,KY,0.1034999999999999,0.0616249999999999,0.0729999999999999,0.108,0.02975,0.158,0.12125,0.168875,21067,Kentucky,Fayette,0.146,61269.0,61.269,14.6,2.0,High-burden,8730,8948,0.024971363115693,0.024971363115693
kentucky,greenup,234.8,227.4,7.2,0.2,0.0,0.0,0.0,72.6,46.2,35.2,234.8,0.0,0.0,0.0,100.0,0.0,0.0,0.0,1.0,KY,0.111125,0.0813749999999999,0.105,0.1235,0.037,0.175375,0.154875,0.22375,21089,Kentucky,Greenup,0.146,54292.0,54.292,14.6,1.0,Mid-burden,456,466,0.0219298245614035,0.0219298245614035
kentucky,hancock,220.2,198.6,21.6,0.0,0.0,0.0,0.0,91.6,49.8,39.0,220.2,0.0,0.0,0.0,100.0,0.0,0.0,0.0,1.0,KY,0.1076249999999999,0.07925,0.103875,0.120125,0.036125,0.1775,0.151,0.235875,21091,Kentucky,Hancock,0.126,60897.0,60.897,12.6,1.0,Mid-burden,134,132,-0.0149253731343283,-0.0149253731343283
kentucky,hardin,363.8,227.2,136.4,0.2,0.0,0.0,0.0,88.0,60.2,46.0,99.2,264.6,0.0,72.74430495256868,27.255695047431317,0.0,0.0,0.7273227047828478,0.2726772952171523,KY,0.107625,0.06825,0.0856249999999999,0.11725,0.032875,0.168125,0.1375,0.2153749999999999,21093,Kentucky,Hardin,0.1169999999999999,61224.0,61.224,11.7,2.0,High-burden,2089,2219,0.0622307324078506,0.0622307324078506
kentucky,henderson,261.3333333333333,124.33333333333331,136.0,1.0,0.0,0.0,0.0,94.0,65.0,51.333333333333336,45.333333333333336,216.0,0.0,87.47970573313039,12.520294266869607,0.0,0.0,0.826530612244898,0.173469387755102,KY,0.1091249999999999,0.078625,0.102625,0.127625,0.037125,0.1775,0.15325,0.2355,21101,Kentucky,Henderson,0.124,56142.0,56.142,12.4,2.0,High-burden,997,982,-0.0150451354062186,-0.0150451354062186
kentucky,jefferson,365.2,134.2,225.6,5.0,0.4,0.0,0.0,131.0,70.6,53.6,83.8,277.2,0.0,75.90418444494348,22.94557975896399,1.1502357960925218,0.0,0.7590361445783133,0.2294633077765608,KY,0.1053749999999999,0.0679999999999999,0.08275,0.116125,0.03325,0.1615,0.12825,0.2012499999999999,21111,Kentucky,Jefferson,0.145,60636.0,60.636,14.499999999999998,2.0,High-burden,19796,20123,0.0165184885835522,0.0165184885835522
kentucky,jessamine,239.4,219.4,19.8,0.2,0.0,0.0,0.0,87.0,50.0,39.4,239.4,0.0,0.0,0.0,100.0,0.0,0.0,0.0,1.0,KY,0.1055,0.07025,0.089125,0.11125,0.0325,0.169125,0.1372499999999999,0.2055,21113,Kentucky,Jessamine,0.138,61652.0,61.652,13.8,2.0,High-burden,1134,1226,0.0811287477954144,0.0811287477954144
kentucky,livingston,253.6,231.4,22.0,0.2,0.0,0.0,0.0,93.0,49.8,39.2,240.6,0.0,13.0,0.0,94.95089610822396,0.0,5.049103891776035,0.0,0.9487381703470033,KY,0.109625,0.0859999999999999,0.112125,0.1295,0.03925,0.1785,0.16125,0.238125,21139,Kentucky,Livingston,0.144,48371.0,48.371,14.400000000000002,2.0,High-burden,146,139,-0.047945205479452,-0.047945205479452
kentucky,madison,113.0,84.0,29.0,0.0,0.0,0.0,0.0,73.0,56.0,39.0,0.0,113.0,0.0,100.0,0.0,0.0,0.0,1.0,0.0,KY,0.109125,0.06725,0.0878749999999999,0.10675,0.03125,0.177125,0.137,0.20425,21151,Kentucky,Madison,0.166,54498.0,54.498,16.6,2.0,High-burden,1651,1736,0.0514839491217444,0.0514839491217444
kentucky,mccracken,363.6,203.2,159.6,0.8,0.0,0.0,0.0,105.6,63.2,47.6,91.0,264.4,0.6,72.71403350637635,25.029569037251783,2.090802956856435,0.1655944995154262,0.727172717271727,0.2502750275027502,KY,0.1059999999999999,0.076875,0.09675,0.12575,0.036875,0.1699999999999999,0.14675,0.212625,21145,Kentucky,Mccracken,0.174,60504.0,60.504,17.4,2.0,High-burden,2092,2037,-0.0262906309751434,-0.0262906309751434
kentucky,morgan,358.4,342.2,16.2,0.0,0.0,0.0,0.0,77.6,46.8,35.0,358.4,0.0,0.0,0.0,100.0,0.0,0.0,0.0,1.0,KY,0.111375,0.0926249999999999,0.127125,0.139625,0.0428749999999999,0.19375,0.180875,0.285625,21175,Kentucky,Morgan,0.263,47131.0,47.131,26.3,2.0,High-burden,156,145,-0.0705128205128205,-0.0705128205128205
kentucky,oldham,241.0,211.8,28.4,0.8,0.0,0.0,0.0,106.8,53.8,39.4,241.0,0.0,0.0,0.0,100.0,0.0,0.0,0.0,1.0,KY,0.0942499999999999,0.0562499999999999,0.0645,0.0915,0.02525,0.1392499999999999,0.10575,0.1565,21185,Kentucky,Oldham,0.049,109181.0,109.181,4.9,0.0,Low-burden,1210,1311,0.0834710743801653,0.0834710743801653
kentucky,perry,359.6,235.4,124.2,0.0,0.0,0.0,0.0,88.6,58.4,44.4,83.8,275.8,0.0,76.65362361841659,23.346376381583415,0.0,0.0,0.7669632925472747,0.2330367074527252,KY,0.1161249999999999,0.09225,0.128625,0.1405,0.0429999999999999,0.20075,0.1825,0.276375,21193,Kentucky,Perry,0.299,36528.0,36.528,29.9,2.0,High-burden,555,546,-0.0162162162162162,-0.0162162162162162
kentucky,pike,362.8,268.8,93.8,0.0,0.2,0.0,0.0,97.2,56.2,41.4,92.8,270.0,0.0,74.41190545915775,25.588094540842256,0.0,0.0,0.7442116868798235,0.2557883131201764,KY,0.1166249999999999,0.0939999999999999,0.133625,0.143,0.0435,0.198625,0.18575,0.27725,21195,Kentucky,Pike,0.301,38066.0,38.066,30.1,2.0,High-burden,1207,1094,-0.0936205468102734,-0.08128849402067426
kentucky,pulaski,298.0,238.6,59.2,0.2,0.0,0.0,0.0,79.2,55.2,40.6,174.6,123.4,0.0,39.282729455494675,60.71727054450533,0.0,0.0,0.4140939597315436,0.5859060402684564,KY,0.114125,0.088125,0.118875,0.136,0.04075,0.1885,0.172875,0.24775,21199,Kentucky,Pulaski,0.191,45532.0,45.532,19.1,2.0,High-burden,1402,1437,0.0249643366619115,0.0249643366619115
kentucky,simpson,237.6,218.6,19.0,0.0,0.0,0.0,0.0,80.8,49.2,38.2,237.6,0.0,0.0,0.0,100.0,0.0,0.0,0.0,1.0,KY,0.108125,0.0744999999999999,0.097375,0.120625,0.03575,0.176125,0.147125,0.229375,21213,Kentucky,Simpson,0.136,58531.0,58.531,13.6,2.0,High-burden,402,394,-0.0199004975124378,-0.0199004975124378
kentucky,trigg,347.0,328.2,18.8,0.0,0.0,0.0,0.0,83.8,47.6,35.6,347.0,0.0,0.0,0.0,100.0,0.0,0.0,0.0,1.0,KY,0.107,0.081875,0.1013749999999999,0.12925,0.03775,0.167125,0.149875,0.218625,21221,Kentucky,Trigg,0.172,52511.0,52.511,17.2,2.0,High-burden,233,218,-0.0643776824034334,-0.0643776824034334
kentucky,warren,358.4,219.2,138.8,0.4,0.0,0.0,0.0,94.4,60.8,45.8,70.0,288.4,0.0,80.45069217017287,19.54930782982713,0.0,0.0,0.8046875,0.1953125,KY,0.1068749999999999,0.0665,0.08525,0.1105,0.031625,0.172375,0.134875,0.207875,21227,Kentucky,Warren,0.148,59223.0,59.223,14.800000000000002,2.0,High-burden,2987,2913,-0.0247740207566119,-0.0247740207566119
kentucky,washington,362.2,336.6,25.4,0.2,0.0,0.0,0.0,86.6,48.4,36.4,362.2,0.0,0.0,0.0,100.0,0.0,0.0,0.0,1.0,KY,0.1065,0.077125,0.09975,0.123875,0.036125,0.172875,0.14975,0.223625,21229,Kentucky,Washington,0.128,64733.0,64.733,12.8,1.0,Mid-burden,232,242,0.043103448275862,0.043103448275862
louisiana,ascension,361.6,333.2,26.8,1.4,0.2,0.0,0.0,120.2,48.8,32.0,353.2,0.0,0.0,0.0,97.67494787376287,2.3250521262371215,0.0,0.0,0.9767699115044248,LA,0.0905,0.0584999999999999,0.065,0.1055,0.030625,0.16025,0.11425,0.184875,22005,Louisiana,Ascension,0.114,75498.0,75.498,11.4,1.0,Mid-burden,2290,2530,0.1048034934497816,0.1048034934497816
louisiana,bossier,362.6,251.8,110.6,0.2,0.0,0.0,0.0,95.0,60.0,41.6,162.6,195.2,4.8,53.80438065695455,44.86908050716866,0.0,1.3265388358767871,0.5383342526199668,0.4484280198565912,LA,0.0949999999999999,0.0659999999999999,0.075125,0.1159999999999999,0.0345,0.1685,0.127375,0.197125,22015,Louisiana,Bossier,0.152,61225.0,61.225,15.2,2.0,High-burden,2495,2577,0.0328657314629258,0.0328657314629258
louisiana,caddo,355.8,277.0,78.2,0.6,0.0,0.0,0.0,105.8,58.6,38.0,260.2,95.6,0.0,26.876742657143676,73.12325734285632,0.0,0.0,0.2686902754356379,0.7313097245643619,LA,0.10525,0.0748749999999999,0.0857499999999999,0.149125,0.0452499999999999,0.17775,0.144,0.221125,22017,Louisiana,Caddo,0.236,44968.0,44.968,23.6,2.0,High-burden,6293,6036,-0.0408390274908628,-0.0408390274908628
louisiana,calcasieu,361.8,148.8,210.8,2.0,0.2,0.0,0.0,117.0,65.6,52.0,66.6,294.0,0.0,81.178474702673,18.487734034619464,0.3337912627075401,0.0,0.8126036484245439,0.1840796019900497,LA,0.0971249999999999,0.0678749999999999,0.0799999999999999,0.12125,0.03675,0.179875,0.133,0.215,22019,Louisiana,Calcasieu,0.183,57667.0,57.667,18.3,2.0,High-burden,4675,4651,-0.0051336898395721,-0.0051336898395721
louisiana,east baton rouge,365.2,192.6,167.6,4.8,0.2,0.0,0.0,127.6,65.6,49.0,87.6,275.8,0.2,75.52481473164158,23.982334007036457,0.43805674077401,0.0547945205479452,0.7552026286966047,0.2398685651697699,LA,0.0936249999999999,0.0615,0.065,0.12175,0.03575,0.162,0.118875,0.177875,22033,Louisiana,East Baton Rouge,0.192,51746.0,51.746,19.2,2.0,High-burden,12347,12559,0.0171701627925811,0.0171701627925811
louisiana,iberville,365.2,292.8,68.6,3.6,0.2,0.0,0.0,129.8,59.8,38.6,298.4,66.4,0.0,18.182199266412155,81.70821169249196,0.1095890410958904,0.0,0.1818181818181818,0.8170865279299014,LA,0.1025,0.074875,0.0868749999999999,0.144625,0.044375,0.17975,0.1465,0.231375,22047,Louisiana,Iberville,0.225,47942.0,47.942,22.5,2.0,High-burden,542,551,0.0166051660516605,0.0166051660516605
louisiana,jefferson,363.2,256.4,105.8,1.0,0.0,0.0,0.0,100.6,59.8,42.4,152.6,208.6,0.0,57.41839705046658,42.03226394823767,0.5493390012957451,0.0,0.5743392070484582,0.4201541850220264,LA,0.0922499999999999,0.066875,0.07275,0.127125,0.035625,0.16125,0.1265,0.184125,22051,Louisiana,Jefferson,0.175,56080.0,56.08,17.5,2.0,High-burden,11894,11783,-0.0093324365226164,-0.0093324365226164
louisiana,lafayette,364.8,217.2,147.2,0.4,0.0,0.0,0.0,98.6,63.0,45.0,136.0,228.6,0.2,62.6662652416077,37.278940237844346,0.0,0.0547945205479452,0.6266447368421052,0.3728070175438596,LA,0.0935,0.0635,0.070875,0.114625,0.033375,0.166625,0.124125,0.195875,22055,Louisiana,Lafayette,0.177,59062.0,59.062,17.7,2.0,High-burden,8567,8674,0.0124897863896346,0.0124897863896346
louisiana,lafourche,360.0,233.8,125.6,0.6,0.0,0.0,0.0,100.4,58.8,44.2,140.2,219.8,0.0,61.12568335270604,38.87431664729396,0.0,0.0,0.6105555555555556,0.3894444444444444,LA,0.0976249999999999,0.0743749999999999,0.0893749999999999,0.123125,0.03775,0.18475,0.141875,0.2319999999999999,22057,Louisiana,Lafourche,0.157,58740.0,58.74,15.7,2.0,High-burden,1758,1695,-0.0358361774744027,-0.0358361774744027
louisiana,livingston,359.6,201.2,157.4,1.0,0.0,0.0,0.0,109.4,62.2,47.4,91.2,267.0,0.0,74.26070863854201,25.339669254703153,0.3996221067548418,0.0,0.7424916573971079,0.253615127919911,LA,0.093,0.0644999999999999,0.077625,0.102125,0.031375,0.17325,0.125125,0.21725,22063,Louisiana,Livingston,0.12,71605.0,71.605,12.0,0.0,Low-burden,1784,1988,0.1143497757847533,0.1143497757847533
louisiana,orleans,363.6,259.4,104.2,0.0,0.0,0.0,0.0,86.8,57.2,39.4,0.0,315.8,4.0,86.84013735743568,0.0,11.841080290189286,1.0974479169615297,0.8685368536853685,0.0,LA,0.1003749999999999,0.06575,0.071625,0.14,0.0423749999999999,0.169625,0.131125,0.19625,22071,Louisiana,Orleans,0.252,46188.0,46.188,25.2,2.0,High-burden,9422,9909,0.0516875398004669,0.0516875398004669
louisiana,ouachita,359.6,316.6,42.8,0.2,0.0,0.0,0.0,90.4,51.4,34.8,287.4,72.2,0.0,20.082943364899982,79.91705663510001,0.0,0.0,0.2007786429365962,0.7992213570634037,LA,0.10225,0.07375,0.086875,0.13425,0.0412499999999999,0.18175,0.143875,0.220125,22073,Louisiana,Ouachita,0.255,47737.0,47.737,25.5,2.0,High-burden,4269,4209,-0.0140548137737174,-0.0140548137737174
louisiana,pointe coupee,359.4,337.0,21.4,1.0,0.0,0.0,0.0,102.8,46.0,32.0,359.4,0.0,0.0,0.0,100.0,0.0,0.0,0.0,1.0,LA,0.1024999999999999,0.0816249999999999,0.0944999999999999,0.14525,0.045625,0.179625,0.151,0.22875,22077,Louisiana,Pointe Coupee,0.188,51988.0,51.988,18.8,2.0,High-burden,342,343,0.0029239766081871,0.0029239766081871
louisiana,rapides,117.6,86.4,31.0,0.2,0.0,0.0,0.0,80.8,57.2,38.8,0.0,117.6,0.0,100.0,0.0,0.0,0.0,1.0,0.0,LA,0.1006249999999999,0.0738749999999999,0.08525,0.136,0.040625,0.1795,0.142125,0.223375,22079,Louisiana,Rapides,0.1989999999999999,47316.0,47.316,19.9,2.0,High-burden,3119,3133,0.0044886181468419,0.0044886181468419
louisiana,st. bernard,362.2,208.2,153.2,0.8,0.0,0.0,0.0,97.8,61.4,47.0,124.8,236.8,0.6,65.36601218119179,34.46837636874874,0.0,0.1656114500594758,0.6537824406405301,0.3445610160132523,LA,0.1006249999999999,0.072375,0.0876249999999999,0.131625,0.0385,0.188375,0.148375,0.23925,22087,Louisiana,St. Bernard,0.217,46938.0,46.938,21.7,2.0,High-burden,678,686,0.0117994100294985,0.0117994100294985
louisiana,st. james,355.0,344.0,11.0,0.0,0.0,0.0,0.0,83.6,44.2,28.8,355.0,0.0,0.0,0.0,100.0,0.0,0.0,0.0,1.0,LA,0.1016249999999999,0.07325,0.0822499999999999,0.143,0.0438749999999999,0.1745,0.140125,0.215625,22093,Louisiana,St. James,0.17,60466.0,60.466,17.0,1.0,Mid-burden,318,330,0.0377358490566037,0.0377358490566037
louisiana,st. john the baptist,354.4,335.0,19.0,0.4,0.0,0.0,0.0,97.8,46.6,31.8,354.4,0.0,0.0,0.0,100.0,0.0,0.0,0.0,1.0,LA,0.10125,0.0682499999999999,0.0747499999999999,0.142625,0.0414999999999999,0.170875,0.1355,0.203375,22095,Louisiana,St. John The Baptist,0.168,58548.0,58.548,16.8,1.0,Mid-burden,732,723,-0.0122950819672131,-0.0122950819672131
louisiana,st. martin,354.4,330.6,23.6,0.2,0.0,0.0,0.0,90.4,48.6,34.0,354.4,0.0,0.0,0.0,100.0,0.0,0.0,0.0,1.0,LA,0.09975,0.07525,0.0898749999999999,0.131875,0.040875,0.1815,0.14575,0.238625,22099,Louisiana,St. Martin,0.184,49271.0,49.271,18.4,2.0,High-burden,931,936,0.0053705692803437,0.0053705692803437
louisiana,st. tammany,361.6,274.6,86.6,0.4,0.0,0.0,0.0,95.0,58.0,39.2,181.8,179.8,0.0,49.772031621346684,50.22796837865331,0.0,0.0,0.4972345132743362,0.5027654867256637,LA,0.0889999999999999,0.0639999999999999,0.068125,0.104875,0.031,0.155,0.115375,0.176,22103,Louisiana,St. Tammany,0.127,68616.0,68.616,12.7,0.0,Low-burden,6469,6807,0.0522491884371618,0.0522491884371618
louisiana,tangipahoa,117.8,83.6,34.2,0.0,0.0,0.0,0.0,75.0,57.4,38.2,0.0,117.8,0.0,100.0,0.0,0.0,0.0,1.0,0.0,LA,0.1018749999999999,0.07275,0.0879999999999999,0.1285,0.0394999999999999,0.186625,0.143875,0.224375,22105,Louisiana,Tangipahoa,0.178,51596.0,51.596,17.8,2.0,High-burden,2426,2598,0.0708985985160758,0.0708985985160758
louisiana,terrebonne,117.8,91.8,26.0,0.0,0.0,0.0,0.0,75.0,56.2,36.0,0.0,117.8,0.0,100.0,0.0,0.0,0.0,1.0,0.0,LA,0.100875,0.076625,0.0912499999999999,0.131625,0.040125,0.187,0.14825,0.23825,22109,Louisiana,Terrebonne,0.1689999999999999,59482.0,59.482,16.9,2.0,High-burden,2823,2662,-0.0570315267445979,-0.0570315267445979
louisiana,west baton rouge,365.0,213.6,149.0,2.4,0.0,0.0,0.0,124.0,62.0,46.2,93.2,267.8,0.0,73.37277416796842,25.530729993114903,1.0964958389166788,0.0,0.7336986301369863,0.2553424657534247,LA,0.097625,0.0645,0.0735,0.12325,0.037,0.16825,0.126625,0.205625,22121,Louisiana,West Baton Rouge,0.152,67436.0,67.436,15.2,2.0,High-burden,567,585,0.0317460317460317,0.0317460317460317
maine,androscoggin,359.4,299.8,59.6,0.0,0.0,0.0,0.0,85.0,53.0,36.2,134.4,223.2,1.8,62.128792266443625,37.36917253517209,0.0,0.5020351983842912,0.6210350584307178,0.3739565943238732,ME,0.114125,0.06975,0.0833749999999999,0.0978749999999999,0.032375,0.15725,0.123375,0.195375,23001,Maine,Androscoggin,0.14,61411.0,61.411,14.000000000000002,1.0,Mid-burden,2788,2867,0.0283357245337159,0.0283357245337159
maine,aroostook,365.2,288.8,74.8,0.6,0.6,0.4,0.0,181.0,56.0,37.8,161.4,196.0,7.8,53.67407740100307,44.1911819746987,0.0,2.1347406242982254,0.5366922234392114,0.4419496166484118,ME,0.118375,0.0833749999999999,0.0999999999999999,0.117375,0.03825,0.16175,0.140125,0.21525,23003,Maine,Aroostook,0.149,51770.0,51.77,14.9,2.0,High-burden,1935,1877,-0.0299741602067183,-0.0299741602067183
maine,cumberland,365.2,268.2,96.0,1.0,0.0,0.0,0.0,115.2,57.2,41.2,167.2,190.6,2.0,52.18773860318887,45.7859121191706,1.4785537839658658,0.5477954936746763,0.5219058050383352,0.4578313253012048,ME,0.105375,0.057125,0.06025,0.0769999999999999,0.025875,0.130625,0.093625,0.129875,23005,Maine,Cumberland,0.077,80484.0,80.484,7.7,0.0,Low-burden,11560,12028,0.0404844290657439,0.0404844290657439
maine,franklin,242.0,202.0,40.0,0.0,0.0,0.0,0.0,75.0,54.0,27.0,0.0,242.0,0.0,100.0,0.0,0.0,0.0,1.0,0.0,ME,0.112125,0.071625,0.0842499999999999,0.0942499999999999,0.0335,0.1525,0.120625,0.183375,23007,Maine,Franklin,0.1169999999999999,52295.0,52.295,11.7,1.0,Mid-burden,862,888,0.0301624129930394,0.0301624129930394
maine,hancock,365.2,331.0,31.8,2.2,0.2,0.0,0.0,129.4,50.4,36.6,329.0,35.4,0.2,9.695935324500336,90.08488659330789,0.0,0.0547945205479452,0.096933187294633,0.9008762322015336,ME,0.107,0.0693749999999999,0.076625,0.088375,0.031125,0.14025,0.1156249999999999,0.16775,23009,Maine,Hancock,0.11,57001.0,57.001,11.0,1.0,Mid-burden,2283,2333,0.0219010074463425,0.0219010074463425
maine,kennebec,311.0,296.0,14.8,0.2,0.0,0.0,0.0,90.4,45.4,31.6,208.8,31.8,1.0,11.00056961437995,69.28529991244633,19.383529380277544,0.3306010928961749,0.1022508038585209,0.6713826366559486,ME,0.11125,0.0698749999999999,0.0825,0.0962499999999999,0.032,0.15125,0.12125,0.19075,23011,Maine,Kennebec,0.113,60449.0,60.449,11.3,1.0,Mid-burden,3240,3216,-0.0074074074074074,-0.0074074074074074
maine,knox,201.2,190.4,9.6,1.2,0.0,0.0,0.0,105.8,46.4,34.6,201.2,0.0,0.0,0.0,100.0,0.0,0.0,0.0,1.0,ME,0.104125,0.070375,0.0766249999999999,0.088875,0.032125,0.139125,0.115125,0.16275,23013,Maine,Knox,0.105,68786.0,68.786,10.5,1.0,Mid-burden,1788,1803,0.0083892617449664,0.0083892617449664
maine,oxford,344.6,292.4,52.0,0.2,0.0,0.0,0.0,87.8,53.0,36.6,156.8,187.8,0.0,54.369652698080586,45.630347301919414,0.0,0.0,0.5449796865931514,0.4550203134068485,ME,0.115875,0.076125,0.0943749999999999,0.1035,0.036125,0.159125,0.134125,0.20575,23017,Maine,Oxford,0.151,51872.0,51.872,15.1,2.0,High-burden,1336,1352,0.0119760479041916,0.0119760479041916
maine,penobscot,360.0,323.0,37.0,0.0,0.0,0.0,0.0,85.0,50.0,34.0,172.2,185.6,2.2,51.58006553459593,47.80629022036446,0.0,0.6136442450396101,0.5155555555555555,0.4783333333333333,ME,0.12,0.070625,0.0841249999999999,0.099125,0.03175,0.1553749999999999,0.1235,0.197875,23019,Maine,Penobscot,0.146,56261.0,56.261,14.6,1.0,Mid-burden,4084,4153,0.0168952007835455,0.0168952007835455
maine,washington,355.4,347.4,7.4,0.6,0.0,0.0,0.0,98.2,44.6,34.2,346.4,9.0,0.0,2.559850549136488,97.44014945086352,0.0,0.0,0.0253235790658413,0.9746764209341588,ME,0.117875,0.0837499999999999,0.103,0.1135,0.039,0.166375,0.1445,0.219375,23029,Maine,Washington,0.182,42755.0,42.755,18.2,2.0,High-burden,851,820,-0.0364277320799059,-0.0364277320799059
maine,york,231.4,213.4,16.6,1.2,0.2,0.0,0.0,121.8,48.8,38.2,231.4,0.0,0.0,0.0,100.0,0.0,0.0,0.0,1.0,ME,0.108375,0.06275,0.070875,0.0883749999999999,0.0289999999999999,0.142375,0.107875,0.158625,23031,Maine,York,0.083,73794.0,73.794,8.3,0.0,Low-burden,5633,5738,0.0186401562222616,0.0186401562222616
maryland,anne arundel,262.8,209.0,48.8,5.0,0.0,0.0,0.0,124.2,66.6,41.0,241.6,0.0,21.2,0.0,91.93168291857371,0.0,8.06831708142629,0.0,0.9193302891933028,MD,0.0895,0.0522499999999999,0.052375,0.0958749999999999,0.026375,0.126125,0.0907499999999999,0.13,24003,Maryland,Anne Arundel,0.062,107281.0,107.281,6.2,0.0,Low-burden,14338,14547,0.0145766494629655,0.0145766494629655
maryland,baltimore,365.0,235.2,122.2,7.4,0.2,0.0,0.0,135.2,67.8,45.0,195.4,153.4,0.0,42.02739726027397,53.534246575342465,4.438356164383561,0.0,0.4202739726027397,0.5353424657534247,MD,0.0977499999999999,0.05475,0.0577499999999999,0.1055,0.03075,0.138,0.0983749999999999,0.140875,24005,Maryland,Baltimore,0.098,80159.0,80.159,9.8,0.0,Low-burden,20073,20243,0.0084690878294226,0.0084690878294226
maryland,calvert,235.2,212.4,22.2,0.6,0.0,0.0,0.0,99.6,52.2,39.0,235.2,0.0,0.0,0.0,100.0,0.0,0.0,0.0,1.0,MD,0.0951249999999999,0.0533749999999999,0.0579999999999999,0.0992499999999999,0.027375,0.131875,0.093625,0.141625,24009,Maryland,Calvert,0.0579999999999999,117459.0,117.459,5.8,0.0,Low-burden,1745,1734,-0.0063037249283667,-0.0063037249283667
maryland,carroll,242.2,207.6,34.0,0.6,0.0,0.0,0.0,100.4,56.4,41.0,242.2,0.0,0.0,0.0,100.0,0.0,0.0,0.0,1.0,MD,0.09,0.05425,0.0574999999999999,0.0885,0.026375,0.12975,0.092625,0.13525,24013,Maryland,Carroll,0.054,102006.0,102.006,5.4,0.0,Low-burden,4209,4197,-0.0028510334996436,-0.0028510334996436
maryland,cecil,358.8,247.6,106.8,4.2,0.2,0.0,0.0,131.0,61.6,43.2,169.6,189.2,0.0,52.73924313583019,47.26075686416981,0.0,0.0,0.5273132664437011,0.4726867335562987,MD,0.0971249999999999,0.061625,0.0714999999999999,0.103,0.03075,0.15075,0.112625,0.1836249999999999,24015,Maryland,Cecil,0.109,76727.0,76.727,10.9,0.0,Low-burden,1770,1738,-0.0180790960451977,-0.0180790960451977
maryland,charles,235.0,208.6,26.0,0.4,0.0,0.0,0.0,94.6,52.6,39.0,235.0,0.0,0.0,0.0,100.0,0.0,0.0,0.0,1.0,MD,0.100875,0.051125,0.05525,0.119375,0.03125,0.1305,0.0958749999999999,0.145375,24017,Maryland,Charles,0.067,103918.0,103.918,6.7,0.0,Low-burden,2625,2710,0.0323809523809523,0.0323809523809523
maryland,dorchester,365.0,280.4,83.4,1.0,0.2,0.0,0.0,111.2,57.0,41.4,256.0,109.0,0.0,29.86301369863014,70.13698630136986,0.0,0.0,0.2986301369863013,0.7013698630136986,MD,0.107625,0.0722499999999999,0.082375,0.135875,0.04,0.15125,0.127875,0.187875,24019,Maryland,Dorchester,0.15,54731.0,54.731,15.0,2.0,High-burden,678,658,-0.0294985250737463,-0.0294985250737463
maryland,frederick,242.4,203.2,38.4,0.8,0.0,0.0,0.0,106.6,58.0,41.6,242.4,0.0,0.0,0.0,100.0,0.0,0.0,0.0,1.0,MD,0.0897499999999999,0.0516249999999999,0.05275,0.092875,0.02575,0.129125,0.0891249999999999,0.125875,24021,Maryland,Frederick,0.066,104253.0,104.253,6.6000000000000005,0.0,Low-burden,6214,6348,0.0215642098487286,0.0215642098487286
maryland,garrett,364.2,310.2,54.0,0.0,0.0,0.0,0.0,83.6,53.2,39.4,260.8,102.8,0.0,28.22906927326817,71.60639663069088,0.0,0.0,0.2822624931356398,0.7160900604063701,MD,0.09875,0.074125,0.083125,0.111375,0.0345,0.15075,0.121875,0.179625,24023,Maryland,Garrett,0.11,55107.0,55.107,11.0,1.0,Mid-burden,889,928,0.0438695163104611,0.0438695163104611
maryland,harford,357.8,237.4,112.8,7.2,0.4,0.0,0.0,136.0,66.0,44.2,182.8,175.0,0.0,48.913013486622766,51.086986513377234,0.0,0.0,0.4891000558971492,0.5108999441028508,MD,0.0947499999999999,0.056,0.0588749999999999,0.1005,0.028,0.133625,0.0976249999999999,0.14875,24025,Maryland,Harford,0.076,95951.0,95.951,7.6,0.0,Low-burden,5517,5559,0.0076128330614464,0.0076128330614464
maryland,howard,364.8,257.4,107.4,0.0,0.0,0.0,0.0,77.8,57.2,40.2,0.0,296.8,0.0,81.3618846906518,0.0,18.30859551407497,0.0,0.8135964912280702,0.0,MD,0.0827499999999999,0.0435,0.039625,0.0868749999999999,0.02325,0.1076249999999999,0.07375,0.08875,24027,Maryland,Howard,0.062,131412.0,131.412,6.2,0.0,Low-burden,9520,9682,0.017016806722689,0.017016806722689
maryland,kent,359.0,269.0,88.4,1.6,0.0,0.0,0.0,115.0,58.0,41.8,191.6,167.4,0.0,46.638155203578386,53.36184479642162,0.0,0.0,0.4662952646239554,0.5337047353760446,MD,0.0979999999999999,0.0685,0.071375,0.111625,0.035,0.13825,0.11,0.153625,24029,Maryland,Kent,0.12,66183.0,66.183,12.0,0.0,Low-burden,610,590,-0.0327868852459016,-0.0327868852459016
maryland,montgomery,356.6,264.2,91.2,1.2,0.0,0.0,0.0,100.2,58.4,41.8,179.8,176.8,0.0,49.620394190827255,50.379605809172745,0.0,0.0,0.4957936062815479,0.504206393718452,MD,0.082125,0.045875,0.0407499999999999,0.089875,0.024625,0.108125,0.077625,0.0872499999999999,24031,Maryland,Montgomery,0.085,112352.0,112.352,8.5,0.0,Low-burden,27460,27586,0.0045884923525127,0.0045884923525127
maryland,prince george's,365.2,264.6,95.4,5.0,0.2,0.0,0.0,131.0,63.6,42.4,244.0,119.2,0.0,32.63867055917359,66.81353394715174,0.5477954936746763,0.0,0.3263964950711939,0.6681270536692223,MD,0.0983749999999999,0.049375,0.0489999999999999,0.13275,0.035125,0.1255,0.097625,0.122125,24033,Maryland,Prince George'S,0.115,89689.0,89.689,11.5,0.0,Low-burden,15300,16130,0.0542483660130719,0.0542483660130719
maryland,washington,358.4,257.0,101.0,0.4,0.0,0.0,0.0,97.0,60.4,42.8,158.4,200.0,0.0,55.81329934454665,44.18670065545336,0.0,0.0,0.5580357142857143,0.4419642857142857,MD,0.1055,0.064375,0.0771249999999999,0.1157499999999999,0.033,0.151125,0.1178749999999999,0.1831249999999999,24043,Maryland,Washington,0.145,65433.0,65.433,14.499999999999998,2.0,High-burden,3433,3434,0.0002912904165452,0.0002912904165452
massachusetts,barnstable,357.4,336.6,18.0,2.8,0.0,0.0,0.0,122.0,47.0,36.2,345.4,12.0,0.0,3.358516512809163,96.64148348719084,0.0,0.0,0.0335758254057078,0.966424174594292,MA,0.103,0.0632499999999999,0.0602499999999999,0.086375,0.029375,0.131125,0.1007499999999999,0.1335,25001,Massachusetts,Barnstable,0.08,82980.0,82.98,8.0,0.0,Low-burden,8681,8655,-0.0029950466536113,-0.0029950466536113
massachusetts,berkshire,361.2,241.8,119.0,0.4,0.0,0.0,0.0,98.8,59.2,42.8,81.0,280.2,0.0,77.8042024597156,22.195797540284403,0.0,0.0,0.7757475083056479,0.2242524916943521,MA,0.107,0.0648749999999999,0.0671249999999999,0.0916249999999999,0.0305,0.14625,0.1114999999999999,0.1595,25003,Massachusetts,Berkshire,0.109,60945.0,60.945,10.9,0.0,Low-burden,3872,3740,-0.034090909090909,-0.034090909090909
massachusetts,bristol,365.0,265.2,95.6,4.0,0.2,0.0,0.0,129.4,58.0,42.0,227.6,137.4,0.0,37.639289971201045,62.36071002879896,0.0,0.0,0.3764383561643836,0.6235616438356164,MA,0.113375,0.060875,0.069625,0.0905,0.030125,0.1565,0.115,0.17275,25005,Massachusetts,Bristol,0.119,72857.0,72.857,11.9,0.0,Low-burden,12903,12904,7.750135627373479e-05,7.750135627373479e-05
massachusetts,dukes,356.8,332.4,22.0,2.0,0.4,0.0,0.0,127.4,48.2,37.2,340.4,16.4,0.0,4.5929629501535105,95.40703704984648,0.0,0.0,0.0459641255605381,0.9540358744394618,MA,0.1022499999999999,0.059875,0.0588749999999999,0.085875,0.028625,0.132875,0.1,0.135375,25007,Massachusetts,Dukes,0.076,79338.0,79.338,7.6,0.0,Low-burden,1111,1174,0.0567056705670567,0.0567056705670567
massachusetts,essex,365.0,280.6,82.6,1.8,0.0,0.0,0.0,119.8,56.8,40.2,190.6,173.4,0.0,47.503395249858315,52.22233107860775,0.2742736715339455,0.0,0.4750684931506849,0.5221917808219178,MA,0.1025,0.0557499999999999,0.05575,0.088625,0.026875,0.136875,0.101875,0.133375,25009,Massachusetts,Essex,0.096,87145.0,87.145,9.6,0.0,Low-burden,19100,19381,0.0147120418848167,0.0147120418848167
massachusetts,franklin,364.8,268.8,96.0,0.0,0.0,0.0,0.0,94.8,57.6,40.4,171.8,193.0,0.0,52.90305584826133,47.09694415173867,0.0,0.0,0.5290570175438596,0.4709429824561403,MA,0.1052499999999999,0.062,0.065125,0.08775,0.0292499999999999,0.143875,0.109125,0.1561249999999999,25011,Massachusetts,Franklin,0.107,68948.0,68.948,10.7,0.0,Low-burden,1574,1536,-0.0241423125794155,-0.0241423125794155
massachusetts,hampden,365.0,248.4,115.0,1.6,0.0,0.0,0.0,109.2,60.8,43.2,145.0,214.8,0.0,58.842294242923025,39.73229472825251,1.425411028824458,0.0,0.5884931506849316,0.3972602739726027,MA,0.11375,0.0635,0.06725,0.10475,0.031875,0.161375,0.123875,0.168625,25013,Massachusetts,Hampden,0.17,61818.0,61.818,17.0,2.0,High-burden,9584,9295,-0.0301544240400667,-0.0301544240400667
massachusetts,hampshire,362.0,299.0,62.0,1.0,0.0,0.0,0.0,103.4,54.4,38.6,224.4,134.2,0.4,37.09903367308232,61.96757480724367,0.8219285291126542,0.1114629905613512,0.3707182320441988,0.6198895027624309,MA,0.106125,0.0525,0.05425,0.076,0.02525,0.147625,0.096375,0.13025,25015,Massachusetts,Hampshire,0.1169999999999999,77117.0,77.117,11.7,0.0,Low-burden,3585,3436,-0.0415620641562064,-0.0415620641562064
massachusetts,middlesex,363.2,308.6,54.0,0.4,0.2,0.0,0.0,105.6,52.2,37.6,214.2,143.8,0.0,39.3987631501667,59.176723269245166,1.4245135805881373,0.0,0.3959251101321586,0.5897577092511013,MA,0.0947499999999999,0.04675,0.0441249999999999,0.073125,0.022625,0.1215,0.084125,0.10675,25017,Massachusetts,Middlesex,0.077,112345.0,112.345,7.7,0.0,Low-burden,44711,44320,-0.008745051553309,-0.008745051553309
massachusetts,norfolk,362.0,327.2,33.2,1.6,0.0,0.0,0.0,111.8,48.8,34.6,285.0,62.0,0.0,16.966838835242157,78.87730573680638,4.155855427951476,0.0,0.1712707182320442,0.787292817679558,MA,0.096125,0.0476249999999999,0.0461249999999999,0.077,0.023375,0.121,0.0853749999999999,0.1149999999999999,25021,Massachusetts,Norfolk,0.069,114658.0,114.658,6.9,0.0,Low-burden,20310,20267,-0.0021171836533727,-0.0021171836533727
massachusetts,plymouth,364.6,274.6,88.2,1.8,0.0,0.0,0.0,111.0,55.8,39.8,182.6,182.0,0.0,49.9044299105749,50.0955700894251,0.0,0.0,0.4991771804717498,0.5008228195282501,MA,0.10425,0.0566249999999999,0.057125,0.0809999999999999,0.0275,0.13875,0.100625,0.148125,25023,Massachusetts,Plymouth,0.075,99445.0,99.445,7.5,0.0,Low-burden,12744,12953,0.0163998744507219,0.0163998744507219
massachusetts,suffolk,365.2,181.4,182.4,1.4,0.0,0.0,0.0,108.6,62.2,48.8,45.2,313.4,0.0,85.81810015719739,12.374728647353844,1.752376674900816,0.0,0.8581599123767798,0.1237677984665936,MA,0.1085,0.0502499999999999,0.049875,0.0929999999999999,0.02775,0.143875,0.10225,0.136625,25025,Massachusetts,Suffolk,0.185,77163.0,77.163,18.5,2.0,High-burden,21478,21813,0.0155973554334668,0.0155973554334668
massachusetts,worcester,365.2,253.2,110.0,2.0,0.0,0.0,0.0,116.0,58.6,42.6,157.2,202.2,0.0,55.36132944082641,43.05052773411184,1.533348304513811,0.0,0.5536692223439211,0.4304490690032858,MA,0.106875,0.055625,0.0573749999999999,0.0877499999999999,0.026625,0.14375,0.103875,0.15,25027,Massachusetts,Worcester,0.1,84583.0,84.583,10.0,0.0,Low-burden,18451,18556,0.0056907484689176,0.0056907484689176
michigan,allegan,312.6,233.8,72.6,6.2,0.0,0.0,0.0,130.4,63.6,39.8,208.8,103.8,0.0,31.560878511414217,68.4391214885858,0.0,0.0,0.3320537428023032,0.6679462571976967,MI,0.105125,0.0643749999999999,0.076875,0.0991249999999999,0.03075,0.158125,0.121625,0.191125,26005,Michigan,Allegan,0.094,73873.0,73.873,9.4,0.0,Low-burden,2384,2462,0.0327181208053691,0.0327181208053691
michigan,bay,352.4,282.4,70.0,0.0,0.0,0.0,0.0,83.0,54.6,31.4,0.0,352.4,0.0,100.0,0.0,0.0,0.0,1.0,0.0,MI,0.10975,0.07275,0.0869999999999999,0.11025,0.034375,0.167125,0.133875,0.20375,26017,Michigan,Bay,0.126,56681.0,56.681,12.6,1.0,Mid-burden,2146,2028,-0.0549860205032618,-0.0549860205032618
michigan,benzie,250.8,226.4,23.2,0.8,0.4,0.0,0.0,124.6,50.4,37.0,250.8,0.0,0.0,0.0,100.0,0.0,0.0,0.0,1.0,MI,0.1035,0.072375,0.079125,0.104125,0.033,0.148875,0.121875,0.17925,26019,Michigan,Benzie,0.093,67924.0,67.924,9.3,0.0,Low-burden,467,474,0.0149892933618843,0.0149892933618843
michigan,berrien,259.2,215.6,39.0,4.6,0.0,0.0,0.0,125.8,60.8,39.6,245.8,13.4,0.0,4.734982332155476,95.26501766784452,0.0,0.0,0.0516975308641975,0.9483024691358024,MI,0.10925,0.0709999999999999,0.082625,0.11475,0.03575,0.16075,0.1305,0.19425,26021,Michigan,Berrien,0.161,57554.0,57.554,16.1,2.0,High-burden,3543,3513,-0.008467400508044,-0.008467400508044
michigan,cass,251.6,215.2,32.6,3.8,0.0,0.0,0.0,115.2,58.8,39.8,251.6,0.0,0.0,0.0,100.0,0.0,0.0,0.0,1.0,MI,0.10825,0.071875,0.0849999999999999,0.108875,0.0345,0.16025,0.12975,0.203875,26027,Michigan,Cass,0.115,62065.0,62.065,11.5,1.0,Mid-burden,752,764,0.0159574468085106,0.0159574468085106
michigan,chippewa,212.0,149.0,63.0,0.0,0.0,0.0,0.0,75.33333333333333,56.333333333333336,41.666666666666664,62.666666666666664,149.33333333333334,0.0,78.21716327912465,21.782836720875355,0.0,0.0,0.7044025157232705,0.2955974842767295,MI,0.112625,0.076,0.0885,0.118875,0.037125,0.17175,0.141125,0.226625,26033,Michigan,Chippewa,0.177,48972.0,48.972,17.7,2.0,High-burden,797,778,-0.0238393977415307,-0.0238393977415307
michigan,clinton,245.0,225.6,18.6,0.8,0.0,0.0,0.0,99.2,52.0,36.6,245.0,0.0,0.0,0.0,100.0,0.0,0.0,0.0,1.0,MI,0.102375,0.060125,0.0673749999999999,0.0918749999999999,0.027875,0.14825,0.109125,0.169125,26037,Michigan,Clinton,0.078,77617.0,77.617,7.8,0.0,Low-burden,1321,1354,0.0249810749432248,0.0249810749432248
michigan,genesee,359.6,252.4,105.8,1.4,0.0,0.0,0.0,107.0,60.6,41.4,167.4,192.2,0.0,53.49994167467469,46.50005832532531,0.0,0.0,0.5344827586206896,0.4655172413793103,MI,0.11775,0.07125,0.0892499999999999,0.121625,0.037375,0.1725,0.141375,0.219375,26049,Michigan,Genesee,0.163,52157.0,52.157,16.3,2.0,High-burden,7740,7646,-0.0121447028423772,-0.0121447028423772
michigan,huron,250.6,230.6,17.6,2.4,0.0,0.0,0.0,112.0,49.6,36.8,250.6,0.0,0.0,0.0,100.0,0.0,0.0,0.0,1.0,MI,0.108,0.080125,0.0936249999999999,0.11425,0.037,0.163375,0.1377499999999999,0.210125,26063,Michigan,Huron,0.118,51767.0,51.767,11.8,1.0,Mid-burden,940,887,-0.0563829787234042,-0.0563829787234042
michigan,ingham,360.0,252.4,107.0,0.4,0.2,0.0,0.0,114.0,59.6,41.6,140.8,217.2,0.0,60.4419857602068,39.010815118762345,0.5471991210308585,0.0,0.6033333333333333,0.3911111111111111,MI,0.109875,0.0575,0.0667499999999999,0.098375,0.0289999999999999,0.162875,0.1152499999999999,0.165,26065,Michigan,Ingham,0.158,57733.0,57.733,15.8,2.0,High-burden,6143,6085,-0.0094416408920722,-0.0094416408920722
michigan,kalamazoo,351.0,223.2,125.6,2.2,0.0,0.0,0.0,103.6,63.0,44.4,120.6,230.4,0.0,65.49398851099212,34.50601148900788,0.0,0.0,0.6564102564102564,0.3435897435897436,MI,0.109,0.0589999999999999,0.067625,0.0949999999999999,0.0291249999999999,0.15875,0.112375,0.172625,26077,Michigan,Kalamazoo,0.141,62476.0,62.476,14.099999999999998,2.0,High-burden,5641,5595,-0.0081545825208296,-0.0081545825208296
michigan,kent,365.0,237.8,124.2,2.8,0.2,0.0,0.0,120.4,64.0,43.0,164.4,198.2,0.8,54.301369863013704,45.04109589041096,0.273972602739726,0.2191780821917808,0.5430136986301369,0.4504109589041096,MI,0.10325,0.0568749999999999,0.064875,0.0961249999999999,0.02825,0.151625,0.1112499999999999,0.1654999999999999,26081,Michigan,Kent,0.099,71933.0,71.933,9.9,0.0,Low-burden,16750,17226,0.0284179104477611,0.0284179104477611
michigan,keweenaw,117.2,112.6,4.4,0.2,0.0,0.0,0.0,78.8,34.8,12.8,0.0,117.2,0.0,100.0,0.0,0.0,0.0,1.0,0.0,MI,0.1001249999999999,0.079125,0.080125,0.1087499999999999,0.034625,0.1395,0.11975,0.1635,26083,Michigan,Keweenaw,0.107,50729.0,50.729,10.7,1.0,Mid-burden,60,62,0.0333333333333333,0.0333333333333333
michigan,lenawee,350.8,232.6,116.8,1.4,0.0,0.0,0.0,104.4,63.0,43.8,138.6,212.2,0.0,60.45092082551091,39.54907917448909,0.0,0.0,0.604903078677309,0.395096921322691,MI,0.107125,0.068375,0.0809999999999999,0.10525,0.032125,0.16025,0.12625,0.195375,26091,Michigan,Lenawee,0.111,62050.0,62.05,11.1,0.0,Low-burden,1827,1764,-0.0344827586206896,-0.0344827586206896
michigan,macomb,307.8,222.2,79.8,5.8,0.0,0.0,0.0,119.4,65.4,41.4,211.0,96.8,0.0,29.66135171776524,70.33864828223476,0.0,0.0,0.3144899285250162,0.6855100714749838,MI,0.108625,0.0633749999999999,0.07525,0.1046249999999999,0.031625,0.159875,0.119875,0.194875,26099,Michigan,Macomb,0.1159999999999999,67646.0,67.646,11.6,0.0,Low-burden,19195,19119,-0.0039593644178171,-0.0039593644178171
michigan,manistee,244.4,209.2,34.0,1.2,0.0,0.0,0.0,103.2,53.8,35.0,190.8,53.6,0.0,24.853925599087255,75.14607440091274,0.0,0.0,0.2193126022913257,0.7806873977086743,MI,0.106,0.0771249999999999,0.088125,0.112375,0.036,0.156875,0.132125,0.2,26101,Michigan,Manistee,0.13,54422.0,54.422,13.0,1.0,Mid-burden,573,566,-0.0122164048865619,-0.0122164048865619
michigan,mason,249.0,224.4,23.2,1.2,0.2,0.0,0.0,115.8,50.2,37.0,249.0,0.0,0.0,0.0,100.0,0.0,0.0,0.0,1.0,MI,0.10725,0.0769999999999999,0.088625,0.112625,0.036,0.16075,0.133875,0.2005,26105,Michigan,Mason,0.138,55536.0,55.536,13.8,1.0,Mid-burden,712,713,0.0014044943820224,0.0014044943820224
michigan,missaukee,362.4,279.2,82.8,0.4,0.0,0.0,0.0,93.4,55.8,39.2,200.8,158.6,0.0,43.9197745407908,55.25830765099003,0.821917808219178,0.0,0.4376379690949227,0.5540838852097131,MI,0.109375,0.077625,0.094125,0.1135,0.03625,0.1704999999999999,0.14125,0.223875,26113,Michigan,Missaukee,0.118,51151.0,51.151,11.8,2.0,High-burden,302,309,0.0231788079470198,0.0231788079470198
michigan,monroe,72.0,62.0,10.0,0.0,0.0,0.0,0.0,73.2,44.2,20.6,0.0,23.2,48.8,20.0,0.0,0.0,80.0,0.3222222222222222,0.0,MI,0.10675,0.066375,0.079625,0.100625,0.0315,0.15975,0.124625,0.19375,26115,Michigan,Monroe,0.095,66179.0,66.179,9.5,1.0,Mid-burden,2353,2346,-0.0029749256268593,-0.0029749256268593
michigan,muskegon,252.0,212.0,34.8,4.6,0.6,0.0,0.0,143.8,63.8,38.8,252.0,0.0,0.0,0.0,100.0,0.0,0.0,0.0,1.0,MI,0.111875,0.07,0.0844999999999999,0.115875,0.03525,0.16975,0.13775,0.217625,26121,Michigan,Muskegon,0.144,55410.0,55.41,14.400000000000002,2.0,High-burden,3165,3088,-0.0243285939968404,-0.0243285939968404
michigan,oakland,288.2,221.2,63.0,3.8,0.2,0.0,0.0,129.4,63.4,39.6,224.4,63.8,0.0,22.171895188610648,77.82810481138935,0.0,0.0,0.2213740458015267,0.7786259541984734,MI,0.099125,0.054125,0.0563749999999999,0.09,0.026625,0.13425,0.0993749999999999,0.135875,26125,Michigan,Oakland,0.078,86597.0,86.597,7.8,0.0,Low-burden,39250,39178,-0.0018343949044585,-0.0018343949044585
michigan,ottawa,324.8,243.6,78.4,2.8,0.0,0.0,0.0,114.0,63.2,40.2,201.6,90.2,1.6,25.74012892828365,65.12831208228658,8.662100456621006,0.4694585328087722,0.2777093596059113,0.6206896551724137,MI,0.1006249999999999,0.0554999999999999,0.0626249999999999,0.087375,0.02625,0.14775,0.10425,0.156375,26139,Michigan,Ottawa,0.075,79402.0,79.402,7.5,0.0,Low-burden,6132,6514,0.0622961513372472,0.0622961513372472
michigan,schoolcraft,356.0,312.8,41.4,1.8,0.0,0.0,0.0,108.2,50.8,33.6,204.4,151.6,0.0,42.49777343328613,57.50222656671387,0.0,0.0,0.4258426966292135,0.5741573033707865,MI,0.11375,0.0874999999999999,0.1037499999999999,0.12725,0.0414999999999999,0.1709999999999999,0.1525,0.23075,26153,Michigan,Schoolcraft,0.139,49735.0,49.735,13.900000000000002,1.0,Mid-burden,229,217,-0.0524017467248908,-0.0524017467248908
michigan,st. clair,345.2,228.6,112.6,3.8,0.2,0.0,0.0,123.2,63.6,43.2,129.6,215.6,0.0,62.2588265814202,37.7411734185798,0.0,0.0,0.6245654692931634,0.3754345307068366,MI,0.110125,0.070375,0.0844999999999999,0.105375,0.033375,0.165,0.131625,0.20925,26147,Michigan,St. Clair,0.111,61466.0,61.466,11.1,0.0,Low-burden,3095,3049,-0.0148626817447495,-0.0148626817447495
michigan,tuscola,350.6,330.4,19.4,0.8,0.0,0.0,0.0,94.2,47.0,33.4,350.6,0.0,0.0,0.0,100.0,0.0,0.0,0.0,1.0,MI,0.109,0.0759999999999999,0.0932499999999999,0.113125,0.036125,0.169,0.14,0.224125,26157,Michigan,Tuscola,0.13,52365.0,52.365,13.0,1.0,Mid-burden,838,814,-0.0286396181384248,-0.0286396181384248
michigan,washtenaw,365.2,230.0,132.2,2.8,0.2,0.0,0.0,123.6,63.6,45.0,158.6,206.6,0.0,56.57040197619582,43.429598023804175,0.0,0.0,0.5657174151150055,0.4342825848849945,MI,0.1032499999999999,0.0509999999999999,0.053125,0.0848749999999999,0.025375,0.144375,0.09425,0.1305,26161,Michigan,Washtenaw,0.124,77359.0,77.359,12.4,0.0,Low-burden,8212,8150,-0.0075499269361909,-0.0075499269361909
michigan,wayne,365.2,98.6,258.4,7.8,0.4,0.0,0.0,145.6,79.2,57.0,45.8,304.2,11.6,83.2951568231155,12.54150759787409,0.9858522344486864,3.1774833445617188,0.8329682365826944,0.1254107338444687,MI,0.123625,0.070125,0.0857499999999999,0.127,0.04075,0.171625,0.140375,0.222,26163,Michigan,Wayne,0.196,52644.0,52.644,19.6,2.0,High-burden,32444,33056,0.0188632720996178,0.0188632720996178
michigan,wexford,347.0,326.4,20.0,0.6,0.0,0.0,0.0,96.2,46.4,34.2,347.0,0.0,0.0,0.0,100.0,0.0,0.0,0.0,1.0,MI,0.110375,0.0756249999999999,0.0923749999999999,0.110125,0.035375,0.170125,0.138875,0.219875,26165,Michigan,Wexford,0.152,53711.0,53.711,15.2,1.0,Mid-burden,858,894,0.0419580419580419,0.0419580419580419
minnesota,anoka,365.0,256.6,106.6,1.4,0.4,0.0,0.0,115.2,62.2,41.0,184.0,175.8,0.4,48.162861765826065,50.412474941781035,1.2053338532116884,0.1094393292911146,0.4816438356164383,0.5041095890410959,MN,0.089,0.0525,0.0482499999999999,0.0856249999999999,0.026,0.1235,0.0919999999999999,0.16875,27003,Minnesota,Anoka,0.068,88416.0,88.416,6.800000000000001,0.0,Low-burden,7881,8226,0.0437761705367339,0.0437761705367339
minnesota,becker,361.0,284.0,74.4,1.6,0.8,0.2,0.0,120.6,56.0,37.4,152.2,208.8,0.0,57.95716414505573,42.042835854944265,0.0,0.0,0.5783933518005541,0.4216066481994459,MN,0.09275,0.0676249999999999,0.06225,0.0983749999999999,0.03325,0.13375,0.110875,0.18875,27005,Minnesota,Becker,0.113,67261.0,67.261,11.3,0.0,Low-burden,943,956,0.0137857900318133,0.0137857900318133
minnesota,beltrami,351.4,304.4,44.6,1.4,0.6,0.4,0.0,146.6,53.8,28.6,0.0,351.4,0.0,100.0,0.0,0.0,0.0,1.0,0.0,MN,0.1013749999999999,0.0677499999999999,0.064625,0.105125,0.034375,0.1505,0.120125,0.208875,27007,Minnesota,Beltrami,0.153,60386.0,60.386,15.3,1.0,Mid-burden,1199,1251,0.0433694745621351,0.0433694745621351
minnesota,carlton,358.8,331.8,26.2,0.8,0.0,0.0,0.0,97.0,47.8,29.0,180.4,178.4,0.0,49.721293356603525,50.27870664339647,0.0,0.0,0.4972129319955407,0.5027870680044593,MN,0.092125,0.0624999999999999,0.059,0.0963749999999999,0.031,0.1357499999999999,0.109875,0.20375,27017,Minnesota,Carlton,0.104,68442.0,68.442,10.4,1.0,Mid-burden,684,680,-0.0058479532163742,-0.0058479532163742
minnesota,cass,342.0,252.0,86.75,2.0,1.0,0.25,0.0,144.5,53.5,31.25,0.0,342.0,0.0,100.0,0.0,0.0,0.0,1.0,0.0,MN,0.0943749999999999,0.076,0.0693749999999999,0.11,0.036875,0.136625,0.118375,0.203125,27021,Minnesota,Cass,0.1169999999999999,57928.0,57.928,11.7,1.0,Mid-burden,850,867,0.02,0.02
minnesota,cook,342.2,325.0,16.4,0.6,0.2,0.0,0.0,84.8,37.0,18.2,0.0,342.2,0.0,100.0,0.0,0.0,0.0,1.0,0.0,MN,0.089375,0.0663749999999999,0.05525,0.0986249999999999,0.03175,0.11875,0.0998749999999999,0.15225,27031,Minnesota,Cook,0.0969999999999999,62528.0,62.528,9.7,1.0,Mid-burden,287,289,0.0069686411149825,0.0069686411149825
minnesota,crow wing,357.4,309.8,46.2,0.8,0.4,0.2,0.0,124.6,53.4,32.8,167.0,190.4,0.0,53.30989076803742,46.69010923196259,0.0,0.0,0.5327364297705652,0.4672635702294348,MN,0.0903749999999999,0.065,0.060125,0.0938749999999999,0.0315,0.13,0.10625,0.191125,27035,Minnesota,Crow Wing,0.107,64008.0,64.008,10.7,1.0,Mid-burden,2214,2227,0.0058717253839205,0.0058717253839205
minnesota,dakota,365.2,261.0,103.4,0.4,0.4,0.0,0.0,111.8,59.4,38.6,0.0,340.2,0.0,93.15128377872595,0.0,6.848716221274048,0.0,0.9315443592552026,0.0,MN,0.0852499999999999,0.048125,0.0414999999999999,0.08075,0.02425,0.1142499999999999,0.0844999999999999,0.1377499999999999,27037,Minnesota,Dakota,0.05,93850.0,93.85,5.0,0.0,Low-burden,10707,10770,0.0058840011207621,0.0058840011207621
minnesota,goodhue,223.4,206.6,16.6,0.2,0.0,0.0,0.0,97.4,50.2,36.6,223.4,0.0,0.0,0.0,100.0,0.0,0.0,0.0,1.0,MN,0.0889999999999999,0.0603749999999999,0.05525,0.088375,0.029375,0.1275,0.1009999999999999,0.173,27049,Minnesota,Goodhue,0.08,74974.0,74.974,8.0,0.0,Low-burden,1290,1257,-0.0255813953488372,-0.0255813953488372
minnesota,hennepin,365.2,189.4,174.4,0.6,0.8,0.0,0.0,125.8,65.4,49.0,43.6,228.4,84.2,62.53207575417322,11.943408937794748,2.245227936222771,23.06010928961749,0.6254107338444688,0.1193866374589266,MN,0.088375,0.0467499999999999,0.0394999999999999,0.07725,0.02525,0.121,0.0827499999999999,0.128375,27053,Minnesota,Hennepin,0.1,84220.0,84.22,10.0,0.0,Low-burden,40869,40630,-0.0058479532163742,-0.0058479532163742
minnesota,lake,364.0,326.4,36.8,0.6,0.2,0.0,0.0,99.0,50.8,32.0,154.0,168.4,41.6,46.28257419908893,42.310202886838844,0.0,11.407222914072229,0.4626373626373626,0.4230769230769231,MN,0.0878749999999999,0.0665,0.0574999999999999,0.093625,0.031625,0.123125,0.1011249999999999,0.16825,27075,Minnesota,Lake,0.088,68725.0,68.725,8.8,1.0,Mid-burden,301,316,0.0498338870431893,0.0498338870431893
minnesota,lyon,361.2,298.6,61.6,0.6,0.4,0.0,0.0,107.2,56.0,35.8,160.8,200.4,0.0,55.45388801763211,44.54611198236789,0.0,0.0,0.5548172757475084,0.4451827242524917,MN,0.0907499999999999,0.061,0.056875,0.093125,0.03,0.134875,0.1056249999999999,0.181375,27083,Minnesota,Lyon,0.104,66692.0,66.692,10.4,1.0,Mid-burden,809,821,0.0148331273176761,0.0148331273176761
minnesota,mille lacs,220.6,211.2,9.4,0.0,0.0,0.0,0.0,83.0,46.0,32.8,220.6,0.0,0.0,0.0,100.0,0.0,0.0,0.0,1.0,MN,0.0953749999999999,0.067,0.0659999999999999,0.10025,0.033375,0.14225,0.116625,0.218,27095,Minnesota,Mille Lacs,0.109,66546.0,66.546,10.9,1.0,Mid-burden,710,719,0.0126760563380281,0.0126760563380281
minnesota,olmsted,363.4,262.8,100.0,0.6,0.0,0.0,0.0,101.4,59.4,40.6,157.6,205.8,0.0,56.65745306970028,43.34254693029972,0.0,0.0,0.5663181067694002,0.4336818932305999,MN,0.0877499999999999,0.0502499999999999,0.04375,0.0803749999999999,0.025,0.1162499999999999,0.0833749999999999,0.139375,27109,Minnesota,Olmsted,0.077,83656.0,83.656,7.7,0.0,Low-burden,3588,3658,0.0195094760312151,0.0195094760312151
minnesota,ramsey,365.2,242.6,121.6,0.8,0.2,0.0,0.0,120.6,61.8,40.6,0.0,344.8,20.2,94.413354292986,0.0,0.0,5.531851186466052,0.9441401971522454,0.0,MN,0.0887499999999999,0.0526249999999999,0.04675,0.09375,0.027625,0.126375,0.0931249999999999,0.1525,27123,Minnesota,Ramsey,0.13,70485.0,70.485,13.0,0.0,Low-burden,13579,13624,0.0033139406436409,0.0033139406436409
minnesota,scott,360.2,294.0,65.6,0.6,0.0,0.0,0.0,102.2,56.2,36.6,234.4,125.8,0.0,34.888177396418556,65.11182260358146,0.0,0.0,0.3492504164353137,0.6507495835646864,MN,0.08375,0.046625,0.04075,0.075875,0.023125,0.114875,0.0822499999999999,0.137375,27139,Minnesota,Scott,0.046,108730.0,108.73,4.6,0.0,Low-burden,3398,3516,0.0347263095938787,0.0347263095938787
minnesota,stearns,360.4,287.4,71.6,0.8,0.4,0.2,0.0,122.8,58.4,37.0,167.6,192.8,0.0,53.40056558092139,46.59943441907862,0.0,0.0,0.53496115427303,0.4650388457269701,MN,0.0897499999999999,0.0568749999999999,0.0534999999999999,0.0872499999999999,0.028625,0.136,0.101,0.17125,27145,Minnesota,Stearns,0.135,67213.0,67.213,13.5,1.0,Mid-burden,4480,4406,-0.0165178571428571,-0.0165178571428571
minnesota,washington,286.4,196.6,89.6,0.2,0.0,0.0,0.0,96.0,57.8,40.8,153.8,118.0,14.6,34.29820864067439,61.679662802950475,0.0,4.022128556375132,0.4120111731843576,0.5370111731843576,MN,0.0841249999999999,0.0481249999999999,0.0406249999999999,0.0789999999999999,0.023625,0.11175,0.0804999999999999,0.130625,27163,Minnesota,Washington,0.052,105251.0,105.251,5.2,0.0,Low-burden,5946,6243,0.0499495459132189,0.0499495459132189
minnesota,winona,116.4,103.0,13.4,0.0,0.0,0.0,0.0,69.4,50.0,23.0,0.0,116.4,0.0,100.0,0.0,0.0,0.0,1.0,0.0,MN,0.0914999999999999,0.0578749999999999,0.0536249999999999,0.087125,0.028,0.136,0.0986249999999999,0.169375,27169,Minnesota,Winona,0.123,63878.0,63.878,12.3,1.0,Mid-burden,1153,1155,0.0017346053772766,0.0017346053772766
minnesota,wright,361.2,271.8,87.6,1.4,0.4,0.0,0.0,123.4,61.0,39.4,168.0,193.2,0.0,53.497908116550185,46.502091883449815,0.0,0.0,0.5348837209302325,0.4651162790697674,MN,0.085125,0.0505,0.046375,0.07725,0.0245,0.122375,0.08925,0.158875,27171,Minnesota,Wright,0.049,99744.0,99.744,4.9,0.0,Low-burden,3391,3556,0.0486582129165437,0.0486582129165437
mississippi,bolivar,326.8,213.8,112.6,0.4,0.0,0.0,0.0,95.8,59.4,44.4,124.2,202.6,0.0,57.80338853066125,42.19661146933874,0.0,0.0,0.6199510403916768,0.3800489596083231,MS,0.116125,0.0829999999999999,0.0937499999999999,0.178375,0.054875,0.18,0.162875,0.226375,28011,Mississippi,Bolivar,0.342,35599.0,35.599,34.2,2.0,High-burden,710,680,-0.0422535211267605,-0.0422535211267605
mississippi,desoto,364.6,223.2,140.4,0.8,0.2,0.0,0.0,126.2,60.2,46.2,83.4,281.2,0.0,77.12388980882132,22.87611019117869,0.0,0.0,0.7712561711464618,0.2287438288535381,MS,0.094625,0.0577499999999999,0.0621249999999999,0.111,0.031,0.146125,0.1087499999999999,0.17475,28033,Mississippi,Desoto,0.108,72890.0,72.89,10.8,0.0,Low-burden,2910,3186,0.0948453608247422,0.0948453608247422
mississippi,forrest,358.2,197.2,160.8,0.2,0.0,0.0,0.0,92.6,60.8,48.0,0.0,358.2,0.0,100.0,0.0,0.0,0.0,1.0,0.0,MS,0.104625,0.068875,0.0764999999999999,0.1275,0.0387499999999999,0.164,0.12925,0.196375,28035,Mississippi,Forrest,0.201,45326.0,45.326,20.1,2.0,High-burden,1779,1720,-0.0331646992692523,-0.0331646992692523
mississippi,grenada,104.0,78.0,26.0,0.0,0.0,0.0,0.0,72.5,54.5,38.0,0.0,104.0,0.0,100.0,0.0,0.0,0.0,1.0,0.0,MS,0.106,0.0767499999999999,0.08675,0.14475,0.0452499999999999,0.164875,0.14225,0.21275,28043,Mississippi,Grenada,0.221,39562.0,39.562,22.1,2.0,High-burden,551,540,-0.0199637023593466,-0.0199637023593466
mississippi,hancock,343.4,237.4,105.8,0.2,0.0,0.0,0.0,89.2,58.6,42.8,114.2,229.2,0.0,65.05467769580763,34.94532230419237,0.0,0.0,0.6674432149097262,0.3325567850902737,MS,0.0944999999999999,0.0735,0.0803749999999999,0.11725,0.036125,0.154375,0.12725,0.18925,28045,Mississippi,Hancock,0.173,54207.0,54.207,17.3,2.0,High-burden,714,773,0.0826330532212885,0.0826330532212885
mississippi,harrison,359.8,211.2,147.6,1.0,0.0,0.0,0.0,101.0,61.4,46.0,74.8,285.0,0.0,79.26237358224023,20.73762641775977,0.0,0.0,0.792106725958866,0.2078932740411339,MS,0.0978749999999999,0.06925,0.076125,0.124375,0.036875,0.162375,0.128125,0.2027499999999999,28047,Mississippi,Harrison,0.18,54090.0,54.09,18.0,2.0,High-burden,4176,4274,0.0234674329501915,0.0234674329501915
mississippi,hinds,365.2,156.8,208.0,0.4,0.0,0.0,0.0,100.8,66.2,52.2,50.2,313.8,0.0,85.92319784415001,13.74803503256232,0.3287671232876712,0.0,0.8592552026286967,0.1374589266155531,MS,0.107125,0.0658749999999999,0.07,0.1495,0.04475,0.157875,0.127875,0.182875,28049,Mississippi,Hinds,0.252,42092.0,42.092,25.2,2.0,High-burden,5210,5073,-0.0262955854126679,-0.0262955854126679
mississippi,jackson,359.4,238.2,120.4,0.8,0.0,0.0,0.0,95.8,59.2,43.6,111.8,231.2,0.0,64.2161851192287,31.16425482380027,4.619560056971039,0.0,0.6432943795214247,0.3110740122426266,MS,0.095375,0.066875,0.072875,0.11975,0.0355,0.152625,0.12325,0.186875,28059,Mississippi,Jackson,0.147,57664.0,57.664,14.7,2.0,High-burden,2309,2340,0.0134257254222607,0.0134257254222607
mississippi,lauderdale,243.4,233.0,10.4,0.0,0.0,0.0,0.0,65.8,46.4,33.8,243.4,0.0,0.0,0.0,100.0,0.0,0.0,0.0,1.0,MS,0.1023749999999999,0.074875,0.0827499999999999,0.142625,0.0442499999999999,0.160125,0.13675,0.210125,28075,Mississippi,Lauderdale,0.228,44492.0,44.492,22.8,2.0,High-burden,1890,1796,-0.0497354497354497,-0.0497354497354497
mississippi,lee,238.8,227.8,11.0,0.0,0.0,0.0,0.0,68.6,47.4,36.6,238.8,0.0,0.0,0.0,100.0,0.0,0.0,0.0,1.0,MS,0.0989999999999999,0.064125,0.0718749999999999,0.117375,0.0355,0.1535,0.122875,0.19,28081,Mississippi,Lee,0.152,57597.0,57.597,15.2,2.0,High-burden,2483,2536,0.0213451469995972,0.0213451469995972
mississippi,yalobusha,346.6,340.4,6.2,0.0,0.0,0.0,0.0,61.6,43.2,31.2,346.6,0.0,0.0,0.0,100.0,0.0,0.0,0.0,1.0,MS,0.103125,0.08075,0.0908749999999999,0.1505,0.0464999999999999,0.165125,0.145375,0.219125,28161,Mississippi,Yalobusha,0.223,42995.0,42.995,22.3,2.0,High-burden,166,159,-0.0421686746987951,-0.0421686746987951
missouri,andrew,244.6,213.2,31.0,0.4,0.0,0.0,0.0,92.0,56.0,40.2,244.6,0.0,0.0,0.0,100.0,0.0,0.0,0.0,1.0,MO,0.093625,0.06675,0.07775,0.0977499999999999,0.03125,0.15,0.123,0.192375,29003,Missouri,Andrew,0.087,63665.0,63.665,8.7,0.0,Low-burden,288,281,-0.0243055555555555,-0.0243055555555555
missouri,boone,244.8,226.8,17.8,0.2,0.0,0.0,0.0,84.6,48.4,37.8,244.8,0.0,0.0,0.0,100.0,0.0,0.0,0.0,1.0,MO,0.09675,0.0562499999999999,0.06425,0.0902499999999999,0.027625,0.152375,0.1098749999999999,0.165125,29019,Missouri,Boone,0.166,62805.0,62.805,16.6,2.0,High-burden,4652,4615,-0.0079535683576956,-0.0079535683576956
missouri,buchanan,364.6,222.2,141.4,1.0,0.0,0.0,0.0,101.0,59.8,44.2,0.0,324.4,40.2,88.98177289709045,0.0,0.0,11.018227102909544,0.8897421832144815,0.0,MO,0.0988749999999999,0.071375,0.088875,0.1125,0.03475,0.1705,0.1392499999999999,0.228,29021,Missouri,Buchanan,0.186,51811.0,51.811,18.6,2.0,High-burden,2136,2066,-0.0327715355805243,-0.0327715355805243
missouri,callaway,244.6,227.2,17.4,0.0,0.0,0.0,0.0,79.0,49.2,38.6,244.6,0.0,0.0,0.0,100.0,0.0,0.0,0.0,1.0,MO,0.0979999999999999,0.065375,0.0798749999999999,0.099875,0.03175,0.15775,0.12575,0.2075,29027,Missouri,Callaway,0.105,64333.0,64.333,10.5,0.0,Low-burden,745,746,0.0013422818791946,0.0013422818791946
missouri,cass,363.0,275.0,87.0,1.0,0.0,0.0,0.0,103.6,57.8,41.4,169.8,193.2,0.0,53.22223300911653,46.77776699088347,0.0,0.0,0.5322314049586776,0.4677685950413223,MO,0.09625,0.0626249999999999,0.073625,0.0961249999999999,0.0305,0.150125,0.118375,0.191,29037,Missouri,Cass,0.073,79949.0,79.949,7.3,0.0,Low-burden,1983,2107,0.0625315179021684,0.0625315179021684
missouri,cedar,355.8,250.8,105.0,0.0,0.0,0.0,0.0,87.0,58.4,41.8,142.4,213.4,0.0,59.97771563453382,40.02228436546618,0.0,0.0,0.5997751545812254,0.4002248454187746,MO,0.103375,0.0898749999999999,0.112,0.128875,0.043375,0.17525,0.163,0.2476249999999999,29039,Missouri,Cedar,0.182,43563.0,43.563,18.2,2.0,High-burden,285,303,0.0631578947368421,0.0631578947368421
missouri,clay,361.2,264.4,92.8,4.0,0.0,0.0,0.0,119.2,64.0,41.6,196.0,165.2,0.0,45.70259553646851,54.297404463531485,0.0,0.0,0.4573643410852713,0.5426356589147286,MO,0.094625,0.0562499999999999,0.064875,0.0924999999999999,0.027625,0.146125,0.11225,0.180125,29047,Missouri,Clay,0.081,75129.0,75.129,8.1,0.0,Low-burden,5142,5399,0.0499805523142746,0.0499805523142746
missouri,clinton,245.0,210.0,34.6,0.4,0.0,0.0,0.0,101.4,57.4,40.2,245.0,0.0,0.0,0.0,100.0,0.0,0.0,0.0,1.0,MO,0.0944999999999999,0.0682499999999999,0.0812499999999999,0.1008749999999999,0.0325,0.1543749999999999,0.125875,0.207875,29049,Missouri,Clinton,0.1009999999999999,64823.0,64.823,10.1,0.0,Low-burden,368,375,0.0190217391304347,0.0190217391304347
missouri,greene,364.8,263.0,101.6,0.2,0.0,0.0,0.0,90.0,57.2,41.8,149.4,199.0,16.4,54.55577299412916,40.95017311455668,0.0,4.494053891314165,0.5455043859649122,0.4095394736842105,MO,0.0971249999999999,0.0652499999999999,0.0792499999999999,0.1022499999999999,0.031875,0.165125,0.129125,0.192,29077,Missouri,Greene,0.132,53391.0,53.391,13.2,2.0,High-burden,8303,8558,0.0307117909189449,0.0307117909189449
missouri,jackson,365.2,179.0,184.6,1.4,0.2,0.0,0.0,114.8,64.4,49.8,0.0,319.6,29.0,87.51493375252639,0.0,4.546298375626918,7.938767871846695,0.8751369112814897,0.0,MO,0.101,0.0623749999999999,0.073375,0.11275,0.033875,0.1595,0.124375,0.198,29095,Missouri,Jackson,0.131,63282.0,63.282,13.1,2.0,High-burden,17970,18253,0.015748469671675,0.015748469671675
missouri,jasper,364.2,314.2,49.8,0.2,0.0,0.0,0.0,90.4,53.2,36.4,221.2,0.0,143.0,0.0,60.736906455073985,0.0,39.263093544926015,0.0,0.6073585941790225,MO,0.1006249999999999,0.0701249999999999,0.08825,0.11,0.0345,0.1695,0.140625,0.21975,29097,Missouri,Jasper,0.168,51936.0,51.936,16.8,2.0,High-burden,2795,2805,0.0035778175313059,0.0035778175313059
missouri,jefferson,361.4,246.4,111.8,3.0,0.2,0.0,0.0,126.2,61.8,42.6,143.2,201.6,16.6,55.69706839087934,39.67339246692641,0.0,4.629539142194248,0.5578306585500831,0.3962368566685113,MO,0.095125,0.06425,0.0782499999999999,0.0978749999999999,0.03025,0.158,0.12425,0.209125,29099,Missouri,Jefferson,0.087,68959.0,68.959,8.7,0.0,Low-burden,3973,3881,-0.0231563050591492,-0.0231563050591492
missouri,lincoln,244.6,219.0,24.6,1.0,0.0,0.0,0.0,109.8,55.0,39.8,244.6,0.0,0.0,0.0,100.0,0.0,0.0,0.0,1.0,MO,0.0983749999999999,0.0656249999999999,0.082,0.0997499999999999,0.031625,0.16375,0.130625,0.222125,29113,Missouri,Lincoln,0.093,76182.0,76.182,9.3,0.0,Low-burden,924,975,0.0551948051948051,0.0551948051948051
missouri,monroe,365.2,351.2,13.8,0.2,0.0,0.0,0.0,83.6,45.8,34.0,363.6,0.0,1.4,0.0,99.56224268283556,0.0547945205479452,0.3829627966165132,0.0,0.995618838992333,MO,0.0987499999999999,0.08225,0.0988749999999999,0.12,0.039375,0.164,0.147125,0.230375,29137,Missouri,Monroe,0.15,52079.0,52.079,15.0,1.0,Mid-burden,178,167,-0.0617977528089887,-0.0617977528089887
missouri,perry,244.8,215.6,28.6,0.6,0.0,0.0,0.0,106.4,54.0,39.6,244.8,0.0,0.0,0.0,100.0,0.0,0.0,0.0,1.0,MO,0.0974999999999999,0.07125,0.0885,0.10575,0.03425,0.16225,0.135625,0.2173749999999999,29157,Missouri,Perry,0.1009999999999999,56788.0,56.788,10.1,1.0,Mid-burden,511,502,-0.0176125244618395,-0.0176125244618395
missouri,st. louis city,365.2,136.0,223.4,5.2,0.6,0.0,0.0,153.8,70.6,54.0,79.2,267.6,13.0,73.27479601766599,21.689048581480648,1.4785537839658656,3.5576016168874913,0.7327491785323111,0.216867469879518,MO,0.10575,0.0643749999999999,0.07475,0.126125,0.0395,0.165625,0.132625,0.2095,29510,Missouri,St. Louis City,0.215,49246.0,49.246,21.5,2.0,High-burden,9217,9373,0.0169252468265162,0.0169252468265162
missouri,stoddard,103.6,83.4,20.2,0.0,0.0,0.0,0.0,67.6,54.4,30.2,0.0,103.6,0.0,100.0,0.0,0.0,0.0,1.0,0.0,MO,0.103625,0.083875,0.106875,0.12375,0.0405,0.1795,0.160875,0.258875,29207,Missouri,Stoddard,0.179,46818.0,46.818,17.9,1.0,Mid-burden,688,666,-0.0319767441860465,-0.0319767441860465
missouri,taney,152.8,137.2,15.6,0.0,0.0,0.0,0.0,71.8,50.4,28.4,45.4,107.4,0.0,84.0701754385965,15.92982456140351,0.0,0.0,0.7028795811518325,0.2971204188481675,MO,0.0994999999999999,0.07775,0.0923749999999999,0.116625,0.037,0.163625,0.141625,0.2145,29213,Missouri,Taney,0.156,47210.0,47.21,15.6,1.0,Mid-burden,1831,1906,0.0409612233752048,0.0409612233752048
montana,cascade,358.4,296.0,58.0,3.8,0.6,0.0,0.0,130.4,56.6,30.0,0.0,358.4,0.0,100.0,0.0,0.0,0.0,1.0,0.0,MT,0.104625,0.063125,0.06775,0.0924999999999999,0.031875,0.147125,0.12025,0.186375,30013,Montana,Cascade,0.13,57085.0,57.085,13.0,1.0,Mid-burden,2458,2423,-0.0142392188771358,-0.0142392188771358
montana,fergus,365.2,314.0,45.0,5.0,1.2,0.0,0.0,143.4,57.8,40.0,301.6,62.6,0.8,17.142001646829854,82.58417546223521,0.0546448087431694,0.2191780821917808,0.1714129244249726,0.8258488499452356,MT,0.0974999999999999,0.06925,0.06975,0.0931249999999999,0.03375,0.137625,0.11775,0.17475,30027,Montana,Fergus,0.12,54823.0,54.823,12.0,2.0,High-burden,435,432,-0.0068965517241379,-0.0068965517241379
montana,flathead,365.2,258.6,97.6,5.6,2.6,0.8,0.0,186.4,65.4,40.4,178.8,160.2,26.2,43.87184669511191,48.95351448461712,0.0,7.174638820270978,0.4386637458926615,0.4895947426067908,MT,0.097125,0.0615,0.06275,0.0824999999999999,0.030125,0.137875,0.1125,0.168625,30029,Montana,Flathead,0.095,65835.0,65.835,9.5,0.0,Low-burden,4156,4737,0.1397978825794032,0.1397978825794032
montana,gallatin,365.2,277.2,81.0,6.0,1.0,0.0,0.0,143.6,63.4,33.2,0.0,355.6,0.0,97.37046186091774,0.0,2.1365371659555352,0.0,0.973713033953998,0.0,MT,0.0919999999999999,0.04625,0.0459999999999999,0.0635,0.023125,0.129125,0.0894999999999999,0.128875,30031,Montana,Gallatin,0.088,78910.0,78.91,8.8,0.0,Low-burden,5668,6473,0.1420254057868736,0.1420254057868736
montana,lake,111.0,102.8,6.0,1.4,0.8,0.0,0.0,140.0,42.6,9.2,0.0,111.0,0.0,100.0,0.0,0.0,0.0,1.0,0.0,MT,0.10775,0.0741249999999999,0.07675,0.109875,0.0385,0.1515,0.135375,0.1997499999999999,30047,Montana,Lake,0.172,50978.0,50.978,17.2,1.0,Mid-burden,815,913,0.1202453987730061,0.1202453987730061
montana,lewis and clark,365.2,244.8,107.8,8.2,4.4,0.0,0.0,162.8,73.0,44.4,208.6,156.6,0.0,42.883748783591585,57.11625121640841,0.0,0.0,0.4288061336254107,0.5711938663745892,MT,0.0962499999999999,0.0566249999999999,0.056625,0.082,0.027625,0.1305,0.103375,0.15025,30049,Montana,Lewis And Clark,0.09,67702.0,67.702,9.0,0.0,Low-burden,2313,2493,0.0778210116731517,0.0778210116731517
montana,lincoln,364.6,155.8,196.8,5.6,5.4,0.6,0.4,221.8,78.0,52.8,0.0,360.8,3.8,98.9575476548304,0.0,0.0,1.0424523451696144,0.9895776193088316,0.0,MT,0.103125,0.0827499999999999,0.0875,0.11275,0.04075,0.149375,0.143,0.19825,30053,Montana,Lincoln,0.168,48156.0,48.156,16.8,2.0,High-burden,603,646,0.0713101160862354,0.0713101160862354
montana,missoula,365.2,129.6,209.6,13.4,5.6,3.0,4.0,356.8,104.4,56.2,47.4,317.6,0.2,86.97327644284752,12.971929036604536,0.0,0.0547945205479452,0.8696604600219059,0.1297918948521358,MT,0.0966249999999999,0.053375,0.0532499999999999,0.0739999999999999,0.026375,0.1405,0.10125,0.152125,30063,Montana,Missoula,0.129,65682.0,65.682,12.9,2.0,High-burden,4458,4704,0.0551816958277254,0.0551816958277254
montana,phillips,362.4,311.0,48.6,2.6,0.2,0.0,0.0,126.0,58.0,35.4,265.2,89.6,7.4,24.74616142319387,73.17264083121985,0.0555555555555555,2.0256421900307284,0.2472406181015452,0.7317880794701986,MT,0.103125,0.073875,0.077,0.1033749999999999,0.0374999999999999,0.14725,0.13125,0.194875,30071,Montana,Phillips,0.145,53626.0,53.626,14.499999999999998,1.0,Mid-burden,133,136,0.0225563909774436,0.0225563909774436
montana,powder river,357.8,262.2,88.8,4.6,2.2,0.0,0.0,153.4,69.0,40.8,220.6,121.8,15.2,34.069548742099784,61.60023848366834,0.0558659217877095,4.274346852444172,0.3404136389044158,0.616545556176635,MT,0.0991249999999999,0.07275,0.072625,0.099125,0.035125,0.138625,0.122375,0.1735,30075,Montana,Powder River,0.111,52298.0,52.298,11.1,2.0,High-burden,73,75,0.0273972602739726,0.0273972602739726
montana,powell,95.4,86.8,7.8,0.8,0.0,0.0,0.0,93.4,42.0,9.6,0.0,95.4,0.0,100.0,0.0,0.0,0.0,1.0,0.0,MT,0.0924999999999999,0.0705,0.07175,0.0971249999999999,0.034,0.140125,0.12325,0.204375,30077,Montana,Powell,0.1689999999999999,47687.0,47.687,16.9,1.0,Mid-burden,164,162,-0.0121951219512195,-0.0121951219512195
montana,ravalli,358.8,272.2,72.4,9.2,5.0,0.0,0.0,141.8,71.8,25.6,0.0,358.8,0.0,100.0,0.0,0.0,0.0,1.0,0.0,MT,0.097875,0.0697499999999999,0.070375,0.0948749999999999,0.03375,0.138125,0.120625,0.173125,30081,Montana,Ravalli,0.095,60030.0,60.03,9.5,1.0,Mid-burden,1465,1626,0.1098976109215017,0.1098976109215017
montana,richland,360.8,308.8,50.6,1.2,0.2,0.0,0.0,121.0,57.0,38.4,280.4,78.0,2.4,21.633584775606913,77.70048098965144,0.0,0.6659342347416548,0.2161862527716186,0.7771618625277161,MT,0.0957499999999999,0.057125,0.058875,0.0824999999999999,0.028,0.137875,0.1064999999999999,0.174125,30083,Montana,Richland,0.091,63148.0,63.148,9.1,0.0,Low-burden,530,510,-0.0377358490566037,-0.0377358490566037
montana,roosevelt,93.0,86.0,6.6,0.4,0.0,0.0,0.0,84.6,42.2,14.6,0.0,93.0,0.0,100.0,0.0,0.0,0.0,1.0,0.0,MT,0.126625,0.082375,0.0956249999999999,0.141125,0.0476249999999999,0.191,0.172875,0.3015,30085,Montana,Roosevelt,0.253,47266.0,47.266,25.3,1.0,Mid-burden,210,209,-0.0047619047619047,-0.0047619047619047
montana,rosebud,364.8,298.8,59.4,4.6,2.0,0.0,0.0,149.2,60.4,37.6,239.4,85.4,35.6,23.422242348767877,65.60263888708451,1.205494299506508,9.7696244646411,0.2341008771929824,0.65625,MT,0.111875,0.074125,0.079625,0.1159999999999999,0.0393749999999999,0.164375,0.142625,0.228125,30087,Montana,Rosebud,0.176,61331.0,61.331,17.6,2.0,High-burden,172,181,0.0523255813953488,0.0523255813953488
montana,sanders,362.0,264.2,86.8,5.8,3.4,1.6,0.2,232.0,69.0,35.2,0.0,325.0,37.0,89.69045493833259,0.0,0.0,10.309545061667407,0.8977900552486188,0.0,MT,0.10375,0.0881249999999999,0.0924999999999999,0.119,0.0435,0.1515,0.148375,0.2115,30089,Montana,Sanders,0.147,50270.0,50.27,14.7,1.0,Mid-burden,355,386,0.0873239436619718,0.0873239436619718
montana,sheridan,111.4,104.0,7.2,0.2,0.0,0.0,0.0,81.2,40.8,16.6,0.0,111.4,0.0,100.0,0.0,0.0,0.0,1.0,0.0,MT,0.0959999999999999,0.0665,0.0668749999999999,0.092125,0.032375,0.1355,0.1162499999999999,0.17225,30091,Montana,Sheridan,0.118,56095.0,56.095,11.8,1.0,Mid-burden,158,157,-0.0063291139240506,-0.0063291139240506
montana,silver bow,362.2,262.0,89.6,8.0,2.6,0.0,0.0,149.4,71.0,30.0,0.0,276.4,85.8,76.39863723880765,0.0,0.0,23.601362761192338,0.763114301490889,0.0,MT,0.1018749999999999,0.06575,0.0705,0.096125,0.0325,0.149375,0.122625,0.190375,30093,Montana,Silver Bow,0.13,52495.0,52.495,13.0,1.0,Mid-burden,1138,1156,0.015817223198594,0.015817223198594
montana,yellowstone,339.4,262.0,73.0,3.6,0.8,0.0,0.0,157.0,59.0,34.4,0.0,339.4,0.0,100.0,0.0,0.0,0.0,1.0,0.0,MT,0.1011249999999999,0.057,0.0594999999999999,0.0843749999999999,0.028375,0.143125,0.1125,0.1725,30111,Montana,Yellowstone,0.113,69182.0,69.182,11.3,1.0,Mid-burden,5659,5788,0.0227955469164163,0.0227955469164163
nebraska,cass,351.8,341.2,10.6,0.0,0.0,0.0,0.0,64.2,35.0,16.6,0.0,0.0,351.8,0.0,0.0,0.0,100.0,0.0,0.0,NE,0.0824999999999999,0.058625,0.05675,0.0914999999999999,0.027625,0.11575,0.0948749999999999,0.156625,31025,Nebraska,Cass,0.064,77771.0,77.771,6.4,1.0,Mid-burden,573,598,0.0436300174520069,0.0436300174520069
nebraska,douglas,365.2,230.6,132.4,2.0,0.2,0.0,0.0,117.0,62.2,45.2,139.2,216.6,9.0,59.30922973276442,38.11707463133468,0.0,2.4644060184145515,0.5930996714129244,0.3811610076670317,NE,0.0865,0.0505,0.0522499999999999,0.0968749999999999,0.027125,0.124875,0.094875,0.15625,31055,Nebraska,Douglas,0.1169999999999999,69475.0,69.475,11.7,0.0,Low-burden,15795,16393,0.0378600823045267,0.0378600823045267
nebraska,gage,184.0,49.0,134.0,1.0,0.0,0.0,0.0,115.0,66.0,55.0,0.0,184.0,0.0,100.0,0.0,0.0,0.0,1.0,0.0,NE,0.0865,0.0668749999999999,0.0685,0.1028749999999999,0.03275,0.124375,0.107625,0.180875,31067,Nebraska,Gage,0.12,56261.0,56.261,12.0,2.0,High-burden,682,656,-0.0381231671554252,-0.0381231671554252
nebraska,hall,202.8,167.0,35.4,0.4,0.0,0.0,0.0,84.2,53.6,29.2,0.0,202.8,0.0,100.0,0.0,0.0,0.0,1.0,0.0,NE,0.082375,0.0606249999999999,0.0607499999999999,0.105875,0.030125,0.124375,0.10625,0.159375,31079,Nebraska,Hall,0.12,60751.0,60.751,12.0,1.0,Mid-burden,1894,1847,-0.0248152059134107,-0.0248152059134107
nebraska,knox,354.6,326.6,27.0,1.0,0.0,0.0,0.0,93.8,49.4,35.4,354.6,0.0,0.0,0.0,100.0,0.0,0.0,0.0,1.0,NE,0.0852499999999999,0.071625,0.0686249999999999,0.107375,0.034625,0.120625,0.1069999999999999,0.16425,31107,Nebraska,Knox,0.123,54189.0,54.189,12.3,1.0,Mid-burden,257,257,0.0,0.0
nebraska,lancaster,281.0,246.0,35.0,0.0,0.0,0.0,0.0,81.6,52.4,36.2,204.6,76.4,0.0,27.23643350128743,72.76356649871256,0.0,0.0,0.2718861209964413,0.7281138790035587,NE,0.0847499999999999,0.050875,0.05025,0.0857499999999999,0.0255,0.123,0.0873749999999999,0.145125,31109,Nebraska,Lancaster,0.12,65436.0,65.436,12.0,1.0,Mid-burden,8568,8794,0.0263772175536881,0.0263772175536881
nebraska,sarpy,338.4,211.6,126.0,0.8,0.0,0.0,0.0,108.2,60.2,43.2,0.0,338.4,0.0,100.0,0.0,0.0,0.0,1.0,0.0,NE,0.0785,0.046875,0.044,0.0833749999999999,0.022625,0.1109999999999999,0.0802499999999999,0.130625,31153,Nebraska,Sarpy,0.055,88913.0,88.913,5.5,0.0,Low-burden,3714,3914,0.0538502961766289,0.0538502961766289
nebraska,scotts bluff,190.4,148.4,41.4,0.6,0.0,0.0,0.0,98.8,54.4,28.4,0.0,190.4,0.0,100.0,0.0,0.0,0.0,1.0,0.0,NE,0.0847499999999999,0.06475,0.06275,0.112875,0.0315,0.125875,0.111625,0.164375,31157,Nebraska,Scotts Bluff,0.136,53206.0,53.206,13.6,1.0,Mid-burden,1101,1039,-0.0563124432334241,-0.0563124432334241
nebraska,thomas,114.2,107.8,6.4,0.0,0.0,0.0,0.0,75.0,40.6,17.2,0.0,114.2,0.0,100.0,0.0,0.0,0.0,1.0,0.0,NE,0.0813749999999999,0.065,0.0597499999999999,0.0974999999999999,0.0305,0.11225,0.0959999999999999,0.147875,31171,Nebraska,Thomas,0.118,53019.0,53.019,11.8,1.0,Mid-burden,26,25,-0.0384615384615384,-0.0384615384615384
nebraska,washington,114.4,89.6,24.6,0.2,0.0,0.0,0.0,88.2,55.8,35.2,0.0,114.4,0.0,100.0,0.0,0.0,0.0,1.0,0.0,NE,0.080125,0.056125,0.053875,0.087625,0.02675,0.112,0.0896249999999999,0.149125,31177,Nebraska,Washington,0.063,100572.0,100.572,6.3,0.0,Low-burden,604,631,0.0447019867549668,0.0447019867549668
nevada,carson city,365.2,269.8,83.8,5.4,4.4,1.6,0.2,188.0,67.6,43.8,271.4,93.8,0.0,25.679766449584548,74.32023355041545,0.0,0.0,0.2568455640744797,0.7431544359255202,NV,0.09525,0.0681249999999999,0.0751249999999999,0.108125,0.032875,0.154,0.132625,0.177125,32510,Nevada,Carson City,0.118,64869.0,64.869,11.8,0.0,Low-burden,1890,1896,0.0031746031746031,0.0031746031746031
nevada,churchill,352.0,293.8,54.2,3.8,0.2,0.0,0.0,128.8,60.4,42.4,352.0,0.0,0.0,0.0,100.0,0.0,0.0,0.0,1.0,NV,0.0979999999999999,0.06775,0.07675,0.107375,0.032625,0.158625,0.131625,0.186625,32001,Nevada,Churchill,0.104,67716.0,67.716,10.4,0.0,Low-burden,478,479,0.002092050209205,0.002092050209205
nevada,clark,365.2,102.2,234.6,26.8,1.6,0.0,0.0,157.6,97.0,61.8,215.0,124.2,11.2,34.00568904858148,58.87341866906205,3.9991017291713447,3.0669960326371735,0.3400876232201533,0.5887185104052575,NV,0.09325,0.0619999999999999,0.067625,0.113375,0.031375,0.1543749999999999,0.13275,0.169,32003,Nevada,Clark,0.151,63735.0,63.735,15.1,2.0,High-burden,45830,51465,0.1229543966833951,0.1229543966833951
nevada,douglas,357.4,289.4,55.2,4.4,5.8,2.6,0.0,212.0,65.2,22.0,0.0,357.4,0.0,100.0,0.0,0.0,0.0,1.0,0.0,NV,0.091625,0.0686249999999999,0.0703749999999999,0.0991249999999999,0.03175,0.1375,0.119875,0.153375,32005,Nevada,Douglas,0.08,74053.0,74.053,8.0,1.0,Mid-burden,1579,1672,0.0588980367321089,0.0588980367321089
nevada,elko,360.0,313.6,42.6,2.8,1.0,0.0,0.0,138.4,53.8,25.8,106.8,19.4,233.8,5.406084552760172,29.608615230258874,0.0,64.98530021698095,0.0538888888888888,0.2966666666666666,NV,0.0965,0.060375,0.0699999999999999,0.098,0.0291249999999999,0.159625,0.12825,0.194875,32007,Nevada,Elko,0.0969999999999999,81466.0,81.466,9.7,1.0,Mid-burden,1121,1145,0.0214094558429973,0.0214094558429973
nevada,lyon,341.4,291.8,44.2,4.6,0.6,0.0,0.2,155.4,59.2,39.8,328.6,0.0,12.8,0.0,96.40449438202248,0.0,3.5955056179775284,0.0,0.962507322788518,NV,0.0997499999999999,0.07125,0.0826249999999999,0.108875,0.03425,0.16175,0.141,0.200125,32019,Nevada,Lyon,0.094,71547.0,71.547,9.4,0.0,Low-burden,814,836,0.027027027027027,0.027027027027027
nevada,nye,365.2,345.4,18.0,1.2,0.6,0.0,0.0,143.4,36.8,19.2,0.0,0.0,365.2,0.0,0.0,0.0,100.0,0.0,0.0,NV,0.10075,0.0864999999999999,0.0972499999999999,0.126375,0.04125,0.1625,0.154,0.2153749999999999,32023,Nevada,Nye,0.149,59282.0,59.282,14.9,1.0,Mid-burden,683,790,0.1566617862371888,0.1566617862371888
nevada,washoe,365.2,184.6,164.2,10.0,4.2,2.0,0.2,193.4,80.2,50.4,240.2,114.4,8.0,31.321655812560817,65.77573171644585,0.7118796317089602,2.1907328392843777,0.3132530120481928,0.6577217962760131,NV,0.0958749999999999,0.059125,0.065625,0.0923749999999999,0.028875,0.151,0.119375,0.16275,32031,Nevada,Washoe,0.11,76123.0,76.123,11.0,0.0,Low-burden,12614,13559,0.0749167591564927,0.0749167591564927
nevada,white pine,359.6,283.2,74.0,2.4,0.0,0.0,0.0,113.6,63.0,44.0,355.0,4.6,0.0,1.2800993428012486,98.71990065719874,0.0,0.0,0.0127919911012235,0.9872080088987764,NV,0.0938749999999999,0.0705,0.07825,0.10775,0.03375,0.155625,0.135,0.2025,32033,Nevada,White Pine,0.128,63070.0,63.07,12.8,2.0,High-burden,183,191,0.0437158469945355,0.0437158469945355
new hampshire,belknap,326.2,298.4,27.6,0.2,0.0,0.0,0.0,83.2,48.6,32.4,174.0,152.2,0.0,45.78792981819002,54.21207018180998,0.0,0.0,0.466584917228694,0.533415082771306,NH,0.105625,0.06325,0.0701249999999999,0.0916249999999999,0.029375,0.1425,0.109875,0.158375,33001,New Hampshire,Belknap,0.076,75781.0,75.781,7.6,0.0,Low-burden,1833,1870,0.0201854882705946,0.0201854882705946
new hampshire,cheshire,364.8,298.2,66.4,0.2,0.0,0.0,0.0,93.2,55.2,37.0,207.0,157.8,0.0,43.25576616661279,56.74423383338721,0.0,0.0,0.4325657894736842,0.5674342105263158,NH,0.10725,0.059625,0.068375,0.0875,0.028375,0.14575,0.10875,0.156125,33005,New Hampshire,Cheshire,0.099,67883.0,67.883,9.9,0.0,Low-burden,1921,1972,0.0265486725663716,0.0265486725663716
new hampshire,coos,335.4,297.8,36.0,1.4,0.2,0.0,0.0,112.0,54.4,42.4,319.4,16.0,0.0,5.4304185676064005,94.5695814323936,0.0,0.0,0.0477042337507453,0.9522957662492546,NH,0.109375,0.073625,0.0859999999999999,0.1065,0.035,0.157,0.131125,0.192375,33007,New Hampshire,Coos,0.125,53602.0,53.602,12.5,2.0,High-burden,845,821,-0.0284023668639053,-0.0284023668639053
new hampshire,grafton,365.2,315.4,49.6,0.2,0.0,0.0,0.0,82.2,51.6,36.6,218.4,146.8,0.0,40.20465603712853,59.79534396287147,0.0,0.0,0.4019715224534502,0.5980284775465499,NH,0.104,0.0583749999999999,0.0645,0.0837499999999999,0.027875,0.139,0.103625,0.145125,33009,New Hampshire,Grafton,0.086,77378.0,77.378,8.6,0.0,Low-burden,2924,2907,-0.005813953488372,-0.005813953488372
new hampshire,merrimack,242.8,234.0,8.6,0.2,0.0,0.0,0.0,82.6,45.4,36.0,242.8,0.0,0.0,0.0,100.0,0.0,0.0,0.0,1.0,NH,0.106625,0.05525,0.063625,0.0815,0.02675,0.139,0.10075,0.15275,33013,New Hampshire,Merrimack,0.087,80842.0,80.842,8.7,0.0,Low-burden,4109,4184,0.0182526162083231,0.0182526162083231
new hampshire,rockingham,365.2,303.8,59.4,2.0,0.0,0.0,0.0,115.2,55.2,39.6,231.8,133.2,0.2,36.4684482371435,63.47675724230855,0.0,0.0547945205479452,0.3647316538882804,0.6347207009857613,NH,0.0976249999999999,0.053125,0.0574999999999999,0.079625,0.0249999999999999,0.132375,0.09725,0.1365,33015,New Hampshire,Rockingham,0.046,104281.0,104.281,4.6,0.0,Low-burden,9912,9986,0.0074656981436642,0.0074656981436642
new jersey,atlantic,363.2,278.2,84.6,0.4,0.0,0.0,0.0,98.6,56.0,39.6,191.6,171.6,0.0,47.25943787529248,52.74056212470752,0.0,0.0,0.4724669603524229,0.5275330396475771,NJ,0.0998333333333333,0.0661666666666666,0.0668333333333333,0.1145,0.0326666666666666,0.147,0.1178333333333333,0.1646666666666666,34001,New Jersey,Atlantic,0.151,65693.0,65.693,15.1,2.0,High-burden,6239,6145,-0.0150665170700432,-0.0150665170700432
new jersey,bergen,364.8,193.8,163.4,7.2,0.4,0.0,0.0,144.0,68.4,47.4,88.4,227.4,0.0,62.33087460484721,24.23724220984495,13.212253499924731,0.0,0.6233552631578947,0.2423245614035087,NJ,0.0823333333333332,0.0501666666666666,0.0444999999999999,0.088,0.0241666666666666,0.119,0.0844999999999999,0.1121666666666666,34003,New Jersey,Bergen,0.075,104777.0,104.777,7.5,0.0,Low-burden,31916,31524,-0.012282240882316,-0.012282240882316
new jersey,camden,365.2,182.6,177.0,5.6,0.0,0.0,0.0,123.2,68.8,50.0,121.0,235.4,0.0,64.45781869900442,33.1318212441051,2.35556553634254,0.0,0.6445783132530121,0.3313253012048193,NJ,0.1003333333333332,0.0581666666666666,0.0608333333333332,0.1061666666666666,0.0303333333333333,0.146,0.1101666666666666,0.1601666666666666,34007,New Jersey,Camden,0.12,77675.0,77.675,12.0,0.0,Low-burden,11518,11459,-0.0051224170862997,-0.0051224170862997
new jersey,cumberland,363.8,258.2,104.6,1.0,0.0,0.0,0.0,93.2,58.2,42.4,168.0,188.0,0.0,51.647927983677235,46.21131735111168,2.1407546652110843,0.0,0.5167674546454095,0.4617921935129191,NJ,0.1056666666666666,0.0708333333333333,0.0771666666666666,0.1255,0.0373333333333333,0.1618333333333333,0.1386666666666667,0.2011666666666667,34011,New Jersey,Cumberland,0.144,58030.0,58.03,14.400000000000002,2.0,High-burden,2815,2772,-0.0152753108348135,-0.0152753108348135
new jersey,essex,365.0,217.6,145.6,1.6,0.2,0.0,0.0,126.0,63.8,44.8,107.6,224.8,0.0,61.588920174817325,29.480000723881258,8.766544182668143,0.0,0.6158904109589042,0.2947945205479452,NJ,0.1031666666666666,0.0586666666666666,0.0581666666666666,0.118,0.0336666666666666,0.1371666666666667,0.1109999999999999,0.1453333333333333,34013,New Jersey,Essex,0.151,66191.0,66.191,15.1,2.0,High-burden,18874,19179,0.0161597965455123,0.0161597965455123
new jersey,gloucester,280.8,230.2,47.2,3.4,0.0,0.0,0.0,121.6,59.6,38.8,215.2,65.6,0.0,23.398928563358098,76.6010714366419,0.0,0.0,0.2336182336182335,0.7663817663817664,NJ,0.0974999999999999,0.0548333333333333,0.0578333333333332,0.0899999999999999,0.0268333333333333,0.1411666666666666,0.1009999999999999,0.145,34015,New Jersey,Gloucester,0.077,93783.0,93.783,7.7,0.0,Low-burden,6092,6223,0.0215036112934996,0.0215036112934996
new jersey,hudson,365.2,210.6,151.6,2.6,0.4,0.0,0.0,119.6,64.4,46.0,94.6,221.6,0.0,60.68553035406842,25.89744741372857,13.41702223220301,0.0,0.6067907995618839,0.2590361445783132,NJ,0.0874999999999999,0.0511666666666666,0.0458333333333333,0.1103333333333333,0.026,0.1295,0.1016666666666666,0.1318333333333333,34017,New Jersey,Hudson,0.159,79159.0,79.159,15.9,0.0,Low-burden,13550,13888,0.0249446494464944,0.0249446494464944
new jersey,hunterdon,361.2,248.6,110.6,1.6,0.4,0.0,0.0,118.6,61.6,42.8,163.6,197.6,0.0,54.69933726494501,45.300662735055,0.0,0.0,0.5470653377630121,0.4529346622369878,NJ,0.089,0.0528333333333333,0.0493333333333333,0.0778333333333333,0.024,0.1215,0.0878333333333333,0.1096666666666666,34019,New Jersey,Hunterdon,0.0409999999999999,122095.0,122.095,4.1,0.0,Low-burden,3813,3704,-0.028586414896407,-0.028586414896407
new jersey,mercer,365.2,228.2,132.4,4.4,0.2,0.0,0.0,139.6,64.0,44.8,162.6,202.6,0.0,55.47930234298974,44.52069765701025,0.0,0.0,0.5547645125958379,0.4452354874041621,NJ,0.0944999999999999,0.0541666666666666,0.0525,0.1008333333333332,0.0281666666666666,0.133,0.0976666666666666,0.1334999999999999,34021,New Jersey,Mercer,0.104,86499.0,86.499,10.4,0.0,Low-burden,9732,9706,-0.0026715988491574,-0.0026715988491574
new jersey,middlesex,364.4,243.4,116.8,4.2,0.0,0.0,0.0,124.4,62.8,42.8,154.0,205.2,0.0,56.30031675394848,42.27259725562564,1.4270859904258706,0.0,0.5631174533479693,0.4226125137211855,NJ,0.0844999999999999,0.0519999999999999,0.0463333333333333,0.1014999999999999,0.0251666666666666,0.1238333333333333,0.091,0.1165,34023,New Jersey,Middlesex,0.08,98992.0,98.992,8.0,0.0,Low-burden,21850,21897,0.0021510297482837,0.0021510297482837
new jersey,monmouth,244.8,223.6,20.2,0.8,0.2,0.0,0.0,109.6,50.0,34.8,244.8,0.0,0.0,0.0,100.0,0.0,0.0,0.0,1.0,NJ,0.0908333333333333,0.0541666666666666,0.0523333333333333,0.0868333333333333,0.0255,0.1311666666666666,0.0928333333333333,0.1231666666666666,34025,New Jersey,Monmouth,0.074,107500.0,107.5,7.400000000000001,0.0,Low-burden,19294,19326,0.0016585466984554,0.0016585466984554
new jersey,morris,364.2,326.0,36.6,1.6,0.0,0.0,0.0,103.8,51.6,35.4,320.6,33.4,0.0,9.174098880180583,88.02488442424746,2.8010166955719495,0.0,0.0917078528281164,0.8802855573860517,NJ,0.0834999999999999,0.0496666666666666,0.0446666666666666,0.0795,0.023,0.119,0.0835,0.1065,34027,New Jersey,Morris,0.0559999999999999,122525.0,122.525,5.6,0.0,Low-burden,16962,16298,-0.0391463270840702,-0.0391463270840702
new jersey,ocean,354.0,271.4,79.0,3.6,0.0,0.0,0.0,127.2,58.8,39.8,172.4,181.6,0.0,51.27949912291342,48.720500877086586,0.0,0.0,0.5129943502824859,0.4870056497175141,NJ,0.0986666666666666,0.0666666666666666,0.0666666666666666,0.0963333333333333,0.0308333333333333,0.1431666666666666,0.1116666666666666,0.1515,34029,New Jersey,Ocean,0.114,75732.0,75.732,11.4,0.0,Low-burden,13380,14246,0.0647234678624813,0.0647234678624813
new jersey,passaic,275.2,234.8,39.4,1.0,0.0,0.0,0.0,112.8,54.6,38.2,227.8,47.4,0.0,16.802638902624402,83.19736109737559,0.0,0.0,0.1722383720930232,0.8277616279069768,NJ,0.095,0.0604999999999999,0.0595,0.1146666666666666,0.0311666666666666,0.1436666666666666,0.1186666666666666,0.1396666666666667,34031,New Jersey,Passaic,0.141,74016.0,74.016,14.099999999999998,0.0,Low-burden,12158,12000,-0.0129955584800131,-0.0129955584800131
new jersey,union,365.2,164.4,200.2,0.6,0.0,0.0,0.0,109.4,64.2,51.4,0.0,336.2,0.0,92.06138183995807,0.0,7.829328542555579,0.0,0.920591456736035,0.0,NJ,0.0928333333333333,0.0548333333333332,0.0518333333333333,0.1051666666666666,0.0288333333333333,0.1315,0.1051666666666666,0.1326666666666666,34039,New Jersey,Union,0.093,85926.0,85.926,9.3,0.0,Low-burden,13821,13996,0.0126618913247956,0.0126618913247956
new jersey,warren,360.8,261.2,98.8,0.8,0.0,0.0,0.0,110.4,59.6,40.2,119.6,222.8,0.0,61.77076423351649,33.13226861966397,5.096967146819539,0.0,0.6175166297117517,0.3314855875831485,NJ,0.0939999999999999,0.0584999999999999,0.0596666666666666,0.091,0.0275,0.1394999999999999,0.1043333333333333,0.1458333333333333,34041,New Jersey,Warren,0.093,82900.0,82.9,9.3,0.0,Low-burden,2450,2362,-0.0359183673469387,-0.0359183673469387
new mexico,bernalillo,365.2,116.2,237.6,10.4,0.8,0.2,0.0,155.4,83.0,57.0,198.2,107.2,59.4,29.350101055468222,54.276068568006586,0.1095890410958904,16.264241335429297,0.2935377875136911,0.5427163198247535,NM,0.0984999999999999,0.05325,0.0523749999999999,0.10825,0.028625,0.14325,0.114875,0.143,35001,New Mexico,Bernalillo,0.152,59723.0,59.723,15.2,2.0,High-burden,15964,15998,0.0021297920320721,0.0021297920320721
new mexico,catron,113.8,110.0,3.4,0.4,0.0,0.0,0.0,78.0,33.2,12.4,0.0,113.8,0.0,100.0,0.0,0.0,0.0,1.0,0.0,NM,0.1015,0.0983749999999999,0.09525,0.149625,0.0478749999999999,0.15025,0.156375,0.190125,35003,New Mexico,Catron,0.198,40273.0,40.273,19.8,1.0,Mid-burden,62,66,0.064516129032258,0.064516129032258
new mexico,chaves,119.0,108.8,10.0,0.2,0.0,0.0,0.0,76.8,47.0,23.8,0.0,119.0,0.0,100.0,0.0,0.0,0.0,1.0,0.0,NM,0.10075,0.067625,0.0666249999999999,0.128375,0.03425,0.15725,0.140125,0.175875,35005,New Mexico,Chaves,0.276,45098.0,45.098,27.6,2.0,High-burden,1387,1351,-0.0259552992069214,-0.0259552992069214
new mexico,eddy,364.8,226.0,121.6,16.0,1.2,0.0,0.0,156.0,86.6,46.6,355.6,6.6,0.0,1.8100255908475085,97.4776456420292,0.7123287671232876,0.0,0.0180921052631578,0.974780701754386,NM,0.095875,0.05875,0.0581249999999999,0.114,0.029875,0.146625,0.122375,0.165625,35015,New Mexico,Eddy,0.138,66191.0,66.191,13.8,2.0,High-burden,1447,1512,0.0449205252246026,0.0449205252246026
new mexico,lea,365.2,230.8,131.0,3.2,0.2,0.0,0.0,129.2,68.0,46.4,251.4,111.2,0.0,30.45392619208025,68.83449359982035,0.7115802080994087,0.0,0.3044906900328587,0.6883899233296824,NM,0.0981249999999999,0.059375,0.060125,0.11875,0.031,0.153125,0.132,0.17675,35025,New Mexico,Lea,0.188,51749.0,51.749,18.8,2.0,High-burden,1681,1657,-0.0142772159428911,-0.0142772159428911
new mexico,lincoln,113.8,112.0,1.8,0.0,0.0,0.0,0.0,54.4,32.0,14.2,0.0,113.8,0.0,100.0,0.0,0.0,0.0,1.0,0.0,NM,0.0962499999999999,0.0705,0.067,0.1145,0.035,0.136625,0.12575,0.15525,35027,New Mexico,Lincoln,0.184,50472.0,50.472,18.4,1.0,Mid-burden,676,679,0.0044378698224852,0.0044378698224852
new mexico,los alamos,117.8,116.0,1.6,0.2,0.0,0.0,0.0,61.2,27.6,12.8,0.0,117.8,0.0,100.0,0.0,0.0,0.0,1.0,0.0,NM,0.0844999999999999,0.0423749999999999,0.035375,0.0697499999999999,0.020375,0.104875,0.0735,0.0874999999999999,35028,New Mexico,Los Alamos,0.037,134050.0,134.05,3.7000000000000006,0.0,Low-burden,373,373,0.0,0.0
new mexico,luna,358.8,341.2,14.8,2.2,0.0,0.0,0.6,343.6,35.4,17.0,0.0,0.0,358.8,0.0,0.0,0.0,100.0,0.0,0.0,NM,0.10225,0.082375,0.0794999999999999,0.157125,0.0423749999999999,0.162375,0.164375,0.1935,35029,New Mexico,Luna,0.276,35040.0,35.04,27.6,1.0,Mid-burden,386,376,-0.0259067357512953,-0.0259067357512953
new mexico,rio arriba,361.0,283.8,75.8,1.4,0.0,0.0,0.0,110.8,63.2,44.4,358.6,2.4,0.0,0.6656099108138874,99.33439008918612,0.0,0.0,0.0066481994459833,0.9933518005540168,NM,0.097875,0.0693749999999999,0.0599999999999999,0.15125,0.0365,0.147125,0.145375,0.167,35039,New Mexico,Rio Arriba,0.204,47042.0,47.042,20.4,2.0,High-burden,560,536,-0.0428571428571428,-0.0428571428571428
new mexico,san juan,365.2,230.6,127.6,7.0,0.0,0.0,0.0,118.8,80.8,46.8,361.6,0.0,1.4,0.0,99.01399805374652,0.6027397260273972,0.3832622202260648,0.0,0.9901423877327492,NM,0.115625,0.071125,0.079625,0.13125,0.041,0.1765,0.150875,0.223,35045,New Mexico,San Juan,0.243,49977.0,49.977,24.3,2.0,High-burden,2626,2455,-0.0651180502665651,-0.0651180502665651
new mexico,sandoval,359.2,261.8,93.2,4.2,0.0,0.0,0.0,111.8,68.8,44.2,355.4,2.8,1.0,0.7755521314843348,98.94476350562636,0.0,0.2796843628892935,0.0077951002227171,0.9894209354120268,NM,0.097,0.0567499999999999,0.053875,0.105625,0.0289999999999999,0.135375,0.11425,0.1455,35043,New Mexico,Sandoval,0.094,72545.0,72.545,9.4,0.0,Low-burden,1766,1869,0.0583238958097395,0.0583238958097395
new mexico,santa fe,364.4,278.6,84.4,1.4,0.0,0.0,0.0,107.4,63.4,44.0,336.2,28.2,0.0,7.733011560662669,92.26698843933733,0.0,0.0,0.0773874862788144,0.9226125137211856,NM,0.0901249999999999,0.0573749999999999,0.0522499999999999,0.1013749999999999,0.029625,0.1285,0.1118749999999999,0.121875,35049,New Mexico,Santa Fe,0.123,67311.0,67.311,12.3,0.0,Low-burden,4759,4831,0.015129228829586,0.015129228829586
new mexico,socorro,110.0,107.0,3.0,0.0,0.0,0.0,0.0,56.2,33.2,15.2,0.0,110.0,0.0,100.0,0.0,0.0,0.0,1.0,0.0,NM,0.1045,0.0755,0.073875,0.146,0.039375,0.161375,0.153125,0.193,35053,New Mexico,Socorro,0.222,38817.0,38.817,22.2,1.0,Mid-burden,225,225,0.0,0.0
new mexico,taos,351.6,312.4,39.0,0.2,0.0,0.0,0.0,76.2,49.4,24.4,0.0,351.6,0.0,100.0,0.0,0.0,0.0,1.0,0.0,NM,0.0941249999999999,0.0693749999999999,0.0611249999999999,0.13225,0.03525,0.134625,0.13025,0.141375,35055,New Mexico,Taos,0.186,45626.0,45.626,18.6,1.0,Mid-burden,1060,1057,-0.0028301886792452,-0.0028301886792452
new mexico,valencia,358.4,269.6,86.8,2.0,0.0,0.0,0.0,108.6,66.6,44.0,358.4,0.0,0.0,0.0,100.0,0.0,0.0,0.0,1.0,NM,0.097875,0.0639999999999999,0.060125,0.1285,0.033,0.1465,0.132875,0.163,35061,New Mexico,Valencia,0.188,50510.0,50.51,18.8,2.0,High-burden,911,957,0.0504939626783754,0.0504939626783754
new york,albany,365.0,254.0,109.6,1.4,0.0,0.0,0.0,110.0,59.8,41.0,145.0,220.0,0.0,60.27397260273973,39.72602739726027,0.0,0.0,0.6027397260273972,0.3972602739726027,NY,0.10575,0.055125,0.061125,0.0907499999999999,0.026875,0.136875,0.09525,0.1485,36001,New York,Albany,0.119,74512.0,74.512,11.9,0.0,Low-burden,9533,9328,-0.0215042484002937,-0.0215042484002937
new york,bronx,365.2,225.0,135.6,4.4,0.2,0.0,0.0,133.0,65.0,45.2,123.4,211.2,0.0,57.82872969533648,33.789954337899545,8.38131596676398,0.0,0.5783132530120482,0.3378970427163199,NY,0.116125,0.0655,0.068375,0.15375,0.039,0.15325,0.144375,0.16975,36005,New York,Bronx,0.264,43143.0,43.143,26.4,2.0,High-burden,18199,18186,-0.00071432496291,-0.00071432496291
new york,chautauqua,354.2,306.4,46.2,1.6,0.0,0.0,0.0,111.6,54.8,37.4,315.4,38.8,0.0,10.99312611389861,89.00687388610139,0.0,0.0,0.1095426312817617,0.8904573687182382,NY,0.111625,0.0726249999999999,0.0883749999999999,0.112625,0.034375,0.155125,0.12975,0.2085,36013,New York,Chautauqua,0.172,48102.0,48.102,17.2,2.0,High-burden,2872,2664,-0.0724233983286908,-0.0724233983286908
new york,dutchess,341.4,325.8,14.8,0.6,0.2,0.0,0.0,112.6,45.4,33.2,341.4,0.0,0.0,0.0,100.0,0.0,0.0,0.0,1.0,NY,0.1021249999999999,0.05675,0.061875,0.094875,0.0275,0.132625,0.102875,0.15125,36027,New York,Dutchess,0.0969999999999999,87370.0,87.37,9.7,0.0,Low-burden,7607,7433,-0.0228736689890889,-0.0228736689890889
new york,erie,365.2,238.0,126.0,0.8,0.4,0.0,0.0,116.4,62.4,44.6,126.6,233.4,0.2,63.914664271277786,34.660977618085184,1.3695635900890786,0.0547945205479452,0.6391018619934283,0.3466593647316539,NY,0.10875,0.0609999999999999,0.0701249999999999,0.1,0.0305,0.14375,0.112,0.170125,36029,New York,Erie,0.1369999999999999,63014.0,63.014,13.699999999999998,2.0,High-burden,22940,22416,-0.0228421970357454,-0.0228421970357454
new york,essex,364.8,321.2,43.0,0.6,0.0,0.0,0.0,91.8,54.4,40.4,348.6,16.2,0.0,4.43940990516333,95.56059009483668,0.0,0.0,0.0444078947368421,0.955592105263158,NY,0.1057499999999999,0.0677499999999999,0.07675,0.0989999999999999,0.0315,0.134875,0.116125,0.175,36031,New York,Essex,0.113,62884.0,62.884,11.3,0.0,Low-burden,1194,1179,-0.0125628140703517,-0.0125628140703517
new york,franklin,261.0,257.0,4.0,0.0,0.0,0.0,0.0,71.0,42.0,28.5,188.0,0.0,0.0,0.0,78.84057971014492,21.15942028985507,0.0,0.0,0.7203065134099617,NY,0.1095,0.0704999999999999,0.0871249999999999,0.1158749999999999,0.034625,0.15575,0.128,0.219125,36033,New York,Franklin,0.1669999999999999,54960.0,54.96,16.7,1.0,Mid-burden,953,921,-0.0335781741867785,-0.0335781741867785
new york,hamilton,349.6,340.0,9.6,0.0,0.0,0.0,0.0,78.4,44.4,33.8,349.6,0.0,0.0,0.0,100.0,0.0,0.0,0.0,1.0,NY,0.110625,0.0813749999999999,0.0995,0.11525,0.0386249999999999,0.14825,0.134625,0.198625,36041,New York,Hamilton,0.096,57427.0,57.427,9.6,1.0,Mid-burden,198,188,-0.0505050505050505,-0.0505050505050505
new york,herkimer,247.33333333333337,242.0,5.333333333333333,0.0,0.0,0.0,0.0,71.66666666666667,42.333333333333336,32.0,247.33333333333337,0.0,0.0,0.0,100.0,0.0,0.0,0.0,1.0,NY,0.110125,0.070625,0.0853749999999999,0.101875,0.033125,0.150625,0.12275,0.20725,36043,New York,Herkimer,0.133,59366.0,59.366,13.3,1.0,Mid-burden,1130,1081,-0.043362831858407,-0.043362831858407
new york,jefferson,314.2,298.2,15.2,0.8,0.0,0.0,0.0,91.4,45.8,33.4,314.2,0.0,0.0,0.0,100.0,0.0,0.0,0.0,1.0,NY,0.10725,0.0605,0.0745,0.0962499999999999,0.0291249999999999,0.1475,0.111875,0.19175,36045,New York,Jefferson,0.124,59430.0,59.43,12.4,1.0,Mid-burden,2444,2352,-0.0376432078559738,-0.0376432078559738
new york,kings,360.8,267.4,93.2,0.0,0.2,0.0,0.0,93.8,56.6,36.0,0.0,360.8,0.0,100.0,0.0,0.0,0.0,1.0,0.0,NY,0.0991249999999999,0.0562499999999999,0.0595,0.11325,0.033125,0.139375,0.109875,0.14325,36047,New York,Kings,0.192,66943.0,66.943,19.2,2.0,High-burden,58785,60330,0.0262822148507272,0.0262822148507272
new york,monroe,365.2,256.0,107.8,1.4,0.0,0.0,0.0,98.2,59.0,41.8,146.6,218.2,0.0,59.751777827681714,40.13863313122239,0.1095890410958904,0.0,0.5974808324205915,0.4014238773274918,NY,0.110375,0.058875,0.0655,0.0988749999999999,0.0295,0.139625,0.108125,0.1649999999999999,36055,New York,Monroe,0.133,66003.0,66.003,13.3,2.0,High-burden,17739,17417,-0.018152094255595,-0.018152094255595
new york,nassau,358.6,299.6,58.8,0.2,0.0,0.0,0.0,85.2,53.6,29.6,0.0,358.6,0.0,100.0,0.0,0.0,0.0,1.0,0.0,NY,0.090125,0.0502499999999999,0.04925,0.0911249999999999,0.024625,0.1167499999999999,0.088375,0.1132499999999999,36059,New York,Nassau,0.061,125118.0,125.118,6.1,0.0,Low-burden,48608,48235,-0.0076736339697169,-0.0076736339697169
new york,new york,365.2,216.6,144.0,4.2,0.4,0.0,0.0,134.4,64.0,46.0,121.6,243.2,0.0,66.60169174339396,33.289018639119696,0.0,0.0,0.6659364731653888,0.3329682365826944,NY,0.0961249999999999,0.0488749999999999,0.04675,0.0867499999999999,0.024875,0.126375,0.093125,0.11425,36061,New York,New York,0.174,84371.0,84.371,17.4,0.0,Low-burden,103925,96083,-0.0754582631705556,-0.0754582631705556
new york,niagara,327.4,306.4,20.4,0.6,0.0,0.0,0.0,96.2,47.2,34.4,327.4,0.0,0.0,0.0,100.0,0.0,0.0,0.0,1.0,NY,0.113125,0.0664999999999999,0.079625,0.10625,0.03175,0.150125,0.1195,0.200625,36063,New York,Niagara,0.13,61068.0,61.068,13.0,1.0,Mid-burden,4594,4508,-0.0187200696560731,-0.0187200696560731
new york,oneida,354.8,318.0,36.6,0.2,0.0,0.0,0.0,78.6,50.2,23.8,0.0,354.8,0.0,100.0,0.0,0.0,0.0,1.0,0.0,NY,0.107875,0.066625,0.0814999999999999,0.10675,0.03225,0.1485,0.1215,0.191375,36065,New York,Oneida,0.142,59804.0,59.804,14.2,1.0,Mid-burden,4899,4732,-0.0340885895080628,-0.0340885895080628
new york,onondaga,364.6,297.4,66.6,0.6,0.0,0.0,0.0,94.4,55.8,37.6,227.4,137.2,0.0,37.62802950474183,62.37197049525817,0.0,0.0,0.376302797586396,0.6236972024136039,NY,0.109,0.0595,0.0697499999999999,0.0983749999999999,0.029625,0.145875,0.1105,0.1715,36067,New York,Onondaga,0.142,65548.0,65.548,14.2,1.0,Mid-burden,11714,11269,-0.0379887314324739,-0.0379887314324739
new york,orange,365.0,298.4,66.2,0.4,0.0,0.0,0.0,110.2,55.0,38.4,203.0,162.0,0.0,44.38354107902727,55.61645892097273,0.0,0.0,0.4438356164383562,0.5561643835616439,NY,0.10425,0.0567499999999999,0.06325,0.1005,0.028125,0.136875,0.1095,0.15725,36071,New York,Orange,0.122,88494.0,88.494,12.2,0.0,Low-burden,9596,9887,0.0303251354731137,0.0303251354731137
new york,oswego,350.0,334.4,15.4,0.2,0.0,0.0,0.0,84.2,45.2,33.4,350.0,0.0,0.0,0.0,100.0,0.0,0.0,0.0,1.0,NY,0.114,0.067875,0.08625,0.1,0.03225,0.158375,0.125625,0.209,36075,New York,Oswego,0.157,59394.0,59.394,15.7,1.0,Mid-burden,2136,2085,-0.023876404494382,-0.023876404494382
new york,putnam,337.8,321.4,15.0,1.2,0.2,0.0,0.0,108.0,45.8,33.6,337.8,0.0,0.0,0.0,100.0,0.0,0.0,0.0,1.0,NY,0.0965,0.0522499999999999,0.05575,0.0843749999999999,0.024625,0.12225,0.09375,0.134,36079,New York,Putnam,0.066,107014.0,107.014,6.6000000000000005,0.0,Low-burden,2898,2897,-0.0003450655624568,-0.0003450655624568
new york,queens,365.2,232.8,126.4,5.6,0.4,0.0,0.0,140.8,64.0,44.8,132.4,201.2,0.0,55.09768695261621,36.24852159592784,8.653791451455946,0.0,0.5509309967141293,0.3625410733844469,NY,0.08725,0.0552499999999999,0.053,0.125625,0.029625,0.12275,0.108125,0.129625,36081,New York,Queens,0.136,72807.0,72.807,13.6,0.0,Low-burden,50262,49895,-0.0073017388882256,-0.0073017388882256
new york,richmond,364.2,260.0,100.0,4.2,0.0,0.0,0.0,125.2,60.6,41.6,154.4,209.8,0.0,57.6178599316831,42.3821400683169,0.0,0.0,0.5760571114772104,0.4239428885227897,NY,0.09825,0.0556249999999999,0.0612499999999999,0.105625,0.027875,0.1345,0.106125,0.161625,36085,New York,Richmond,0.119,84744.0,84.744,11.9,0.0,Low-burden,9387,9361,-0.0027697880046873,-0.0027697880046873
new york,rockland,364.6,311.4,51.4,1.4,0.2,0.2,0.0,135.0,54.0,37.6,250.8,113.8,0.0,31.216265319094997,68.783734680905,0.0,0.0,0.3121228743828853,0.6878771256171147,NY,0.1002499999999999,0.0578749999999999,0.061625,0.10425,0.0289999999999999,0.126625,0.104,0.1385,36087,New York,Rockland,0.152,98054.0,98.054,15.2,0.0,Low-burden,10187,10543,0.0349465004417394,0.0349465004417394
new york,saratoga,343.8,332.8,10.8,0.2,0.0,0.0,0.0,84.2,44.6,32.4,343.8,0.0,0.0,0.0,100.0,0.0,0.0,0.0,1.0,NY,0.1015,0.055125,0.06075,0.08125,0.025,0.127875,0.0965,0.1556249999999999,36091,New York,Saratoga,0.077,87154.0,87.154,7.7,0.0,Low-burden,5417,5372,-0.0083071810965479,-0.0083071810965479
new york,steuben,364.6,316.4,48.0,0.2,0.0,0.0,0.0,90.6,52.2,36.0,236.0,127.4,0.0,34.9333937129703,64.7369334691875,0.0,0.0,0.3494240263302249,0.6472846955567745,NY,0.11175,0.0687499999999999,0.0844999999999999,0.10575,0.032625,0.14975,0.120875,0.1985,36101,New York,Steuben,0.1369999999999999,57584.0,57.584,13.699999999999998,1.0,Mid-burden,1808,1757,-0.0282079646017699,-0.0282079646017699
new york,suffolk,365.2,272.8,83.2,8.4,0.8,0.0,0.0,153.6,61.6,42.0,241.0,124.2,0.0,34.00973126731042,65.99026873268957,0.0,0.0,0.3400876232201533,0.6599123767798467,NY,0.09525,0.05375,0.0563749999999999,0.0916249999999999,0.0255,0.1265,0.0983749999999999,0.134,36103,New York,Suffolk,0.064,112681.0,112.681,6.4,0.0,Low-burden,49806,49818,0.0002409348271292,0.0002409348271292
new york,tompkins,358.6,342.6,15.6,0.4,0.0,0.0,0.0,80.4,45.8,34.4,358.6,0.0,0.0,0.0,100.0,0.0,0.0,0.0,1.0,NY,0.1045,0.051625,0.0574999999999999,0.0804999999999999,0.024625,0.139375,0.0937499999999999,0.142,36109,New York,Tompkins,0.162,65402.0,65.402,16.2,1.0,Mid-burden,2377,2255,-0.0513251998317206,-0.0513251998317206
new york,wayne,298.8,277.6,20.2,1.0,0.0,0.0,0.0,97.2,49.0,35.2,298.8,0.0,0.0,0.0,100.0,0.0,0.0,0.0,1.0,NY,0.1085,0.066375,0.078625,0.101875,0.031125,0.146125,0.12,0.194875,36117,New York,Wayne,0.1,65299.0,65.299,10.0,1.0,Mid-burden,1729,1676,-0.0306535569693464,-0.0306535569693464
new york,westchester,364.2,301.6,57.6,4.8,0.2,0.0,0.0,126.8,56.2,38.0,252.2,112.0,0.0,30.757387071210236,69.24261292878977,0.0,0.0,0.3075233388248215,0.6924766611751785,NY,0.095125,0.051875,0.0511249999999999,0.0939999999999999,0.026,0.116625,0.09425,0.11175,36119,New York,Westchester,0.094,109131.0,109.131,9.4,0.0,Low-burden,31885,31012,-0.0273796456013799,-0.0273796456013799
north carolina,alexander,275.2,250.6,24.6,0.0,0.0,0.0,0.0,81.4,51.4,38.2,240.0,0.0,35.2,0.0,88.23827001622558,0.0,11.761729983774408,0.0,0.872093023255814,NC,0.09575,0.075,0.0862499999999999,0.113125,0.036625,0.155125,0.13175,0.21225,37003,North Carolina,Alexander,0.126,52989.0,52.989,12.6,2.0,High-burden,566,582,0.0282685512367491,0.0282685512367491
north carolina,avery,362.0,332.0,30.0,0.0,0.0,0.0,0.0,82.2,49.4,39.2,342.8,19.2,0.0,5.31806934870843,94.68193065129157,0.0,0.0,0.0530386740331491,0.9469613259668508,NC,0.0938749999999999,0.077375,0.0854999999999999,0.1125,0.036625,0.1515,0.130375,0.204625,37011,North Carolina,Avery,0.17,48470.0,48.47,17.0,2.0,High-burden,494,510,0.0323886639676113,0.0323886639676113
north carolina,buncombe,364.4,279.8,84.6,0.0,0.0,0.0,0.0,87.8,55.2,40.0,135.8,228.6,0.0,62.72785661826758,37.27214338173242,0.0,0.0,0.6273326015367728,0.3726673984632273,NC,0.090625,0.0637499999999999,0.067625,0.0964999999999999,0.03075,0.138875,0.109875,0.162375,37021,North Carolina,Buncombe,0.1169999999999999,63838.0,63.838,11.7,0.0,Low-burden,8544,9401,0.1003043071161048,0.1003043071161048
north carolina,caldwell,242.4,218.8,23.6,0.0,0.0,0.0,0.0,76.8,52.8,39.4,242.4,0.0,0.0,0.0,100.0,0.0,0.0,0.0,1.0,NC,0.0993749999999999,0.0784999999999999,0.092375,0.1205,0.0385,0.16075,0.138875,0.22075,37027,North Carolina,Caldwell,0.148,44705.0,44.705,14.800000000000002,2.0,High-burden,1337,1365,0.0209424083769633,0.0209424083769633
north carolina,carteret,307.2,293.4,13.8,0.0,0.0,0.0,0.0,75.8,47.0,35.8,307.2,0.0,0.0,0.0,100.0,0.0,0.0,0.0,1.0,NC,0.091,0.0712499999999999,0.0748749999999999,0.107375,0.03375,0.137875,0.1154999999999999,0.17125,37031,North Carolina,Carteret,0.118,63146.0,63.146,11.8,1.0,Mid-burden,2025,2108,0.0409876543209876,0.0409876543209876
north carolina,caswell,274.4,259.6,14.8,0.0,0.0,0.0,0.0,74.6,48.8,37.0,239.2,0.0,35.2,0.0,89.21829343584366,0.0,10.781706564156329,0.0,0.8717201166180758,NC,0.1009999999999999,0.0774999999999999,0.086375,0.137375,0.044,0.15325,0.136875,0.2125,37033,North Carolina,Caswell,0.207,50879.0,50.879,20.7,2.0,High-burden,247,241,-0.0242914979757085,-0.0242914979757085
north carolina,catawba,352.4,217.6,134.8,0.0,0.0,0.0,0.0,86.2,59.8,43.8,0.0,352.4,0.0,100.0,0.0,0.0,0.0,1.0,0.0,NC,0.0941249999999999,0.06775,0.0761249999999999,0.11025,0.033875,0.14825,0.12225,0.190125,37035,North Carolina,Catawba,0.135,59841.0,59.841,13.5,2.0,High-burden,4172,4261,0.021332694151486,0.021332694151486
north carolina,cumberland,361.0,236.4,124.4,0.2,0.0,0.0,0.0,94.8,60.6,43.4,127.0,231.6,2.4,64.10609601854469,35.22199799722129,0.0,0.6719059842340377,0.6415512465373961,0.3518005540166205,NC,0.1003749999999999,0.06125,0.067375,0.124,0.03575,0.15675,0.121875,0.1875,37051,North Carolina,Cumberland,0.158,52463.0,52.463,15.8,2.0,High-burden,5678,5832,0.0271222261359633,0.0271222261359633
north carolina,davidson,346.8,197.4,149.4,0.0,0.0,0.0,0.0,88.0,60.8,46.4,0.0,346.8,0.0,100.0,0.0,0.0,0.0,1.0,0.0,NC,0.098,0.07325,0.084875,0.1163749999999999,0.037,0.1555,0.130875,0.20475,37057,North Carolina,Davidson,0.136,53473.0,53.473,13.6,2.0,High-burden,2797,2860,0.0225241329996424,0.0225241329996424
north carolina,durham,363.2,220.6,142.6,0.0,0.0,0.0,0.0,94.8,59.6,45.6,112.6,250.4,0.2,68.95754509514362,30.987509849911323,0.0,0.0549450549450549,0.6894273127753304,0.310022026431718,NC,0.0936249999999999,0.053625,0.054125,0.106,0.03075,0.131875,0.0998749999999999,0.145375,37063,North Carolina,Durham,0.134,71436.0,71.436,13.4,0.0,Low-burden,7556,7914,0.0473795659078877,0.0473795659078877
north carolina,edgecombe,355.6,283.0,72.6,0.0,0.0,0.0,0.0,83.2,54.8,38.0,143.0,212.6,0.0,59.80075423970196,40.19924576029804,0.0,0.0,0.5978627671541057,0.4021372328458942,NC,0.11275,0.0823749999999999,0.094125,0.1665,0.0523749999999999,0.166625,0.154625,0.2289999999999999,37065,North Carolina,Edgecombe,0.2239999999999999,41157.0,41.157,22.4,2.0,High-burden,712,716,0.0056179775280898,0.0056179775280898
north carolina,forsyth,365.2,204.2,160.0,1.0,0.0,0.0,0.0,103.8,64.2,48.2,126.6,236.4,0.0,64.72954562467251,34.66801407290965,0.6024403024178456,0.0,0.6473165388828039,0.3466593647316539,NC,0.0957499999999999,0.06425,0.0682499999999999,0.115625,0.034625,0.144375,0.1162499999999999,0.17175,37067,North Carolina,Forsyth,0.143,60228.0,60.228,14.3,2.0,High-burden,8604,8828,0.0260344026034402,0.0260344026034402
north carolina,graham,230.0,198.4,31.6,0.0,0.0,0.0,0.0,92.8,55.8,42.4,230.0,0.0,0.0,0.0,100.0,0.0,0.0,0.0,1.0,NC,0.0996249999999999,0.0844999999999999,0.0968749999999999,0.12125,0.0409999999999999,0.161875,0.143,0.222125,37075,North Carolina,Graham,0.171,43647.0,43.647,17.1,2.0,High-burden,167,162,-0.029940119760479,-0.029940119760479
north carolina,granville,239.2,214.4,24.8,0.0,0.0,0.0,0.0,78.2,53.6,40.6,239.2,0.0,0.0,0.0,100.0,0.0,0.0,0.0,1.0,NC,0.0991249999999999,0.06925,0.0765,0.12525,0.038625,0.1475,0.126125,0.196125,37077,North Carolina,Granville,0.14,62715.0,62.715,14.000000000000002,2.0,High-burden,892,917,0.0280269058295964,0.0280269058295964
north carolina,guilford,363.0,248.8,113.8,0.4,0.0,0.0,0.0,99.0,60.6,43.4,154.8,197.8,10.4,54.48659077754196,42.644028554890994,0.0,2.869380667567046,0.5449035812672176,0.4264462809917356,NC,0.0957499999999999,0.060875,0.064375,0.1135,0.034125,0.14025,0.1123749999999999,0.1684999999999999,37081,North Carolina,Guilford,0.135,60915.0,60.915,13.5,2.0,High-burden,13562,14096,0.0393747234921103,0.0393747234921103
north carolina,haywood,278.6,227.0,51.4,0.2,0.0,0.0,0.0,94.4,60.2,43.4,240.4,38.2,0.0,13.683146395262437,86.31685360473756,0.0,0.0,0.1371141421392677,0.8628858578607321,NC,0.0946249999999999,0.073875,0.080625,0.109,0.034875,0.14625,0.123125,0.185875,37087,North Carolina,Haywood,0.1369999999999999,51817.0,51.817,13.699999999999998,2.0,High-burden,1382,1451,0.0499276410998552,0.0499276410998552
north carolina,hyde,109.2,103.8,5.4,0.0,0.0,0.0,0.0,58.6,42.0,23.4,0.0,109.2,0.0,100.0,0.0,0.0,0.0,1.0,0.0,NC,0.0989999999999999,0.0827499999999999,0.0937499999999999,0.14475,0.0454999999999999,0.156875,0.147,0.22775,37095,North Carolina,Hyde,0.21,44880.0,44.88,21.0,1.0,Mid-burden,164,148,-0.0975609756097561,-0.08128849402067426
north carolina,jackson,161.4,122.8,38.4,0.2,0.0,0.0,0.0,83.6,58.6,38.4,66.0,95.4,0.0,73.30432489451476,26.695675105485236,0.0,0.0,0.5910780669144982,0.4089219330855018,NC,0.0981249999999999,0.070875,0.0787499999999999,0.108875,0.03425,0.158375,0.1245,0.19075,37099,North Carolina,Jackson,0.187,50652.0,50.652,18.7,2.0,High-burden,967,1036,0.0713547052740434,0.0713547052740434
north carolina,johnston,357.2,234.8,122.4,0.0,0.0,0.0,0.0,88.4,59.0,43.8,104.8,252.4,0.0,70.53599505012862,29.464004949871384,0.0,0.0,0.7066069428891377,0.2933930571108623,NC,0.0949999999999999,0.06275,0.070875,0.111875,0.0325,0.1478749999999999,0.11875,0.186,37101,North Carolina,Johnston,0.118,69889.0,69.889,11.8,0.0,Low-burden,3410,3768,0.1049853372434017,0.1049853372434017
north carolina,lee,285.0,144.0,141.0,0.0,0.0,0.0,0.0,91.0,62.5,50.5,97.0,188.0,0.0,65.51587301587301,34.48412698412699,0.0,0.0,0.6596491228070176,0.3403508771929824,NC,0.0969999999999999,0.070375,0.0775,0.124375,0.037375,0.15225,0.130375,0.190875,37105,North Carolina,Lee,0.151,56679.0,56.679,15.1,2.0,High-burden,1347,1390,0.0319227913882702,0.0319227913882702
north carolina,lenoir,284.2,261.4,22.6,0.2,0.0,0.0,0.0,88.0,49.8,35.8,235.6,0.0,48.6,0.0,83.59341177380244,0.0,16.406588226197552,0.0,0.82899366643209,NC,0.108875,0.0832499999999999,0.0947499999999999,0.1538749999999999,0.0491249999999999,0.165,0.15225,0.228375,37107,North Carolina,Lenoir,0.211,44244.0,44.244,21.1,2.0,High-burden,1202,1179,-0.019134775374376,-0.019134775374376
north carolina,lincoln,238.4,203.0,35.4,0.0,0.0,0.0,0.0,89.6,55.8,40.8,238.4,0.0,0.0,0.0,100.0,0.0,0.0,0.0,1.0,NC,0.0927499999999999,0.066875,0.075375,0.104875,0.032875,0.1458749999999999,0.119375,0.1866249999999999,37109,North Carolina,Lincoln,0.088,73319.0,73.319,8.8,0.0,Low-burden,1716,1909,0.1124708624708624,0.1124708624708624
north carolina,macon,356.0,344.6,11.4,0.0,0.0,0.0,0.0,77.0,44.4,31.2,356.0,0.0,0.0,0.0,100.0,0.0,0.0,0.0,1.0,NC,0.0928749999999999,0.081375,0.0877499999999999,0.118125,0.038375,0.1453749999999999,0.130375,0.18575,37113,North Carolina,Macon,0.142,49406.0,49.406,14.2,1.0,Mid-burden,1107,1213,0.0957542908762421,0.0957542908762421
north carolina,martin,272.8,256.8,16.0,0.0,0.0,0.0,0.0,70.2,47.4,35.4,236.6,0.0,36.2,0.0,87.6506077950568,0.0,12.349392204943197,0.0,0.8673020527859236,NC,0.107875,0.0842499999999999,0.0942499999999999,0.15675,0.04975,0.16075,0.148875,0.220125,37117,North Carolina,Martin,0.201,43261.0,43.261,20.1,2.0,High-burden,430,425,-0.0116279069767441,-0.0116279069767441
north carolina,mecklenburg,364.2,176.6,183.2,4.4,0.0,0.0,0.0,119.8,66.8,50.2,123.4,239.8,0.0,65.83897247797988,33.88477181425755,0.2207001522070015,0.0,0.6584294343767162,0.3388248215266337,NC,0.0903749999999999,0.0505,0.051875,0.09975,0.0284999999999999,0.129,0.0959999999999999,0.142375,37119,North Carolina,Mecklenburg,0.102,75138.0,75.138,10.2,0.0,Low-burden,32102,35062,0.0922060930783128,0.0922060930783128
north carolina,mitchell,347.6,293.4,54.0,0.2,0.0,0.0,0.0,84.2,52.4,29.4,0.0,347.6,0.0,100.0,0.0,0.0,0.0,1.0,0.0,NC,0.0941249999999999,0.0782499999999999,0.0863749999999999,0.11325,0.037125,0.149625,0.1295,0.19525,37121,North Carolina,Mitchell,0.15,49086.0,49.086,15.0,1.0,Mid-burden,378,376,-0.0052910052910052,-0.0052910052910052
north carolina,montgomery,364.8,276.6,88.2,0.0,0.0,0.0,0.0,81.0,55.8,41.4,157.8,207.0,0.0,56.731215962990255,43.26878403700975,0.0,0.0,0.5674342105263158,0.4325657894736842,NC,0.0993749999999999,0.078125,0.088125,0.131625,0.040875,0.1558749999999999,0.139,0.207125,37123,North Carolina,Montgomery,0.176,52897.0,52.897,17.6,2.0,High-burden,503,502,-0.0019880715705765,-0.0019880715705765
north carolina,new hanover,350.0,303.6,46.4,0.0,0.0,0.0,0.0,78.8,52.0,36.0,168.6,181.4,0.0,51.60234454107098,48.39765545892902,0.0,0.0,0.5182857142857143,0.4817142857142857,NC,0.09325,0.0611249999999999,0.065,0.0984999999999999,0.030625,0.1425,0.106875,0.1635,37129,North Carolina,New Hanover,0.119,66212.0,66.212,11.9,1.0,Mid-burden,7545,8184,0.0846918489065606,0.0846918489065606
north carolina,northampton,292.0,225.0,67.0,0.0,0.0,0.0,0.0,86.0,55.333333333333336,35.333333333333336,0.0,273.3333333333333,0.0,93.43988008426513,0.0,6.560119915734888,0.0,0.9360730593607304,0.0,NC,0.109875,0.08975,0.0986249999999999,0.17375,0.056125,0.159875,0.155625,0.227125,37131,North Carolina,Northampton,0.236,40524.0,40.524,23.6,2.0,High-burden,251,256,0.0199203187250996,0.0199203187250996
north carolina,person,240.8,217.2,23.6,0.0,0.0,0.0,0.0,78.2,51.4,40.0,240.8,0.0,0.0,0.0,100.0,0.0,0.0,0.0,1.0,NC,0.1008749999999999,0.07375,0.0832499999999999,0.12875,0.040625,0.1543749999999999,0.1325,0.204125,37145,North Carolina,Person,0.175,55287.0,55.287,17.5,2.0,High-burden,700,704,0.0057142857142857,0.0057142857142857
north carolina,pitt,356.6,276.6,80.0,0.0,0.0,0.0,0.0,87.4,55.2,40.0,138.6,218.0,0.0,61.133979524406165,38.86602047559384,0.0,0.0,0.6113292204150308,0.3886707795849691,NC,0.102375,0.0617499999999999,0.0686249999999999,0.116875,0.03525,0.1558749999999999,0.11875,0.178375,37147,North Carolina,Pitt,0.216,48116.0,48.116,21.6,2.0,High-burden,3584,3718,0.0373883928571428,0.0373883928571428
north carolina,rockingham,240.0,208.6,31.4,0.0,0.0,0.0,0.0,80.4,55.0,41.4,240.0,0.0,0.0,0.0,100.0,0.0,0.0,0.0,1.0,NC,0.10175,0.0781249999999999,0.0904999999999999,0.12975,0.0412499999999999,0.16,0.1402499999999999,0.21475,37157,North Carolina,Rockingham,0.181,46868.0,46.868,18.1,2.0,High-burden,1652,1614,-0.023002421307506,-0.023002421307506
north carolina,rowan,357.0,285.2,71.8,0.0,0.0,0.0,0.0,86.2,56.8,40.8,270.2,86.8,0.0,23.8083697124793,76.1916302875207,0.0,0.0,0.2431372549019607,0.7568627450980392,NC,0.0984999999999999,0.071875,0.081875,0.119375,0.037,0.15425,0.13,0.2007499999999999,37159,North Carolina,Rowan,0.17,56441.0,56.441,17.0,2.0,High-burden,2630,2766,0.0517110266159695,0.0517110266159695
north carolina,swain,361.2,262.0,98.8,0.4,0.0,0.0,0.0,101.6,56.6,41.2,141.8,219.4,0.0,60.65752488204929,39.34247511795071,0.0,0.0,0.6074197120708749,0.3925802879291252,NC,0.109375,0.08425,0.099,0.133625,0.0434999999999999,0.175625,0.15425,0.24625,37173,North Carolina,Swain,0.174,47838.0,47.838,17.4,2.0,High-burden,364,399,0.0961538461538461,0.0961538461538461
north carolina,union,229.2,194.6,33.0,1.6,0.0,0.0,0.0,98.6,58.2,41.0,229.2,0.0,0.0,0.0,100.0,0.0,0.0,0.0,1.0,NC,0.0892499999999999,0.0555,0.059375,0.0966249999999999,0.028,0.13375,0.102125,0.160125,37179,North Carolina,Union,0.077,87553.0,87.553,7.7,0.0,Low-burden,4747,5373,0.1318727617442595,0.1318727617442595
north carolina,wake,364.2,175.0,189.0,0.2,0.0,0.0,0.0,96.0,63.8,50.2,92.0,270.8,0.0,74.36360186696012,25.252229347702347,0.2191780821917808,0.0,0.7435475013728721,0.2526084568918177,NC,0.0853749999999999,0.048,0.048,0.08875,0.0255,0.11975,0.0879999999999999,0.123375,37183,North Carolina,Wake,0.094,91558.0,91.558,9.4,0.0,Low-burden,29406,32026,0.0890974631027681,0.0890974631027681
north carolina,yancey,232.0,184.0,47.8,0.2,0.0,0.0,0.0,91.8,61.6,44.2,232.0,0.0,0.0,0.0,100.0,0.0,0.0,0.0,1.0,NC,0.0957499999999999,0.08125,0.0912499999999999,0.117125,0.0384999999999999,0.154,0.134875,0.203125,37199,North Carolina,Yancey,0.174,46299.0,46.299,17.4,2.0,High-burden,330,342,0.0363636363636363,0.0363636363636363
north dakota,billings,364.0,324.8,37.8,0.8,0.6,0.0,0.0,111.2,52.8,36.2,302.4,61.6,0.0,16.933154966604356,83.06684503339564,0.0,0.0,0.1692307692307692,0.8307692307692307,ND,0.0828749999999999,0.0669999999999999,0.0589999999999999,0.0947499999999999,0.030375,0.111,0.0961249999999999,0.16675,38007,North Dakota,Billings,0.108,77375.0,77.375,10.8,0.0,Low-burden,58,61,0.0517241379310344,0.0517241379310344
north dakota,burke,364.0,319.0,42.8,1.8,0.4,0.0,0.0,113.2,53.8,35.4,269.8,92.4,1.4,25.35844361991847,74.14764389269276,0.1098909392807276,0.3840215481080425,0.2538461538461539,0.7412087912087912,ND,0.087625,0.065875,0.060875,0.0958749999999999,0.0305,0.117125,0.0988749999999999,0.172,38013,North Dakota,Burke,0.089,71492.0,71.492,8.9,0.0,Low-burden,75,75,0.0,0.0
north dakota,burleigh,365.2,279.0,81.4,3.2,1.4,0.2,0.0,145.0,59.6,38.2,147.4,211.6,1.4,57.94026498989446,40.361703720338355,1.0407964668014071,0.3832622202260648,0.579408543263965,0.4036144578313253,ND,0.0884999999999999,0.0556249999999999,0.051375,0.081875,0.026125,0.1149999999999999,0.0878749999999999,0.15375,38015,North Dakota,Burleigh,0.083,71980.0,71.98,8.3,0.0,Low-burden,3013,3121,0.0358446730833056,0.0358446730833056
north dakota,cass,362.2,266.8,91.4,2.0,1.8,0.2,0.0,129.6,59.2,39.6,161.8,194.8,2.4,53.778947181508705,44.673614599028966,0.8829201101928374,0.6645181092694904,0.5378244064053009,0.4467145223633352,ND,0.087125,0.050125,0.0471249999999999,0.0804999999999999,0.02425,0.116125,0.0827499999999999,0.1553749999999999,38017,North Dakota,Cass,0.106,66351.0,66.351,10.6,0.0,Low-burden,5575,5804,0.0410762331838565,0.0410762331838565
north dakota,dunn,355.0,310.4,42.2,1.6,0.8,0.0,0.0,116.0,53.4,36.0,264.4,90.0,0.6,25.574345979457114,74.25875838918913,0.0,0.16689563135377,0.2535211267605634,0.7447887323943662,ND,0.088875,0.0644999999999999,0.060125,0.0987499999999999,0.030625,0.12075,0.102375,0.1846249999999999,38025,North Dakota,Dunn,0.11,75713.0,75.713,11.0,0.0,Low-burden,165,187,0.1333333333333333,0.1333333333333333
north dakota,mckenzie,359.0,315.0,42.0,1.4,0.6,0.0,0.0,114.8,55.0,36.0,271.0,86.4,1.2,24.148472980264746,75.40439917588103,0.1098909392807276,0.3372369045735084,0.2406685236768802,0.754874651810585,ND,0.0907499999999999,0.0575,0.05675,0.0912499999999999,0.027875,0.129375,0.1005,0.192625,38053,North Dakota,Mckenzie,0.091,86294.0,86.294,9.1,0.0,Low-burden,495,556,0.1232323232323232,0.1232323232323232
north dakota,mercer,365.2,306.0,56.6,1.6,1.0,0.0,0.0,118.8,56.6,37.0,241.4,119.6,1.0,32.74900815929336,66.10090575641888,0.87611348154802,0.273972602739726,0.3274917853231106,0.6610076670317635,ND,0.088625,0.068125,0.06325,0.098375,0.03125,0.118,0.10225,0.177,38057,North Dakota,Mercer,0.08,78823.0,78.823,8.0,0.0,Low-burden,250,242,-0.032,-0.032
north dakota,oliver,363.4,298.4,61.2,2.4,1.4,0.0,0.0,123.6,57.6,38.2,255.4,107.6,0.4,29.61571205346605,70.27317683542284,0.0,0.1111111111111111,0.2960924600990643,0.7028068244358834,ND,0.0877499999999999,0.0713749999999999,0.065625,0.1019999999999999,0.032625,0.119,0.105375,0.17675,38065,North Dakota,Oliver,0.111,72965.0,72.965,11.1,0.0,Low-burden,44,47,0.0681818181818181,0.0681818181818181
north dakota,stutsman,359.0,352.0,7.0,0.0,0.0,0.0,0.0,75.0,30.0,10.0,0.0,0.0,359.0,0.0,0.0,0.0,100.0,0.0,0.0,ND,0.09025,0.0655,0.063875,0.0936249999999999,0.031,0.122625,0.10375,0.185375,38093,North Dakota,Stutsman,0.1169999999999999,63871.0,63.871,11.7,1.0,Mid-burden,683,633,-0.0732064421669106,-0.0732064421669106
north dakota,ward,358.6,317.2,37.6,3.0,0.8,0.0,0.0,116.0,52.4,34.2,212.6,140.6,4.0,39.133637133469854,59.35900070711044,0.3849256390239998,1.122436520395704,0.392080312325711,0.5928611266034578,ND,0.086,0.053375,0.05125,0.0843749999999999,0.0255,0.119625,0.090375,0.168375,38101,North Dakota,Ward,0.094,69957.0,69.957,9.4,0.0,Low-burden,2071,1980,-0.0439401255432158,-0.0439401255432158
north dakota,williams,361.3333333333333,305.6666666666667,55.0,0.6666666666666666,0.0,0.0,0.0,102.66666666666669,54.666666666666664,36.333333333333336,242.66666666666663,116.33333333333331,2.3333333333333335,32.21301411909147,67.14139553918558,0.0,0.6455903417229384,0.3219557195571956,0.6715867158671587,ND,0.0862499999999999,0.0525,0.0513749999999999,0.0831249999999999,0.025375,0.12325,0.0922499999999999,0.183125,38105,North Dakota,Williams,0.085,77051.0,77.051,8.5,0.0,Low-burden,1500,1577,0.0513333333333333,0.0513333333333333
ohio,adams,328.0,284.5,43.5,0.0,0.0,0.0,0.0,76.5,51.5,32.0,0.0,328.0,0.0,100.0,0.0,0.0,0.0,1.0,0.0,OH,0.111375,0.089125,0.121,0.13725,0.0422499999999999,0.19075,0.163375,0.2809999999999999,39001,Ohio,Adams,0.1889999999999999,47001.0,47.001,18.9,2.0,High-burden,388,396,0.0206185567010309,0.0206185567010309
ohio,allen,355.6,267.2,87.0,1.4,0.0,0.0,0.0,104.0,59.4,41.2,188.2,167.4,0.0,47.11741368016832,52.88258631983168,0.0,0.0,0.4707536557930258,0.529246344206974,OH,0.1023749999999999,0.075,0.0896249999999999,0.123875,0.03575,0.16675,0.131375,0.22425,39003,Ohio,Allen,0.153,52518.0,52.518,15.3,2.0,High-burden,2383,2284,-0.0415442719261435,-0.0415442719261435
ohio,ashtabula,243.6,215.6,26.4,1.6,0.0,0.0,0.0,117.8,54.8,38.4,243.6,0.0,0.0,0.0,100.0,0.0,0.0,0.0,1.0,OH,0.106875,0.085875,0.112,0.13225,0.0405,0.180875,0.154125,0.2655,39007,Ohio,Ashtabula,0.157,48916.0,48.916,15.7,2.0,High-burden,1900,1819,-0.0426315789473684,-0.0426315789473684
ohio,athens,94.4,76.8,17.6,0.0,0.0,0.0,0.0,65.2,53.8,32.6,0.0,94.4,0.0,100.0,0.0,0.0,0.0,1.0,0.0,OH,0.1105,0.07075,0.0928749999999999,0.110125,0.033375,0.190875,0.13475,0.226875,39009,Ohio,Athens,0.209,49023.0,49.023,20.9,2.0,High-burden,1069,1033,-0.0336763330215154,-0.0336763330215154
ohio,belmont,364.8,331.6,33.2,0.0,0.0,0.0,0.0,72.8,48.0,15.2,0.0,100.8,6.0,27.636018433111303,0.0,69.73217795413251,1.645502242893174,0.2763157894736842,0.0,OH,0.0999999999999999,0.076875,0.0949999999999999,0.119625,0.035625,0.166125,0.133625,0.234375,39013,Ohio,Belmont,0.159,50602.0,50.602,15.9,1.0,Mid-burden,1436,1353,-0.0577994428969359,-0.0577994428969359
ohio,butler,364.8,226.4,134.0,4.4,0.0,0.0,0.0,121.8,69.0,45.0,232.4,128.0,4.4,35.0843634245835,63.7097038749857,0.0,1.2059327004307918,0.3508771929824561,0.6370614035087719,OH,0.0999999999999999,0.06375,0.0771249999999999,0.108,0.030625,0.15925,0.118625,0.1987499999999999,39017,Ohio,Butler,0.1159999999999999,72859.0,72.859,11.6,0.0,Low-burden,7258,7386,0.0176357123174428,0.0176357123174428
ohio,clark,359.4,182.6,175.0,1.8,0.0,0.0,0.0,111.6,66.2,49.6,110.8,248.6,0.0,69.04023226529046,30.959767734709544,0.0,0.0,0.6917084028937117,0.3082915971062883,OH,0.107875,0.078,0.0978749999999999,0.127,0.037375,0.1745,0.139,0.235375,39023,Ohio,Clark,0.16,59077.0,59.077,16.0,2.0,High-burden,2238,2186,-0.0232350312779267,-0.0232350312779267
ohio,clermont,360.8,251.6,107.6,1.6,0.0,0.0,0.0,113.4,60.2,43.4,161.2,199.6,0.0,55.279537280849354,44.720462719150646,0.0,0.0,0.5532150776053215,0.4467849223946784,OH,0.099375,0.0661249999999999,0.0814999999999999,0.106875,0.03075,0.158875,0.119125,0.213375,39025,Ohio,Clermont,0.095,70789.0,70.789,9.5,0.0,Low-burden,3574,3663,0.0249020705092333,0.0249020705092333
ohio,clinton,240.6,205.0,34.8,0.8,0.0,0.0,0.0,107.2,58.2,40.8,240.6,0.0,0.0,0.0,100.0,0.0,0.0,0.0,1.0,OH,0.1045,0.074375,0.094625,0.1164999999999999,0.034875,0.172625,0.135375,0.23525,39027,Ohio,Clinton,0.12,62999.0,62.999,12.0,0.0,Low-burden,735,695,-0.0544217687074829,-0.0544217687074829
ohio,columbiana,59.0,59.0,0.0,0.0,0.0,0.0,0.0,29.6,21.4,12.8,0.0,0.0,59.0,0.0,0.0,0.0,100.0,0.0,0.0,OH,0.103125,0.0796249999999999,0.1007499999999999,0.1245,0.037125,0.172375,0.1397499999999999,0.249,39029,Ohio,Columbiana,0.1669999999999999,51019.0,51.019,16.7,1.0,Mid-burden,1991,1919,-0.0361627322953289,-0.0361627322953289
ohio,cuyahoga,365.2,142.0,216.6,6.4,0.2,0.0,0.0,126.8,74.0,54.2,106.4,248.8,6.2,68.1244105097687,29.13646231005315,1.041095890410959,1.6980312897671983,0.6812705366922235,0.2913472070098576,OH,0.10625,0.0693749999999999,0.0798749999999999,0.122875,0.037125,0.159125,0.12575,0.201375,39035,Ohio,Cuyahoga,0.162,55250.0,55.25,16.2,2.0,High-burden,32700,31738,-0.0294189602446483,-0.0294189602446483
ohio,delaware,242.8,219.6,23.0,0.2,0.0,0.0,0.0,90.4,50.6,38.8,242.8,0.0,0.0,0.0,100.0,0.0,0.0,0.0,1.0,OH,0.08875,0.051,0.0544999999999999,0.0885,0.023625,0.126625,0.0883749999999999,0.1397499999999999,39041,Ohio,Delaware,0.0409999999999999,118661.0,118.661,4.1,0.0,Low-burden,4602,5043,0.0958279009126466,0.0958279009126466
ohio,fayette,355.4,330.4,24.8,0.2,0.0,0.0,0.0,87.8,48.6,35.8,355.4,0.0,0.0,0.0,100.0,0.0,0.0,0.0,1.0,OH,0.10725,0.0796249999999999,0.104875,0.125625,0.03775,0.18,0.145125,0.26075,39047,Ohio,Fayette,0.163,58020.0,58.02,16.3,2.0,High-burden,598,562,-0.060200668896321,-0.060200668896321
ohio,franklin,365.2,199.2,164.4,1.6,0.0,0.0,0.0,107.4,65.4,48.6,121.4,237.4,1.2,65.00636275170298,33.24066172617711,1.4242083988322478,0.3287671232876712,0.6500547645125959,0.3324205914567361,OH,0.0991249999999999,0.05875,0.069125,0.111125,0.031,0.155125,0.1101249999999999,0.19,39049,Ohio,Franklin,0.143,66056.0,66.056,14.3,2.0,High-burden,28412,30187,0.0624736027030832,0.0624736027030832
ohio,geauga,236.2,193.4,39.8,3.0,0.0,0.0,0.0,113.4,67.4,41.8,236.2,0.0,0.0,0.0,100.0,0.0,0.0,0.0,1.0,OH,0.0956249999999999,0.0672499999999999,0.0765,0.101375,0.03025,0.145625,0.10975,0.176875,39055,Ohio,Geauga,0.062,91701.0,91.701,6.2,0.0,Low-burden,2802,2761,-0.0146324054246966,-0.0146324054246966
ohio,greene,291.8,220.4,71.0,0.4,0.0,0.0,0.0,100.6,56.0,42.0,200.0,91.8,0.0,25.256410256410255,74.74358974358975,0.0,0.0,0.3145990404386566,0.6854009595613434,OH,0.09775,0.062375,0.071625,0.102375,0.0289999999999999,0.1505,0.10875,0.1735,39057,Ohio,Greene,0.103,79035.0,79.035,10.3,0.0,Low-burden,3238,3272,0.0105003088326127,0.0105003088326127
ohio,hamilton,365.2,105.6,253.4,6.0,0.2,0.0,0.0,134.6,74.6,56.0,78.4,281.6,0.0,77.10681937270753,21.46912194026499,1.424058687027472,0.0,0.7710843373493976,0.2146768893756845,OH,0.103,0.064625,0.0733749999999999,0.11775,0.0335,0.15625,0.11625,0.193375,39061,Ohio,Hamilton,0.157,64087.0,64.087,15.7,2.0,High-burden,21018,20857,-0.0076601008659244,-0.0076601008659244
ohio,harrison,243.5,230.5,13.0,0.0,0.0,0.0,0.0,63.25,38.5,2.75,0.0,48.0,2.25,20.95070899636404,0.0,0.0,0.9970508166969144,0.1971252566735113,0.0,OH,0.10525,0.0836249999999999,0.107,0.1275,0.0391249999999999,0.17525,0.146375,0.254125,39067,Ohio,Harrison,0.141,50691.0,50.691,14.099999999999998,1.0,Mid-burden,273,258,-0.0549450549450549,-0.0549450549450549
ohio,jefferson,356.8,144.2,211.0,1.4,0.2,0.0,0.0,119.8,68.4,52.2,66.6,290.0,0.2,81.314213272204,18.63007642138932,0.0,0.0557103064066852,0.8127802690582959,0.1866591928251121,OH,0.105875,0.0816249999999999,0.1015,0.126375,0.03825,0.176625,0.140875,0.248625,39081,Ohio,Jefferson,0.172,50442.0,50.442,17.2,2.0,High-burden,1252,1163,-0.0710862619808306,-0.0710862619808306
ohio,knox,245.0,220.0,24.8,0.2,0.0,0.0,0.0,97.0,52.6,39.0,245.0,0.0,0.0,0.0,100.0,0.0,0.0,0.0,1.0,OH,0.1006249999999999,0.0712499999999999,0.088125,0.109625,0.032625,0.166,0.125875,0.209375,39083,Ohio,Knox,0.125,61642.0,61.642,12.5,1.0,Mid-burden,1098,1093,-0.0045537340619307,-0.0045537340619307
ohio,lake,365.2,268.2,90.4,6.6,0.0,0.0,0.0,130.0,62.2,41.2,165.4,199.0,0.6,54.4919529904933,45.28916835092447,0.0,0.164084138034284,0.5449069003285871,0.4529025191675794,OH,0.096625,0.066,0.077625,0.106875,0.031,0.1525,0.1137499999999999,0.18975,39085,Ohio,Lake,0.07,74208.0,74.208,7.000000000000001,0.0,Low-burden,5980,5513,-0.0780936454849498,-0.0780936454849498
ohio,lawrence,362.8,263.0,99.0,0.6,0.2,0.0,0.0,106.8,57.0,42.2,128.4,234.4,0.0,64.56822227381781,35.43177772618218,0.0,0.0,0.6460859977949284,0.3539140022050717,OH,0.11075,0.0826249999999999,0.1095,0.129875,0.03875,0.1846249999999999,0.15075,0.25675,39087,Ohio,Lawrence,0.172,49916.0,49.916,17.2,2.0,High-burden,806,797,-0.0111662531017369,-0.0111662531017369
ohio,licking,245.0,222.2,22.8,0.0,0.0,0.0,0.0,88.8,50.2,39.0,245.0,0.0,0.0,0.0,100.0,0.0,0.0,0.0,1.0,OH,0.09975,0.066375,0.0807499999999999,0.11025,0.03125,0.160125,0.118,0.200625,39089,Ohio,Licking,0.11,72936.0,72.936,11.0,0.0,Low-burden,3031,3146,0.0379412735070933,0.0379412735070933
ohio,lorain,350.8,262.0,88.2,0.4,0.2,0.0,0.0,104.4,57.8,40.0,151.8,199.0,0.0,56.54652833486432,43.45347166513568,0.0,0.0,0.5672748004561003,0.4327251995438996,OH,0.101,0.0714999999999999,0.0837499999999999,0.12075,0.033625,0.158875,0.125,0.20325,39093,Ohio,Lorain,0.128,63348.0,63.348,12.8,2.0,High-burden,5623,5574,-0.0087142094967099,-0.0087142094967099
ohio,lucas,355.8,225.4,124.8,5.4,0.2,0.0,0.0,135.6,65.8,44.6,135.0,220.8,0.0,62.00619214641256,37.993807853587434,0.0,0.0,0.6205733558178752,0.3794266441821248,OH,0.1095,0.071875,0.0892499999999999,0.126375,0.03675,0.1712499999999999,0.133375,0.220375,39095,Ohio,Lucas,0.174,53379.0,53.379,17.4,2.0,High-burden,9655,9394,-0.0270326255825996,-0.0270326255825996
ohio,madison,241.4,212.2,28.8,0.4,0.0,0.0,0.0,93.4,53.4,40.4,241.4,0.0,0.0,0.0,100.0,0.0,0.0,0.0,1.0,OH,0.09825,0.068375,0.0854999999999999,0.111125,0.03225,0.1625,0.12525,0.22525,39097,Ohio,Madison,0.134,71958.0,71.958,13.4,0.0,Low-burden,683,711,0.0409956076134699,0.0409956076134699
ohio,mahoning,364.0,233.4,130.2,0.4,0.0,0.0,0.0,101.2,60.4,44.6,80.4,283.6,0.0,77.90182648401827,22.09817351598174,0.0,0.0,0.7791208791208791,0.2208791208791209,OH,0.104375,0.078625,0.0925,0.132,0.038,0.16625,0.13775,0.221125,39099,Ohio,Mahoning,0.193,50216.0,50.216,19.3,2.0,High-burden,5477,5268,-0.0381595764104436,-0.0381595764104436
ohio,medina,361.0,248.0,113.0,0.0,0.0,0.0,0.0,93.4,60.0,42.0,141.4,219.6,0.0,60.89116265014896,39.10883734985104,0.0,0.0,0.6083102493074792,0.3916897506925207,OH,0.0936249999999999,0.0613749999999999,0.07075,0.0967499999999999,0.028,0.145875,0.10525,0.173625,39103,Ohio,Medina,0.061,86880.0,86.88,6.1,0.0,Low-burden,3981,4033,0.0130620447123838,0.0130620447123838
ohio,miami,241.0,215.0,25.6,0.4,0.0,0.0,0.0,99.6,54.2,39.8,241.0,0.0,0.0,0.0,100.0,0.0,0.0,0.0,1.0,OH,0.0984999999999999,0.0691249999999999,0.0833749999999999,0.10775,0.032125,0.16,0.12,0.209625,39109,Ohio,Miami,0.0819999999999999,65537.0,65.537,8.2,0.0,Low-burden,2099,2108,0.0042877560743211,0.0042877560743211
ohio,montgomery,362.2,186.4,173.8,2.0,0.0,0.0,0.0,107.6,67.0,49.8,118.6,240.4,0.0,66.40904927633753,32.71303080215601,0.0,0.0,0.6637217007178355,0.3274434014356709,OH,0.10675,0.0709999999999999,0.0876249999999999,0.1265,0.036625,0.169125,0.13025,0.2055,39113,Ohio,Montgomery,0.152,56636.0,56.636,15.2,2.0,High-burden,11141,10993,-0.0132842653262723,-0.0132842653262723
ohio,noble,353.0,316.2,36.8,0.0,0.0,0.0,0.0,90.4,50.4,37.0,316.6,36.4,0.0,10.339264352024324,89.66073564797568,0.0,0.0,0.1031161473087818,0.8968838526912182,OH,0.0987499999999999,0.0992499999999999,0.111875,0.14075,0.04325,0.1655,0.1475,0.2478749999999999,39121,Ohio,Noble,0.163,50109.0,50.109,16.3,2.0,High-burden,206,218,0.058252427184466,0.058252427184466
ohio,portage,271.0,220.8,49.8,0.4,0.0,0.0,0.0,98.6,58.2,39.4,214.8,56.2,0.0,20.60563473138801,79.39436526861199,0.0,0.0,0.207380073800738,0.792619926199262,OH,0.1005,0.0658749999999999,0.079375,0.1026249999999999,0.030625,0.162,0.1179999999999999,0.199625,39133,Ohio,Portage,0.124,65445.0,65.445,12.4,1.0,Mid-burden,3044,3047,0.0009855453350854,0.0009855453350854
ohio,preble,365.0,216.8,147.6,0.6,0.0,0.0,0.0,101.2,62.4,46.2,143.6,221.0,0.0,60.55186650313531,39.3385444557688,0.0,0.0,0.6054794520547945,0.3934246575342465,OH,0.0999999999999999,0.072625,0.0894999999999999,0.112375,0.0335,0.164125,0.1275,0.223,39135,Ohio,Preble,0.11,56134.0,56.134,11.0,2.0,High-burden,658,661,0.0045592705167173,0.0045592705167173
ohio,scioto,365.2,339.8,25.4,0.0,0.0,0.0,0.0,82.2,43.0,14.0,0.0,107.8,257.4,29.51987424208399,0.0,0.0,70.480125757916,0.2951807228915662,0.0,OH,0.11225,0.08775,0.1169999999999999,0.136625,0.0411249999999999,0.189625,0.16075,0.2835,39145,Ohio,Scioto,0.239,43981.0,43.981,23.9,1.0,Mid-burden,1289,1226,-0.0488750969743987,-0.0488750969743987
ohio,stark,363.6,173.6,187.6,2.4,0.0,0.0,0.0,114.6,70.0,50.8,111.2,251.4,0.0,69.14241983622867,30.5836075610316,0.0,0.0,0.6914191419141914,0.3058305830583058,OH,0.102125,0.073,0.0891249999999999,0.117125,0.034625,0.16325,0.129625,0.2205,39151,Ohio,Stark,0.128,59205.0,59.205,12.8,2.0,High-burden,8162,8029,-0.0162950257289879,-0.0162950257289879
ohio,summit,362.0,207.2,152.8,2.0,0.0,0.0,0.0,107.2,65.0,47.0,105.4,256.6,0.0,70.86936735565855,29.13063264434145,0.0,0.0,0.708839779005525,0.2911602209944751,OH,0.101625,0.067375,0.0807499999999999,0.113125,0.0335,0.158375,0.121625,0.20975,39153,Ohio,Summit,0.125,63191.0,63.191,12.5,2.0,High-burden,13381,13393,0.0008967939615873,0.0008967939615873
ohio,trumbull,357.4,243.8,111.2,2.2,0.2,0.0,0.0,124.8,62.0,43.0,155.2,202.2,0.0,56.539041677551744,43.46095832244826,0.0,0.0,0.5657526580861779,0.434247341913822,OH,0.105875,0.0813749999999999,0.102125,0.128625,0.039125,0.172375,0.14125,0.2478749999999999,39155,Ohio,Trumbull,0.155,51838.0,51.838,15.5,2.0,High-burden,3963,3788,-0.0441584658087307,-0.0441584658087307
ohio,warren,359.4,214.8,141.6,3.0,0.0,0.0,0.0,121.4,64.2,46.4,143.4,216.0,0.0,60.11059182799693,39.88940817200307,0.0,0.0,0.6010016694490818,0.3989983305509182,OH,0.0911249999999999,0.0562499999999999,0.0634999999999999,0.091875,0.0255,0.137875,0.0976249999999999,0.159875,39165,Ohio,Warren,0.059,97011.0,97.011,5.9,0.0,Low-burden,4352,4547,0.0448069852941176,0.0448069852941176
ohio,washington,245.0,221.8,22.4,0.8,0.0,0.0,0.0,96.8,50.8,39.6,245.0,0.0,0.0,0.0,100.0,0.0,0.0,0.0,1.0,OH,0.101625,0.078125,0.0973749999999999,0.119875,0.036,0.170875,0.136,0.2325,39167,Ohio,Washington,0.136,55133.0,55.133,13.6,2.0,High-burden,1377,1338,-0.0283224400871459,-0.0283224400871459
ohio,wood,241.6,217.4,23.8,0.4,0.0,0.0,0.0,93.8,52.2,37.4,241.6,0.0,0.0,0.0,100.0,0.0,0.0,0.0,1.0,OH,0.0989999999999999,0.0618749999999999,0.073,0.1027499999999999,0.0287499999999999,0.15975,0.11075,0.185625,39173,Ohio,Wood,0.109,64702.0,64.702,10.9,1.0,Mid-burden,2784,2759,-0.0089798850574712,-0.0089798850574712
oklahoma,adair,364.0,276.8,86.4,0.6,0.2,0.0,0.0,119.8,57.2,40.4,190.2,170.6,2.8,46.88987492283145,52.23160135929241,0.0,0.7686327785954186,0.4686813186813187,0.5225274725274724,OK,0.130375,0.101,0.12325,0.1675,0.0533749999999999,0.20975,0.197625,0.303875,40001,Oklahoma,Adair,0.208,43371.0,43.371,20.8,2.0,High-burden,218,236,0.0825688073394495,0.0825688073394495
oklahoma,bryan,297.5,259.5,36.5,1.5,0.0,0.0,0.0,106.0,54.5,38.5,297.5,0.0,0.0,0.0,100.0,0.0,0.0,0.0,1.0,OK,0.1125,0.0795,0.0921249999999999,0.1235,0.0389999999999999,0.17775,0.1495,0.2255,40013,Oklahoma,Bryan,0.165,47916.0,47.916,16.5,2.0,High-burden,771,875,0.1348897535667963,0.1348897535667963
oklahoma,caddo,111.0,107.0,4.0,0.0,0.0,0.0,0.0,58.0,45.0,35.0,111.0,0.0,0.0,0.0,100.0,0.0,0.0,0.0,1.0,OK,0.110875,0.0829999999999999,0.0951249999999999,0.1382499999999999,0.0416249999999999,0.17675,0.1575,0.239375,40015,Oklahoma,Caddo,0.261,44121.0,44.121,26.1,2.0,High-burden,466,443,-0.0493562231759656,-0.0493562231759656
oklahoma,canadian,353.6,307.4,44.0,2.2,0.0,0.0,0.0,114.0,56.4,36.8,350.8,0.0,0.0,0.0,99.22651933701658,0.7734806629834254,0.0,0.0,0.9920814479638008,OK,0.1005,0.05875,0.0641249999999999,0.0971249999999999,0.027625,0.150375,0.11125,0.17225,40017,Oklahoma,Canadian,0.0819999999999999,75806.0,75.806,8.2,0.0,Low-burden,2723,2904,0.0664708042600073,0.0664708042600073
oklahoma,carter,338.4,207.8,129.8,0.8,0.0,0.0,0.0,114.0,61.4,44.6,56.6,281.8,0.0,84.09291244788565,15.907087552114351,0.0,0.0,0.8327423167848701,0.16725768321513,OK,0.108375,0.0746249999999999,0.0867499999999999,0.121625,0.0375,0.17125,0.140375,0.2123749999999999,40019,Oklahoma,Carter,0.142,53211.0,53.211,14.2,2.0,High-burden,1616,1572,-0.0272277227722772,-0.0272277227722772
oklahoma,cherokee,280.0,261.0,19.0,0.0,0.0,0.0,0.0,71.0,49.0,39.0,280.0,0.0,0.0,0.0,100.0,0.0,0.0,0.0,1.0,OK,0.12025,0.081875,0.0947499999999999,0.13675,0.0421249999999999,0.189375,0.158375,0.23825,40021,Oklahoma,Cherokee,0.218,42269.0,42.269,21.8,2.0,High-burden,744,768,0.032258064516129,0.032258064516129
oklahoma,choctaw,265.0,249.66666666666663,15.333333333333334,0.0,0.0,0.0,0.0,90.0,48.0,37.333333333333336,265.0,0.0,0.0,0.0,100.0,0.0,0.0,0.0,1.0,OK,0.1215,0.0961249999999999,0.113625,0.156375,0.0499999999999999,0.194375,0.1795,0.261875,40023,Oklahoma,Choctaw,0.186,41228.0,41.228,18.6,2.0,High-burden,293,294,0.0034129692832764,0.0034129692832764
oklahoma,cleveland,361.6,170.6,188.4,2.6,0.0,0.0,0.0,113.2,68.0,51.0,123.2,238.4,0.0,65.94484972640795,34.055150273592055,0.0,0.0,0.6592920353982301,0.3407079646017699,OK,0.10075,0.06,0.0649999999999999,0.09875,0.0287499999999999,0.154125,0.1125,0.167625,40027,Oklahoma,Cleveland,0.123,67692.0,67.692,12.3,0.0,Low-burden,5848,6009,0.0275307797537619,0.0275307797537619
oklahoma,comanche,365.0,238.8,124.6,1.6,0.0,0.0,0.0,113.0,62.6,45.2,176.4,188.6,0.0,51.675155819552856,48.324844180447144,0.0,0.0,0.5167123287671233,0.4832876712328767,OK,0.10725,0.066625,0.0755,0.121625,0.034125,0.164375,0.13175,0.20175,40031,Oklahoma,Comanche,0.192,50090.0,50.09,19.2,2.0,High-burden,2149,2126,-0.0107026523964634,-0.0107026523964634
oklahoma,creek,354.0,322.4,31.0,0.6,0.0,0.0,0.0,106.4,49.6,36.6,354.0,0.0,0.0,0.0,100.0,0.0,0.0,0.0,1.0,OK,0.108875,0.0763749999999999,0.0887499999999999,0.11825,0.03725,0.172125,0.14225,0.222,40037,Oklahoma,Creek,0.143,53287.0,53.287,14.3,2.0,High-burden,1348,1374,0.0192878338278931,0.0192878338278931
oklahoma,custer,301.6666666666667,297.3333333333333,4.0,0.3333333333333333,0.0,0.0,0.0,83.33333333333333,29.0,15.666666666666666,0.0,0.0,301.6666666666667,0.0,0.0,0.0,100.0,0.0,0.0,OK,0.106,0.07025,0.078,0.1171249999999999,0.033875,0.16975,0.134125,0.18875,40039,Oklahoma,Custer,0.17,51098.0,51.098,17.0,1.0,Mid-burden,920,915,-0.0054347826086956,-0.0054347826086956
oklahoma,dewey,363.0,246.2,114.8,2.0,0.0,0.0,0.0,111.4,64.2,44.2,198.6,164.4,0.0,45.2066937631679,54.79330623683211,0.0,0.0,0.4528925619834711,0.547107438016529,OK,0.1044999999999999,0.0785,0.0875,0.11975,0.036875,0.164125,0.1397499999999999,0.20625,40043,Oklahoma,Dewey,0.1639999999999999,53165.0,53.165,16.4,2.0,High-burden,143,168,0.1748251748251748,0.1748251748251748
oklahoma,grady,94.0,94.0,0.0,0.0,0.0,0.0,0.0,20.0,16.0,8.0,0.0,0.0,0.0,0.0,0.0,100.0,0.0,0.0,0.0,OK,0.1035,0.069625,0.0791249999999999,0.108875,0.033,0.161125,0.128625,0.2007499999999999,40051,Oklahoma,Grady,0.134,61326.0,61.326,13.4,1.0,Mid-burden,1121,1132,0.0098126672613737,0.0098126672613737
oklahoma,grant,80.0,70.33333333333333,9.666666666666666,0.0,0.0,0.0,0.0,59.333333333333336,48.666666666666664,26.0,0.0,80.0,0.0,100.0,0.0,0.0,0.0,1.0,0.0,OK,0.1008749999999999,0.07475,0.0804999999999999,0.111,0.034625,0.1535,0.127625,0.187375,40053,Oklahoma,Grant,0.141,51688.0,51.688,14.099999999999998,1.0,Mid-burden,124,119,-0.0403225806451612,-0.0403225806451612
oklahoma,jefferson,256.5,202.5,51.0,2.5,0.5,0.0,0.0,129.5,64.5,42.0,256.5,0.0,0.0,0.0,100.0,0.0,0.0,0.0,1.0,OK,0.110875,0.0925,0.107,0.14225,0.044375,0.179375,0.165375,0.23675,40067,Oklahoma,Jefferson,0.242,37798.0,37.798,24.2,2.0,High-burden,98,105,0.0714285714285714,0.0714285714285714
oklahoma,johnston,215.0,197.5,17.5,0.0,0.0,0.0,0.0,82.0,49.5,39.0,215.0,0.0,0.0,0.0,100.0,0.0,0.0,0.0,1.0,OK,0.114125,0.0859999999999999,0.0993749999999999,0.133125,0.0423749999999999,0.1796249999999999,0.157125,0.235875,40069,Oklahoma,Johnston,0.209,47039.0,47.039,20.9,2.0,High-burden,184,172,-0.0652173913043478,-0.0652173913043478
oklahoma,kay,363.0,175.2,185.0,2.6,0.2,0.0,0.0,118.2,64.8,50.8,45.8,317.2,0.0,87.4578935549068,12.542106445093196,0.0,0.0,0.8738292011019283,0.1261707988980716,OK,0.110625,0.080875,0.091375,0.124,0.03875,0.172875,0.147125,0.2178749999999999,40071,Oklahoma,Kay,0.158,50034.0,50.034,15.8,2.0,High-burden,1092,1045,-0.043040293040293,-0.043040293040293
oklahoma,kiowa,283.0,221.0,62.0,0.0,0.0,0.0,0.0,100.0,67.0,43.0,283.0,0.0,0.0,0.0,100.0,0.0,0.0,0.0,1.0,OK,0.110625,0.08825,0.1003749999999999,0.138375,0.0426249999999999,0.175625,0.15925,0.226875,40075,Oklahoma,Kiowa,0.206,40937.0,40.937,20.6,2.0,High-burden,179,171,-0.0446927374301676,-0.0446927374301676
oklahoma,le flore,36.0,30.5,5.5,0.0,0.0,0.0,0.0,72.0,54.0,35.0,0.0,35.0,1.0,97.36842105263158,0.0,0.0,2.631578947368421,0.9722222222222222,0.0,OK,0.114625,0.08725,0.10425,0.13625,0.0428749999999999,0.1866249999999999,0.16525,0.251,40079,Oklahoma,Le Flore,0.235,42198.0,42.198,23.5,2.0,High-burden,782,795,0.0166240409207161,0.0166240409207161
oklahoma,lincoln,17.0,16.0,1.0,0.0,0.0,0.0,0.0,53.0,49.0,27.0,1.0,16.0,0.0,94.11764705882352,5.88235294117647,0.0,0.0,0.9411764705882352,0.0588235294117647,OK,0.108875,0.0795,0.091375,0.119125,0.038,0.171375,0.14325,0.2185,40081,Oklahoma,Lincoln,0.158,51525.0,51.525,15.8,1.0,Mid-burden,568,576,0.0140845070422535,0.0140845070422535
oklahoma,love,276.0,212.33333333333337,55.666666666666664,7.666666666666667,0.3333333333333333,0.0,0.0,138.66666666666666,71.66666666666667,43.0,276.0,0.0,0.0,0.0,100.0,0.0,0.0,0.0,1.0,OK,0.107,0.080875,0.0922499999999999,0.129,0.039125,0.17175,0.14925,0.219875,40085,Oklahoma,Love,0.153,52205.0,52.205,15.3,2.0,High-burden,145,162,0.1172413793103448,0.1172413793103448
oklahoma,mayes,269.8,251.0,18.6,0.2,0.0,0.0,0.0,92.4,48.4,36.2,269.8,0.0,0.0,0.0,100.0,0.0,0.0,0.0,1.0,OK,0.116125,0.0852499999999999,0.099625,0.134875,0.0422499999999999,0.183375,0.159375,0.24625,40097,Oklahoma,Mayes,0.146,53161.0,53.161,14.6,2.0,High-burden,769,806,0.048114434330299,0.048114434330299
oklahoma,mcclain,295.6666666666667,245.33333333333337,48.333333333333336,2.0,0.0,0.0,0.0,111.66666666666669,62.0,39.0,295.6666666666667,0.0,0.0,0.0,100.0,0.0,0.0,0.0,1.0,OK,0.10225,0.065125,0.072125,0.1016249999999999,0.031,0.15475,0.120875,0.1856249999999999,40087,Oklahoma,Mcclain,0.092,72895.0,72.895,9.2,0.0,Low-burden,879,932,0.0602957906712172,0.0602957906712172
oklahoma,muskogee,249.66666666666663,231.66666666666663,16.666666666666668,0.6666666666666666,0.6666666666666666,0.0,0.0,142.66666666666666,47.666666666666664,19.0,0.0,0.0,249.66666666666663,0.0,0.0,0.0,100.0,0.0,0.0,OK,0.116625,0.0819999999999999,0.0966249999999999,0.13825,0.0426249999999999,0.18275,0.15825,0.2385,40101,Oklahoma,Muskogee,0.192,44521.0,44.521,19.2,1.0,Mid-burden,1430,1346,-0.0587412587412587,-0.0587412587412587
oklahoma,nowata,359.5,207.0,152.0,0.5,0.0,0.0,0.0,107.5,63.5,46.5,134.0,225.5,0.0,62.793901400820374,37.206098599179626,0.0,0.0,0.627260083449235,0.3727399165507649,OK,0.114375,0.085125,0.0981249999999999,0.13325,0.0426249999999999,0.1795,0.156,0.238875,40105,Oklahoma,Nowata,0.155,50228.0,50.228,15.5,2.0,High-burden,148,150,0.0135135135135135,0.0135135135135135
oklahoma,oklahoma,365.2,153.2,206.8,5.2,0.0,0.0,0.0,127.4,71.6,52.4,121.8,236.6,1.2,64.78434014522045,33.353394715173295,1.5337974399281384,0.3284676996781196,0.6478641840087623,0.3335158817086528,OK,0.10525,0.066,0.069375,0.118375,0.033125,0.1585,0.124,0.173875,40109,Oklahoma,Oklahoma,0.163,57890.0,57.89,16.3,2.0,High-burden,24003,24455,0.0188309794609007,0.0188309794609007
oklahoma,osage,349.6,306.0,42.0,1.6,0.0,0.0,0.0,106.2,54.6,37.6,349.6,0.0,0.0,0.0,100.0,0.0,0.0,0.0,1.0,OK,0.110625,0.081625,0.0901249999999999,0.132,0.0413749999999999,0.170375,0.146875,0.220875,40113,Oklahoma,Osage,0.123,56156.0,56.156,12.3,1.0,Mid-burden,599,619,0.0333889816360601,0.0333889816360601
oklahoma,ottawa,362.0,169.0,188.8,3.4,0.8,0.0,0.0,125.6,68.4,50.6,53.4,297.6,11.0,82.19866315710027,14.7363862787275,0.0,3.064950564172233,0.8220994475138123,0.1475138121546961,OK,0.118,0.0874999999999999,0.103625,0.1385,0.04375,0.18825,0.16475,0.249875,40115,Oklahoma,Ottawa,0.205,45523.0,45.523,20.5,2.0,High-burden,582,565,-0.0292096219931271,-0.0292096219931271
oklahoma,pittsburg,362.2,218.2,142.4,1.6,0.0,0.0,0.0,114.2,63.4,46.2,150.4,211.8,0.0,58.48222064098941,41.51777935901059,0.0,0.0,0.5847598012147985,0.4152401987852016,OK,0.1105,0.0832499999999999,0.0955,0.128375,0.04125,0.175875,0.152375,0.239375,40121,Oklahoma,Pittsburg,0.182,47589.0,47.589,18.2,2.0,High-burden,946,904,-0.0443974630021141,-0.0443974630021141
oklahoma,sequoyah,360.8,278.0,82.2,0.6,0.0,0.0,0.0,98.8,56.4,39.6,162.6,186.6,0.0,51.67989943078114,45.089914727090864,3.2301858421279936,0.0,0.5171840354767183,0.4506651884700665,OK,0.12075,0.093,0.112,0.1463749999999999,0.047125,0.194875,0.175375,0.26625,40135,Oklahoma,Sequoyah,0.196,43293.0,43.293,19.6,2.0,High-burden,581,586,0.0086058519793459,0.0086058519793459
oklahoma,tulsa,365.2,157.2,203.6,3.8,0.6,0.0,0.0,139.2,70.0,52.4,108.2,255.4,1.2,69.93532450033686,29.62691818249869,0.1095890410958904,0.328168276068568,0.69934282584885,0.296276013143483,OK,0.10425,0.0658749999999999,0.071625,0.11225,0.03275,0.160125,0.1255,0.177625,40143,Oklahoma,Tulsa,0.147,59232.0,59.232,14.7,2.0,High-burden,18963,19268,0.0160839529610293,0.0160839529610293
oklahoma,washington,265.5,153.75,109.25,2.5,0.0,0.0,0.0,103.25,63.75,48.5,108.75,156.75,0.0,62.97794287389596,37.022057126104045,0.0,0.0,0.5903954802259888,0.4096045197740113,OK,0.106125,0.0735,0.0813749999999999,0.115125,0.035875,0.160125,0.132875,0.194,40147,Oklahoma,Washington,0.1669999999999999,54108.0,54.108,16.7,2.0,High-burden,1152,1139,-0.0112847222222222,-0.0112847222222222
oregon,baker,360.4,278.4,78.0,1.4,2.2,0.4,0.0,159.2,59.2,31.0,0.0,360.4,0.0,100.0,0.0,0.0,0.0,1.0,0.0,OR,0.108,0.0755,0.0795,0.107375,0.036625,0.157125,0.134125,0.1745,41001,Oregon,Baker,0.16,53107.0,53.107,16.0,1.0,Mid-burden,509,524,0.0294695481335952,0.0294695481335952
oregon,benton,363.0,313.4,46.6,0.8,0.2,1.4,0.6,190.8,53.6,21.8,0.0,363.0,0.0,100.0,0.0,0.0,0.0,1.0,0.0,OR,0.10425,0.0532499999999999,0.054375,0.080375,0.02625,0.150875,0.10225,0.125875,41003,Oregon,Benton,0.173,65419.0,65.419,17.3,1.0,Mid-burden,2148,2162,0.0065176908752327,0.0065176908752327
oregon,clackamas,255.8,224.8,25.2,3.6,1.2,0.2,0.8,225.0,57.8,33.0,119.8,136.0,0.0,52.091297386666,47.908702613334,0.0,0.0,0.5316653635652854,0.4683346364347145,OR,0.1011249999999999,0.0545,0.054625,0.0838749999999999,0.026875,0.139625,0.103375,0.138875,41005,Oregon,Clackamas,0.084,91076.0,91.076,8.4,0.0,Low-burden,12103,12364,0.0215649012641493,0.0215649012641493
oregon,columbia,356.0,325.8,26.8,1.4,0.8,1.2,0.0,147.0,48.6,28.2,113.6,242.4,0.0,68.0599677231083,31.940032276891703,0.0,0.0,0.6808988764044944,0.3191011235955056,OR,0.10825,0.064375,0.071875,0.097375,0.032375,0.161375,0.126,0.178875,41009,Oregon,Columbia,0.102,78267.0,78.267,10.2,1.0,Mid-burden,942,1008,0.0700636942675159,0.0700636942675159
oregon,coos,107.0,99.0,8.0,0.0,0.0,0.0,0.0,63.0,47.0,25.0,0.0,107.0,0.0,100.0,0.0,0.0,0.0,1.0,0.0,OR,0.11375,0.078625,0.08625,0.1157499999999999,0.0389999999999999,0.167625,0.145375,0.190875,41011,Oregon,Coos,0.174,54067.0,54.067,17.4,1.0,Mid-burden,1580,1609,0.0183544303797468,0.0183544303797468
oregon,crook,363.0,257.6,97.4,4.0,2.6,0.8,0.6,343.8,67.6,31.0,0.0,363.0,0.0,100.0,0.0,0.0,0.0,1.0,0.0,OR,0.1095,0.07325,0.078875,0.10625,0.036,0.160625,0.1355,0.17825,41013,Oregon,Crook,0.12,65755.0,65.755,12.0,1.0,Mid-burden,551,612,0.1107078039927404,0.1107078039927404
oregon,deschutes,364.8,291.6,57.0,5.8,5.8,2.4,2.2,468.0,64.8,25.6,0.0,364.8,0.0,100.0,0.0,0.0,0.0,1.0,0.0,OR,0.1016249999999999,0.0584999999999999,0.05975,0.0863749999999999,0.0286249999999999,0.1445,0.111125,0.1435,41017,Oregon,Deschutes,0.087,79648.0,79.648,8.7,1.0,Mid-burden,7322,8205,0.1205954657197487,0.1205954657197487
oregon,douglas,354.6,272.0,77.8,2.0,1.2,0.4,1.2,295.4,60.6,29.6,0.0,354.6,0.0,100.0,0.0,0.0,0.0,1.0,0.0,OR,0.111125,0.075875,0.083,0.109,0.0375,0.163625,0.139625,0.187,41019,Oregon,Douglas,0.165,52042.0,52.042,16.5,1.0,Mid-burden,2570,2631,0.0237354085603112,0.0237354085603112
oregon,grant,359.6,198.0,155.0,3.6,2.8,0.0,0.2,204.4,69.0,44.6,0.0,359.6,0.0,100.0,0.0,0.0,0.0,1.0,0.0,OR,0.11025,0.082625,0.0865,0.11375,0.040125,0.161375,0.14225,0.182375,41023,Oregon,Grant,0.156,53079.0,53.079,15.6,2.0,High-burden,227,220,-0.0308370044052863,-0.0308370044052863
oregon,harney,364.4,205.8,150.8,4.4,3.0,0.2,0.2,204.4,72.0,43.2,0.0,364.4,0.0,100.0,0.0,0.0,0.0,1.0,0.0,OR,0.1105,0.0755,0.082375,0.1095,0.037125,0.164375,0.13925,0.1865,41025,Oregon,Harney,0.162,50113.0,50.113,16.2,2.0,High-burden,205,210,0.024390243902439,0.024390243902439
oregon,jackson,365.0,214.4,124.6,7.6,12.2,4.6,1.6,415.0,90.4,45.2,100.4,264.6,0.0,72.49907664010516,27.50092335989484,0.0,0.0,0.7249315068493152,0.2750684931506849,OR,0.10975,0.06675,0.0723749999999999,0.1009999999999999,0.033625,0.156875,0.1285,0.1684999999999999,41029,Oregon,Jackson,0.135,63308.0,63.308,13.5,2.0,High-burden,6368,6541,0.0271670854271356,0.0271670854271356
oregon,jefferson,273.4,190.2,76.4,3.8,1.2,0.8,1.0,365.6,72.4,34.2,0.0,273.4,0.0,100.0,0.0,0.0,0.0,1.0,0.0,OR,0.111375,0.0716249999999999,0.076625,0.1149999999999999,0.036625,0.164625,0.14175,0.18625,41031,Oregon,Jefferson,0.159,59317.0,59.317,15.9,1.0,Mid-burden,407,427,0.0491400491400491,0.0491400491400491
oregon,josephine,364.8,226.6,116.2,7.8,10.8,1.6,1.8,350.2,82.2,38.8,0.0,364.8,0.0,100.0,0.0,0.0,0.0,1.0,0.0,OR,0.11325,0.07975,0.0876249999999999,0.1157499999999999,0.04,0.167125,0.1475,0.195,41033,Oregon,Josephine,0.168,49833.0,49.833,16.8,2.0,High-burden,2030,2102,0.0354679802955665,0.0354679802955665
oregon,klamath,363.4,192.6,137.2,15.0,15.0,3.2,0.4,330.8,108.4,46.6,0.0,363.0,0.4,99.89071038251366,0.0,0.0,0.1092896174863388,0.9988992845349478,0.0,OR,0.113125,0.0746249999999999,0.0828749999999999,0.112625,0.038,0.168625,0.143375,0.1885,41035,Oregon,Klamath,0.191,49660.0,49.66,19.1,2.0,High-burden,1527,1548,0.0137524557956778,0.0137524557956778
oregon,lake,362.8,259.4,87.0,11.8,4.6,0.0,0.0,163.4,74.6,29.0,0.0,350.8,12.0,96.7123287671233,0.0,0.0,3.287671232876712,0.9669239250275634,0.0,OR,0.109875,0.083125,0.089125,0.11975,0.040625,0.16625,0.149375,0.196875,41037,Oregon,Lake,0.157,52012.0,52.012,15.7,1.0,Mid-burden,201,182,-0.0945273631840796,-0.08128849402067426
oregon,lane,365.2,209.2,140.0,8.2,4.6,1.4,1.8,402.4,79.2,44.8,69.2,293.2,2.8,80.28445242907404,18.949023130473837,0.0,0.7665244404521296,0.8028477546549836,0.1894852135815991,OR,0.11425,0.06275,0.0689999999999999,0.0952499999999999,0.031875,0.16425,0.1265,0.154375,41039,Oregon,Lane,0.144,61509.0,61.509,14.400000000000002,2.0,High-burden,9959,10057,0.0098403454162064,0.0098403454162064
oregon,linn,365.2,250.8,108.8,2.4,1.0,0.6,1.6,280.2,65.0,35.0,0.0,365.2,0.0,100.0,0.0,0.0,0.0,1.0,0.0,OR,0.112,0.066375,0.07325,0.100375,0.03325,0.163875,0.131125,0.1709999999999999,41043,Oregon,Linn,0.121,64834.0,64.834,12.1,1.0,Mid-burden,2612,2752,0.0535987748851454,0.0535987748851454
oregon,marion,361.4,275.6,80.6,3.2,0.0,0.2,1.8,346.6,61.8,35.4,121.8,239.6,0.0,66.30953596799611,33.69046403200388,0.0,0.0,0.6629773104593248,0.3370226895406751,OR,0.111375,0.0627499999999999,0.0683749999999999,0.108125,0.03175,0.1595,0.129375,0.163,41047,Oregon,Marion,0.133,64412.0,64.412,13.3,1.0,Mid-burden,8267,8851,0.0706423128099673,0.0706423128099673
oregon,multnomah,365.2,280.4,79.8,2.2,1.2,0.4,1.2,258.6,60.8,36.6,180.2,179.2,0.0,49.07118796317089,49.33992065274347,1.5888913840856351,0.0,0.4906900328587075,0.4934282584884994,OR,0.104,0.0501249999999999,0.052375,0.083625,0.02625,0.15025,0.1073749999999999,0.148375,41051,Oregon,Multnomah,0.124,77851.0,77.851,12.4,0.0,Low-burden,27628,27654,0.0009410742724771,0.0009410742724771
oregon,umatilla,358.8,256.8,94.6,4.2,1.2,1.0,1.0,303.4,64.2,39.2,115.8,243.0,0.0,67.82752255961329,32.172477440386714,0.0,0.0,0.677257525083612,0.3227424749163879,OR,0.107625,0.066625,0.0737499999999999,0.109625,0.034,0.165,0.13775,0.1841249999999999,41059,Oregon,Umatilla,0.132,58764.0,58.764,13.2,2.0,High-burden,1578,1571,-0.0044359949302915,-0.0044359949302915
oregon,union,363.6,295.2,61.8,3.8,1.8,0.8,0.2,198.8,59.0,28.6,0.0,362.6,1.0,99.72405122900848,0.0,0.0,0.2759487709915319,0.9972497249724972,0.0,OR,0.110125,0.0687499999999999,0.0747499999999999,0.1009999999999999,0.033875,0.163,0.13,0.173125,41061,Oregon,Union,0.175,53294.0,53.294,17.5,1.0,Mid-burden,748,755,0.0093582887700534,0.0093582887700534
oregon,wallowa,355.2,275.8,73.6,3.0,2.6,0.2,0.0,156.4,60.2,27.4,0.0,355.2,0.0,100.0,0.0,0.0,0.0,1.0,0.0,OR,0.10675,0.073,0.0741249999999999,0.1019999999999999,0.03525,0.15025,0.1255,0.15825,41063,Oregon,Wallowa,0.129,58311.0,58.311,12.9,1.0,Mid-burden,365,364,-0.0027397260273972,-0.0027397260273972
oregon,wasco,344.4,272.2,67.0,2.4,2.0,0.2,0.6,257.0,59.6,30.6,32.4,311.4,0.6,90.68730670527076,9.133052576166348,0.0,0.1796407185628742,0.9041811846689896,0.0940766550522648,OR,0.108,0.067625,0.073125,0.105,0.033875,0.158,0.131625,0.171875,41065,Oregon,Wasco,0.133,59638.0,59.638,13.3,1.0,Mid-burden,704,704,0.0,0.0
oregon,washington,365.2,265.2,94.0,4.0,0.4,0.4,1.2,223.2,63.2,36.0,125.8,227.0,0.2,62.155849988771614,34.44748858447489,3.341866906205554,0.0547945205479452,0.6215772179627601,0.3444687842278204,OR,0.0979999999999999,0.046875,0.0468749999999999,0.0836249999999999,0.024375,0.134625,0.097,0.119625,41067,Oregon,Washington,0.086,91899.0,91.899,8.6,0.0,Low-burden,15651,16077,0.0272187080697719,0.0272187080697719
pennsylvania,adams,365.0,242.0,121.8,1.2,0.0,0.0,0.0,107.6,62.4,44.6,191.6,173.4,0.0,47.51795842453826,52.482041575461736,0.0,0.0,0.4750684931506849,0.524931506849315,PA,0.1014999999999999,0.0643749999999999,0.071875,0.098125,0.030625,0.151125,0.11875,0.185875,42001,Pennsylvania,Adams,0.086,72849.0,72.849,8.6,0.0,Low-burden,1974,1920,-0.0273556231003039,-0.0273556231003039
pennsylvania,allegheny,365.2,105.2,248.0,10.6,1.4,0.0,0.0,153.8,82.4,57.2,65.6,299.0,0.6,81.87588891384085,17.960026948124863,0.0,0.164084138034284,0.8187294633077766,0.1796276013143483,PA,0.1008749999999999,0.0582499999999999,0.06125,0.0917499999999999,0.0292499999999999,0.14175,0.106875,0.166875,42003,Pennsylvania,Allegheny,0.113,68874.0,68.874,11.3,0.0,Low-burden,33762,33552,-0.0062200106628754,-0.0062200106628754
pennsylvania,armstrong,360.4,223.6,135.8,1.0,0.0,0.0,0.0,107.6,62.6,45.2,144.4,216.0,0.0,59.97498182539964,40.02501817460036,0.0,0.0,0.5993340732519423,0.4006659267480577,PA,0.104875,0.072875,0.0839999999999999,0.1075,0.034625,0.160375,0.132125,0.214875,42005,Pennsylvania,Armstrong,0.118,54089.0,54.089,11.8,2.0,High-burden,1304,1261,-0.0329754601226993,-0.0329754601226993
pennsylvania,beaver,365.2,173.2,189.4,2.6,0.0,0.0,0.0,128.0,68.4,51.2,123.4,241.6,0.0,66.15764653042893,33.78755894902313,0.0547945205479452,0.0,0.6615553121577218,0.3378970427163199,PA,0.10425,0.06675,0.074125,0.1006249999999999,0.032375,0.152,0.121375,0.194375,42007,Pennsylvania,Beaver,0.111,64593.0,64.593,11.1,0.0,Low-burden,3407,3311,-0.028177282066334,-0.028177282066334
pennsylvania,berks,364.4,213.0,147.0,4.2,0.2,0.0,0.0,128.8,68.2,45.8,151.4,213.0,0.0,58.45334140619087,41.54665859380913,0.0,0.0,0.5845225027442371,0.4154774972557629,PA,0.1013749999999999,0.06325,0.069625,0.104875,0.031,0.1503749999999999,0.12275,0.1855,42011,Pennsylvania,Berks,0.129,68693.0,68.693,12.9,0.0,Low-burden,8435,8378,-0.0067575577949021,-0.0067575577949021
pennsylvania,blair,353.8,231.0,122.2,0.6,0.0,0.0,0.0,104.2,62.6,44.2,145.0,208.8,0.0,59.24068789223877,40.75931210776122,0.0,0.0,0.5901639344262295,0.4098360655737705,PA,0.105625,0.070625,0.0811249999999999,0.104125,0.03375,0.162125,0.130875,0.213625,42013,Pennsylvania,Blair,0.119,55843.0,55.843,11.9,2.0,High-burden,3185,3151,-0.0106750392464678,-0.0106750392464678
pennsylvania,bradford,356.8,269.6,87.0,0.2,0.0,0.0,0.0,90.4,57.4,40.2,166.0,190.4,0.0,53.368100968986006,46.519539480452195,0.1123595505617977,0.0,0.5336322869955157,0.4652466367713004,PA,0.1055,0.074375,0.085125,0.107875,0.03525,0.16275,0.133125,0.215125,42015,Pennsylvania,Bradford,0.1369999999999999,55199.0,55.199,13.699999999999998,2.0,High-burden,1339,1306,-0.0246452576549663,-0.0246452576549663
pennsylvania,bucks,331.8,293.0,30.6,7.6,0.6,0.0,0.0,140.2,57.8,34.4,331.8,0.0,0.0,0.0,100.0,0.0,0.0,0.0,1.0,PA,0.0956249999999999,0.055625,0.0563749999999999,0.0886249999999999,0.0265,0.133625,0.09675,0.15275,42017,Pennsylvania,Bucks,0.065,99755.0,99.755,6.5,0.0,Low-burden,19355,19656,0.0155515370705244,0.0155515370705244
pennsylvania,cambria,362.2,195.4,166.6,0.2,0.0,0.0,0.0,98.8,63.4,47.8,92.8,266.4,0.6,73.60019265567348,25.57139573860685,0.3290681920818907,0.1651378924106196,0.7355052457205963,0.2562120375483158,PA,0.1055,0.0724999999999999,0.0814999999999999,0.1085,0.034875,0.161625,0.130875,0.20625,42021,Pennsylvania,Cambria,0.129,52441.0,52.441,12.9,2.0,High-burden,3154,2978,-0.0558021559923906,-0.0558021559923906
pennsylvania,centre,365.2,223.8,140.8,0.6,0.0,0.0,0.0,105.2,62.8,45.6,164.4,200.6,0.0,54.93509993262968,45.010105546822366,0.0547945205479452,0.0,0.5492880613362541,0.4501642935377875,PA,0.1002499999999999,0.0565,0.06125,0.0868749999999999,0.02675,0.15175,0.10675,0.16925,42027,Pennsylvania,Centre,0.152,66239.0,66.239,15.2,2.0,High-burden,3361,3294,-0.0199345432906872,-0.0199345432906872
pennsylvania,chester,357.8,205.6,150.0,2.2,0.0,0.0,0.0,128.8,64.8,46.6,128.2,229.6,0.0,64.21549531478435,35.78450468521565,0.0,0.0,0.6416992733370598,0.3583007266629401,PA,0.0933749999999999,0.0516249999999999,0.0504999999999999,0.082375,0.024625,0.1265,0.0917499999999999,0.13175,42029,Pennsylvania,Chester,0.066,109616.0,109.616,6.6000000000000005,0.0,Low-burden,14593,14927,0.0228876858767902,0.0228876858767902
pennsylvania,clearfield,333.6,321.8,11.6,0.2,0.0,0.0,0.0,70.8,45.0,33.2,333.6,0.0,0.0,0.0,100.0,0.0,0.0,0.0,1.0,PA,0.104125,0.074875,0.0871249999999999,0.111125,0.035875,0.163125,0.138,0.223125,42033,Pennsylvania,Clearfield,0.142,54539.0,54.539,14.2,1.0,Mid-burden,1963,1891,-0.0366785532348446,-0.0366785532348446
pennsylvania,cumberland,363.4,206.0,155.6,1.8,0.0,0.0,0.0,120.2,63.6,46.6,0.0,363.4,0.0,100.0,0.0,0.0,0.0,1.0,0.0,PA,0.0972499999999999,0.0573749999999999,0.0605,0.0897499999999999,0.027375,0.1405,0.10525,0.161625,42041,Pennsylvania,Cumberland,0.08,81975.0,81.975,8.0,0.0,Low-burden,6122,6334,0.0346292061417837,0.0346292061417837
pennsylvania,dauphin,364.0,206.4,155.4,2.0,0.2,0.0,0.0,124.4,67.4,46.6,123.8,239.8,0.4,65.92003513014605,33.97037582875805,0.0,0.1095890410958904,0.6587912087912088,0.3401098901098901,PA,0.1035,0.061375,0.0659999999999999,0.1045,0.031625,0.1493749999999999,0.115875,0.182625,42043,Pennsylvania,Dauphin,0.118,66121.0,66.121,11.8,0.0,Low-burden,6875,6973,0.0142545454545454,0.0142545454545454
pennsylvania,delaware,365.2,157.8,203.2,4.2,0.0,0.0,0.0,133.2,70.8,52.4,90.6,272.8,0.0,74.69765701025526,24.80934201661801,0.4930009731267309,0.0,0.746987951807229,0.2480832420591456,PA,0.0997499999999999,0.0565,0.059,0.0987499999999999,0.0295,0.141875,0.1068749999999999,0.163,42045,Pennsylvania,Delaware,0.1009999999999999,78194.0,78.194,10.1,0.0,Low-burden,12921,13190,0.020818822072595,0.020818822072595
pennsylvania,elk,353.2,338.4,14.8,0.0,0.0,0.0,0.0,84.2,46.2,34.4,353.2,0.0,0.0,0.0,100.0,0.0,0.0,0.0,1.0,PA,0.102125,0.0709999999999999,0.0802499999999999,0.102875,0.033375,0.1545,0.12625,0.206125,42047,Pennsylvania,Elk,0.1009999999999999,56843.0,56.843,10.1,1.0,Mid-burden,891,902,0.0123456790123456,0.0123456790123456
pennsylvania,erie,357.2,255.8,101.2,0.2,0.0,0.0,0.0,95.6,58.2,40.0,165.0,183.4,1.8,51.29988429206785,46.1134710656451,1.642772267080049,0.547112462006079,0.513437849944009,0.4619260918253079,PA,0.104875,0.0669999999999999,0.0765,0.103875,0.033125,0.159375,0.127625,0.199125,42049,Pennsylvania,Erie,0.158,56799.0,56.799,15.8,2.0,High-burden,6197,6096,-0.0162982088107148,-0.0162982088107148
pennsylvania,fayette,326.25,230.0,95.75,0.5,0.0,0.0,0.0,98.25,58.0,42.25,132.0,194.0,0.0,58.989440262654114,40.90091061453887,0.1096491228070175,0.0,0.5946360153256705,0.4045977011494253,PA,0.107875,0.076,0.0905,0.113625,0.037375,0.169875,0.140625,0.227875,42051,Pennsylvania,Fayette,0.159,47812.0,47.812,15.9,2.0,High-burden,2574,2507,-0.026029526029526,-0.026029526029526
pennsylvania,franklin,340.6,331.6,9.0,0.0,0.0,0.0,0.0,69.6,45.2,33.6,340.6,0.0,0.0,0.0,100.0,0.0,0.0,0.0,1.0,PA,0.103375,0.0668749999999999,0.07575,0.101,0.032375,0.156625,0.12475,0.19475,42055,Pennsylvania,Franklin,0.095,66983.0,66.983,9.5,1.0,Mid-burden,3080,3107,0.0087662337662337,0.0087662337662337
pennsylvania,greene,352.8,272.6,79.8,0.4,0.0,0.0,0.0,95.6,56.4,40.0,178.0,174.8,0.0,49.72394334316069,50.27605665683931,0.0,0.0,0.4954648526077098,0.5045351473922902,PA,0.104375,0.0698749999999999,0.0818749999999999,0.105375,0.03375,0.163,0.130375,0.218875,42059,Pennsylvania,Greene,0.148,55287.0,55.287,14.800000000000002,2.0,High-burden,722,683,-0.0540166204986149,-0.0540166204986149
pennsylvania,indiana,350.4,299.8,49.8,0.8,0.0,0.0,0.0,106.4,52.2,38.4,294.2,56.2,0.0,16.131741821396993,83.86825817860301,0.0,0.0,0.1603881278538813,0.8396118721461188,PA,0.10625,0.0701249999999999,0.0807499999999999,0.1027499999999999,0.033625,0.167,0.1305,0.20675,42063,Pennsylvania,Indiana,0.1369999999999999,51887.0,51.887,13.699999999999998,2.0,High-burden,1826,1775,-0.0279299014238773,-0.0279299014238773
pennsylvania,lackawanna,362.8,265.2,97.4,0.2,0.0,0.0,0.0,97.8,58.6,41.0,168.8,178.4,0.0,49.229922766945585,46.46295894567264,4.1390093192417625,0.0,0.4917309812568908,0.4652701212789416,PA,0.1017499999999999,0.067125,0.074375,0.103625,0.032125,0.1555,0.124625,0.194625,42069,Pennsylvania,Lackawanna,0.1369999999999999,61227.0,61.227,13.699999999999998,2.0,High-burden,5275,5156,-0.0225592417061611,-0.0225592417061611
pennsylvania,lancaster,365.2,145.2,213.6,5.8,0.6,0.0,0.0,144.4,74.0,53.2,86.4,278.2,0.6,76.17815704768321,23.657609102477732,0.0,0.1642338498390598,0.7617743702081051,0.2365826944140197,PA,0.103,0.063125,0.0693749999999999,0.0977499999999999,0.0305,0.1498749999999999,0.1185,0.181875,42071,Pennsylvania,Lancaster,0.088,75619.0,75.619,8.8,0.0,Low-burden,13060,13514,0.0347626339969372,0.0347626339969372
pennsylvania,lawrence,344.8,325.8,19.0,0.0,0.0,0.0,0.0,88.2,46.4,31.8,344.8,0.0,0.0,0.0,100.0,0.0,0.0,0.0,1.0,PA,0.10575,0.0725,0.0826249999999999,0.10725,0.035125,0.161375,0.131375,0.20725,42073,Pennsylvania,Lawrence,0.122,58307.0,58.307,12.2,1.0,Mid-burden,1922,1875,-0.0244536940686784,-0.0244536940686784
pennsylvania,lebanon,325.0,170.4,152.6,2.0,0.0,0.0,0.0,120.4,67.2,47.8,87.0,238.0,0.0,75.99879129734086,24.001208702659145,0.0,0.0,0.7323076923076923,0.2676923076923077,PA,0.101,0.0665,0.07425,0.105,0.032125,0.1545,0.123875,0.19375,42075,Pennsylvania,Lebanon,0.09,71826.0,71.826,9.0,0.0,Low-burden,2696,2733,0.0137240356083086,0.0137240356083086
pennsylvania,lehigh,360.4,235.2,123.8,1.2,0.2,0.0,0.0,121.4,64.2,43.6,152.2,204.2,4.0,56.75501586669143,42.12900688291477,0.0,1.1159772503937953,0.5665926748057714,0.4223085460599334,PA,0.0995,0.0607499999999999,0.0642499999999999,0.106,0.029875,0.14675,0.118875,0.172875,42077,Pennsylvania,Lehigh,0.111,68688.0,68.688,11.1,0.0,Low-burden,8644,8682,0.0043961129106894,0.0043961129106894
pennsylvania,luzerne,346.8,333.6,13.0,0.2,0.0,0.0,0.0,78.6,45.6,32.8,325.0,0.0,21.8,0.0,93.50868404151852,0.0,6.491315958481468,0.0,0.9371395617070356,PA,0.102125,0.0691249999999999,0.0769999999999999,0.10975,0.033375,0.15725,0.130125,0.202125,42079,Pennsylvania,Luzerne,0.128,58645.0,58.645,12.8,1.0,Mid-burden,7210,7095,-0.0159500693481276,-0.0159500693481276
pennsylvania,lycoming,358.0,299.2,58.4,0.4,0.0,0.0,0.0,95.6,51.6,37.2,246.6,104.2,7.2,29.00451982532339,69.01443223710694,0.0,1.9810479375696768,0.2910614525139665,0.6888268156424581,PA,0.104875,0.0678749999999999,0.077125,0.1006249999999999,0.03275,0.15975,0.125,0.201125,42081,Pennsylvania,Lycoming,0.107,58862.0,58.862,10.7,1.0,Mid-burden,2731,2701,-0.0109849871841816,-0.0109849871841816
pennsylvania,mercer,364.8,223.6,139.8,1.4,0.0,0.0,0.0,107.2,62.8,44.6,174.4,190.4,0.0,52.18030002988049,47.81969997011951,0.0,0.0,0.5219298245614035,0.4780701754385965,PA,0.105375,0.072625,0.081875,0.106125,0.035,0.160875,0.13075,0.206,42085,Pennsylvania,Mercer,0.129,54112.0,54.112,12.9,2.0,High-burden,2765,2633,-0.0477396021699819,-0.0477396021699819
pennsylvania,monroe,331.6,294.0,37.2,0.4,0.0,0.0,0.0,90.4,50.4,36.0,290.2,41.4,0.0,11.42516638291286,88.57483361708714,0.0,0.0,0.1248492159227985,0.8751507840772014,PA,0.103125,0.0635,0.067125,0.1115,0.031875,0.14875,0.1205,0.183125,42089,Pennsylvania,Monroe,0.113,74989.0,74.989,11.3,0.0,Low-burden,3385,3473,0.0259970457902511,0.0259970457902511
pennsylvania,montgomery,360.0,237.0,118.8,4.2,0.0,0.0,0.0,127.2,64.6,43.6,158.2,201.8,0.0,56.097247396562445,43.90275260343756,0.0,0.0,0.5605555555555556,0.4394444444444444,PA,0.0933749999999999,0.05175,0.05125,0.0863749999999999,0.025625,0.130125,0.09425,0.135375,42091,Pennsylvania,Montgomery,0.07,102648.0,102.648,7.000000000000001,0.0,Low-burden,26328,26581,0.0096095411728957,0.0096095411728957
pennsylvania,northampton,364.6,202.2,159.6,2.8,0.0,0.0,0.0,126.8,69.0,46.8,133.8,229.2,0.0,62.853994490358126,36.707347447073474,0.4386580625683988,0.0,0.6286341195831047,0.3669775095995611,PA,0.0981249999999999,0.0604999999999999,0.063375,0.099125,0.0289999999999999,0.142625,0.11175,0.170125,42095,Pennsylvania,Northampton,0.0969999999999999,78768.0,78.768,9.7,0.0,Low-burden,6382,6455,0.0114384205578188,0.0114384205578188
pennsylvania,philadelphia,365.2,158.0,198.4,7.8,1.0,0.0,0.0,146.8,72.0,52.0,98.4,258.2,0.2,70.70409461786062,26.94228609925893,2.2988247623325098,0.0547945205479452,0.7070098576122672,0.2694414019715225,PA,0.1169999999999999,0.0615,0.0697499999999999,0.12925,0.0389999999999999,0.171875,0.13425,0.200375,42101,Pennsylvania,Philadelphia,0.223,52882.0,52.882,22.3,2.0,High-burden,28164,30007,0.0654381479903422,0.0654381479903422
pennsylvania,somerset,361.4,341.6,19.8,0.0,0.0,0.0,0.0,85.6,46.6,34.6,361.4,0.0,0.0,0.0,100.0,0.0,0.0,0.0,1.0,PA,0.103875,0.0745,0.085125,0.109125,0.0355,0.15975,0.134,0.2183749999999999,42111,Pennsylvania,Somerset,0.129,53770.0,53.77,12.9,1.0,Mid-burden,1695,1595,-0.0589970501474926,-0.0589970501474926
pennsylvania,susquehanna,284.75,231.5,52.75,0.5,0.0,0.0,0.0,88.25,54.75,32.5,0.0,284.75,0.0,100.0,0.0,0.0,0.0,1.0,0.0,PA,0.103625,0.075625,0.0852499999999999,0.108875,0.035625,0.158625,0.133625,0.208875,42115,Pennsylvania,Susquehanna,0.12,56995.0,56.995,12.0,1.0,Mid-burden,837,809,-0.033452807646356,-0.033452807646356
pennsylvania,tioga,354.6,265.0,89.4,0.2,0.0,0.0,0.0,94.0,56.2,40.8,197.2,156.6,0.0,43.99936845861428,55.77678966762808,0.2238418737576536,0.0,0.4416243654822334,0.5561195713479977,PA,0.10575,0.074375,0.0844999999999999,0.107,0.03525,0.162375,0.133625,0.213125,42117,Pennsylvania,Tioga,0.133,56920.0,56.92,13.3,2.0,High-burden,847,864,0.0200708382526564,0.0200708382526564
pennsylvania,washington,365.2,173.0,191.6,0.6,0.0,0.0,0.0,102.6,65.8,50.6,107.2,257.6,0.0,70.54090875065499,29.349651920053898,0.1094393292911146,0.0,0.7053669222343922,0.2935377875136911,PA,0.100125,0.063375,0.0696249999999999,0.09525,0.03025,0.1473749999999999,0.114125,0.17975,42125,Pennsylvania,Washington,0.091,68238.0,68.238,9.1,0.0,Low-burden,5205,5205,0.0,0.0
pennsylvania,westmoreland,359.2,232.4,126.2,0.6,0.0,0.0,0.0,104.4,59.4,44.4,126.2,233.0,0.0,64.91797773659371,35.08202226340629,0.0,0.0,0.6486636971046771,0.3513363028953229,PA,0.1002499999999999,0.0655,0.0707499999999999,0.096875,0.03125,0.1475,0.1164999999999999,0.17875,42129,Pennsylvania,Westmoreland,0.1119999999999999,63184.0,63.184,11.2,0.0,Low-burden,8593,8356,-0.0275805888513906,-0.0275805888513906
pennsylvania,wyoming,241.33333333333337,190.66666666666663,50.333333333333336,0.3333333333333333,0.0,0.0,0.0,97.66666666666669,58.666666666666664,35.0,0.0,241.33333333333337,0.0,100.0,0.0,0.0,0.0,1.0,0.0,PA,0.1024999999999999,0.0686249999999999,0.07675,0.1013749999999999,0.032375,0.15575,0.123375,0.201625,42131,Pennsylvania,Wyoming,0.1159999999999999,63118.0,63.118,11.6,1.0,Mid-burden,664,648,-0.0240963855421686,-0.0240963855421686
pennsylvania,york,363.6,205.0,158.0,0.6,0.0,0.0,0.0,106.6,64.6,46.6,134.4,219.2,0.0,60.33985208725305,36.918385049955305,2.741762862791647,0.0,0.6028602860286028,0.3696369636963696,PA,0.102,0.062375,0.07025,0.09775,0.03025,0.15175,0.116625,0.187875,42133,Pennsylvania,York,0.092,72949.0,72.949,9.2,0.0,Low-burden,8689,8648,-0.0047186097364483,-0.0047186097364483
rhode island,kent,354.0,314.8,36.2,3.0,0.0,0.0,0.0,127.8,51.6,34.0,168.0,186.0,0.0,52.52187227438117,47.47812772561883,0.0,0.0,0.5254237288135594,0.4745762711864407,RI,0.11275,0.0598749999999999,0.0675,0.0925,0.028,0.146625,0.113,0.165375,44003,Rhode Island,Kent,0.081,74282.0,74.282,8.1,0.0,Low-burden,4698,4678,-0.0042571306939123,-0.0042571306939123
rhode island,providence,365.2,220.8,140.8,3.6,0.0,0.0,0.0,127.0,61.4,45.6,127.4,232.6,0.2,63.68710232801857,34.88853956134441,1.3695635900890786,0.0547945205479452,0.6369112814895947,0.3488499452354874,RI,0.1205,0.060125,0.066625,0.107125,0.02975,0.149375,0.122,0.159875,44007,Rhode Island,Providence,0.143,66610.0,66.61,14.3,2.0,High-burden,15985,16116,0.0081951829840475,0.0081951829840475
rhode island,washington,359.8,314.6,42.0,2.8,0.4,0.0,0.0,137.8,51.8,35.8,185.8,174.0,0.0,48.34629331333766,51.65370668666234,0.0,0.0,0.4836020011117287,0.5163979988882713,RI,0.1115,0.0571249999999999,0.06175,0.082625,0.026375,0.137125,0.102,0.1382499999999999,44009,Rhode Island,Washington,0.092,90152.0,90.152,9.2,0.0,Low-burden,3780,3724,-0.0148148148148148,-0.0148148148148148
south carolina,abbeville,9.0,9.0,0.0,0.0,0.0,0.0,0.0,33.0,33.0,25.0,9.0,0.0,0.0,0.0,100.0,0.0,0.0,0.0,1.0,SC,0.103125,0.0783749999999999,0.089375,0.1395,0.0436249999999999,0.166875,0.1475,0.21225,45001,South Carolina,Abbeville,0.148,49485.0,49.485,14.800000000000002,1.0,Mid-burden,338,334,-0.0118343195266272,-0.0118343195266272
south carolina,aiken,206.6,194.2,12.4,0.0,0.0,0.0,0.0,83.2,50.4,37.0,206.6,0.0,0.0,0.0,100.0,0.0,0.0,0.0,1.0,SC,0.096625,0.06875,0.075,0.125875,0.0365,0.15375,0.129375,0.179125,45003,South Carolina,Aiken,0.155,56711.0,56.711,15.5,2.0,High-burden,2797,2951,0.0550589917769038,0.0550589917769038
south carolina,anderson,205.0,192.8,12.0,0.2,0.0,0.0,0.0,79.4,50.8,37.4,205.0,0.0,0.0,0.0,100.0,0.0,0.0,0.0,1.0,SC,0.0979999999999999,0.06875,0.080625,0.1215,0.03575,0.159125,0.13325,0.194875,45007,South Carolina,Anderson,0.159,58951.0,58.951,15.9,2.0,High-burden,3801,3980,0.0470928702972901,0.0470928702972901
south carolina,berkeley,191.4,185.0,6.4,0.0,0.0,0.0,0.0,67.0,44.8,32.4,191.4,0.0,0.0,0.0,100.0,0.0,0.0,0.0,1.0,SC,0.094625,0.059125,0.0664999999999999,0.117,0.032,0.1515,0.118625,0.175875,45015,South Carolina,Berkeley,0.102,74289.0,74.289,10.2,1.0,Mid-burden,3214,3810,0.1854387056627255,0.1854387056627255
south carolina,charleston,361.6,244.6,116.6,0.4,0.0,0.0,0.0,93.2,58.0,43.6,65.0,295.0,0.6,81.57693928470246,17.978609383271273,0.2776255989629549,0.1668257330633084,0.8158185840707964,0.1797566371681415,SC,0.092875,0.056,0.0578749999999999,0.10375,0.0305,0.13825,0.1053749999999999,0.144625,45019,South Carolina,Charleston,0.138,71755.0,71.755,13.8,0.0,Low-burden,13908,14841,0.067083692838654,0.067083692838654
south carolina,chesterfield,352.8,278.6,73.8,0.4,0.0,0.0,0.0,93.0,55.6,38.0,144.0,208.0,0.8,59.02412914071728,40.74249014459561,0.0,0.2333807146871177,0.5895691609977324,0.4081632653061224,SC,0.106625,0.080125,0.096125,0.15075,0.0459999999999999,0.1735,0.158375,0.2315,45025,South Carolina,Chesterfield,0.2019999999999999,45395.0,45.395,20.2,2.0,High-burden,704,685,-0.0269886363636363,-0.0269886363636363
south carolina,colleton,241.0,188.0,53.0,0.0,0.0,0.0,0.0,68.0,50.666666666666664,34.333333333333336,74.0,167.0,0.0,79.3159232123676,20.68407678763242,0.0,0.0,0.6929460580912863,0.3070539419087137,SC,0.1045,0.081625,0.0917499999999999,0.1543749999999999,0.0467499999999999,0.16925,0.1535,0.2255,45029,South Carolina,Colleton,0.209,46629.0,46.629,20.9,2.0,High-burden,751,752,0.0013315579227696,0.0013315579227696
south carolina,darlington,213.2,201.4,11.8,0.0,0.0,0.0,0.0,75.4,47.4,36.8,213.2,0.0,0.0,0.0,100.0,0.0,0.0,0.0,1.0,SC,0.10675,0.0759999999999999,0.0878749999999999,0.148,0.0447499999999999,0.16725,0.145625,0.2145,45031,South Carolina,Darlington,0.209,46291.0,46.291,20.9,2.0,High-burden,1083,1082,-0.0009233610341643,-0.0009233610341643
south carolina,edgefield,351.0,257.2,93.6,0.2,0.0,0.0,0.0,93.2,56.6,40.4,118.2,232.8,0.0,66.33938327429023,33.660616725709765,0.0,0.0,0.6632478632478633,0.3367521367521368,SC,0.0989999999999999,0.073875,0.0826249999999999,0.139625,0.04175,0.15775,0.14075,0.203375,45037,South Carolina,Edgefield,0.168,57774.0,57.774,16.8,2.0,High-burden,314,334,0.0636942675159235,0.0636942675159235
south carolina,florence,336.4,250.2,86.2,0.0,0.0,0.0,0.0,80.2,56.2,38.8,0.0,336.4,0.0,100.0,0.0,0.0,0.0,1.0,0.0,SC,0.1024999999999999,0.069,0.078125,0.13925,0.040625,0.1605,0.136625,0.19675,45041,South Carolina,Florence,0.188,52062.0,52.062,18.8,2.0,High-burden,3142,3192,0.0159134309357097,0.0159134309357097
south carolina,georgetown,240.66666666666663,240.0,0.6666666666666666,0.0,0.0,0.0,0.0,53.0,27.333333333333332,14.666666666666666,0.0,0.0,240.66666666666663,0.0,0.0,0.0,100.0,0.0,0.0,SC,0.098375,0.07725,0.080875,0.1375,0.04125,0.1485,0.136125,0.17675,45043,South Carolina,Georgetown,0.147,58419.0,58.419,14.7,1.0,Mid-burden,1826,1899,0.0399780941949616,0.0399780941949616
south carolina,greenville,365.2,211.4,153.4,0.4,0.0,0.0,0.0,97.6,63.0,46.8,102.4,255.2,1.8,69.88307508047009,28.03488285051277,1.5888913840856351,0.4931506849315069,0.6987951807228916,0.2803943044906901,SC,0.0915,0.059125,0.0618749999999999,0.10675,0.0305,0.14175,0.11125,0.156,45045,South Carolina,Greenville,0.109,68487.0,68.487,10.9,0.0,Low-burden,13369,14645,0.0954446854663774,0.0954446854663774
south carolina,horry,222.6,213.0,9.6,0.0,0.0,0.0,0.0,73.6,46.4,34.8,222.6,0.0,0.0,0.0,100.0,0.0,0.0,0.0,1.0,SC,0.0958749999999999,0.07475,0.0815,0.123125,0.0365,0.1553749999999999,0.132875,0.197,45051,South Carolina,Horry,0.126,56342.0,56.342,12.6,1.0,Mid-burden,9092,9911,0.0900791904971403,0.0900791904971403
south carolina,lexington,360.8,229.2,131.2,0.4,0.0,0.0,0.0,92.0,58.8,43.2,0.0,346.0,14.8,95.8686688696802,0.0,0.0,4.131331130319803,0.958980044345898,0.0,SC,0.0921249999999999,0.0615,0.0674999999999999,0.108,0.031,0.15,0.11925,0.1775,45063,South Carolina,Lexington,0.111,65016.0,65.016,11.1,0.0,Low-burden,6574,7139,0.0859446303620322,0.0859446303620322
south carolina,oconee,338.3333333333333,269.6666666666667,68.66666666666667,0.0,0.0,0.0,0.0,85.0,54.666666666666664,37.0,153.33333333333334,185.0,0.0,55.844669503829344,44.15533049617067,0.0,0.0,0.5467980295566502,0.4532019704433498,SC,0.0956249999999999,0.0753749999999999,0.0839999999999999,0.120875,0.03675,0.1555,0.135625,0.19075,45073,South Carolina,Oconee,0.1639999999999999,53432.0,53.432,16.4,2.0,High-burden,1529,1646,0.0765206017004578,0.0765206017004578
south carolina,pickens,180.66666666666663,158.0,22.666666666666668,0.0,0.0,0.0,0.0,84.0,56.0,41.666666666666664,180.66666666666663,0.0,0.0,0.0,100.0,0.0,0.0,0.0,1.0,SC,0.095125,0.0653749999999999,0.07525,0.10625,0.03225,0.161625,0.12575,0.18675,45077,South Carolina,Pickens,0.178,54415.0,54.415,17.8,2.0,High-burden,2037,2127,0.0441826215022091,0.0441826215022091
south carolina,richland,365.2,263.0,101.2,1.0,0.0,0.0,0.0,105.0,57.8,41.8,153.2,207.4,0.0,56.78913092297328,41.95074481622876,1.095740699154128,0.0,0.567907995618839,0.4194961664841182,SC,0.099375,0.0559999999999999,0.057875,0.116375,0.03375,0.149375,0.112,0.158125,45079,South Carolina,Richland,0.17,56940.0,56.94,17.0,2.0,High-burden,9065,9352,0.0316602316602316,0.0316602316602316
south carolina,spartanburg,356.8,211.8,143.8,1.2,0.0,0.0,0.0,104.2,60.8,45.6,95.4,261.4,0.0,73.23716763967842,26.76283236032159,0.0,0.0,0.7326233183856501,0.2673766816143498,SC,0.0982499999999999,0.064,0.07325,0.12025,0.03425,0.156875,0.12725,0.18775,45083,South Carolina,Spartanburg,0.1369999999999999,60470.0,60.47,13.699999999999998,2.0,High-burden,6430,6937,0.0788491446345256,0.0788491446345256
south carolina,york,350.4,263.2,85.0,2.2,0.0,0.0,0.0,108.6,58.0,41.4,201.8,148.6,0.0,41.046972924577815,58.953027075422185,0.0,0.0,0.4240867579908676,0.5759132420091325,SC,0.0921249999999999,0.0573749999999999,0.062,0.105125,0.029625,0.142375,0.108375,0.160125,45091,South Carolina,York,0.0969999999999999,73466.0,73.466,9.7,0.0,Low-burden,5114,5774,0.1290574892452092,0.1290574892452092
south dakota,brookings,365.2,291.2,71.2,2.4,0.2,0.2,0.0,128.0,60.0,39.0,268.0,76.4,20.8,20.92372183546673,73.38258851710457,0.0,5.6936896474287,0.2092004381161007,0.7338444687842278,SD,0.0849999999999999,0.0495,0.045,0.0752499999999999,0.02425,0.1125,0.07975,0.137375,46011,South Dakota,Brookings,0.126,61581.0,61.581,12.6,1.0,Mid-burden,911,937,0.0285400658616904,0.0285400658616904
south dakota,brown,217.0,185.0,31.0,0.2,0.4,0.2,0.2,176.8,54.0,28.4,0.0,164.8,52.2,84.49410265884084,0.0,0.0,15.505897341159152,0.759447004608295,0.0,SD,0.0831249999999999,0.0592499999999999,0.0533749999999999,0.0896249999999999,0.028375,0.109,0.0915,0.165,46013,South Dakota,Brown,0.1159999999999999,62070.0,62.07,11.6,1.0,Mid-burden,1277,1256,-0.0164447924823805,-0.0164447924823805
south dakota,codington,364.2,274.0,88.6,1.0,0.4,0.2,0.0,128.0,58.2,38.2,58.4,262.0,43.8,71.99584776809132,15.976644958454973,0.0,12.027507273453702,0.7193849533223504,0.1603514552443712,SD,0.0859999999999999,0.0652499999999999,0.06,0.093125,0.03175,0.1162499999999999,0.1008749999999999,0.1851249999999999,46029,South Dakota,Codington,0.096,65106.0,65.106,9.6,0.0,Low-burden,1108,1167,0.0532490974729241,0.0532490974729241
south dakota,custer,364.0,317.4,45.0,1.2,0.2,0.2,0.0,132.6,54.8,40.6,328.4,35.0,0.6,9.619256661127316,90.2162084202394,0.0,0.1645349186332793,0.0961538461538461,0.902197802197802,SD,0.0868749999999999,0.0745,0.0653749999999999,0.1057499999999999,0.035,0.1079999999999999,0.103875,0.169875,46033,South Dakota,Custer,0.098,68600.0,68.6,9.8,0.0,Low-burden,293,310,0.0580204778156996,0.0580204778156996
south dakota,hughes,354.0,333.0,20.4,0.4,0.0,0.2,0.0,124.4,41.0,15.8,0.0,354.0,0.0,100.0,0.0,0.0,0.0,1.0,0.0,SD,0.0885,0.0597499999999999,0.0534999999999999,0.0879999999999999,0.0292499999999999,0.11175,0.0923749999999999,0.1645,46065,South Dakota,Hughes,0.098,72724.0,72.724,9.8,1.0,Mid-burden,680,650,-0.0441176470588235,-0.0441176470588235
south dakota,jackson,365.2,317.6,46.6,0.6,0.2,0.2,0.0,128.8,53.8,39.0,295.2,67.6,1.8,18.513810913990568,80.82895426304364,0.1643835616438356,0.4928512613219552,0.1851040525739321,0.8083242059145673,SD,0.1205,0.1014999999999999,0.106625,0.160125,0.0565,0.17025,0.174,0.304,46071,South Dakota,Jackson,0.281,39639.0,39.639,28.1,2.0,High-burden,52,51,-0.0192307692307692,-0.0192307692307692
south dakota,meade,364.2,346.0,16.8,1.4,0.0,0.0,0.0,80.6,45.8,34.2,342.2,0.0,22.0,0.0,93.94733624810064,0.0,6.052663751899353,0.0,0.9395936298736958,SD,0.0841249999999999,0.0566249999999999,0.052625,0.0809999999999999,0.027625,0.113375,0.0909999999999999,0.168625,46093,South Dakota,Meade,0.093,63475.0,63.475,9.3,1.0,Mid-burden,707,745,0.0537482319660537,0.0537482319660537
south dakota,minnehaha,362.0,285.4,74.8,1.4,0.4,0.0,0.0,120.0,58.4,38.4,221.8,126.6,7.2,34.978845807779905,61.22126182170954,1.7832700704439084,2.0166223000666412,0.3497237569060773,0.612707182320442,SD,0.086,0.0544999999999999,0.0495,0.0827499999999999,0.026375,0.111125,0.08725,0.16,46099,South Dakota,Minnehaha,0.095,73040.0,73.04,9.5,0.0,Low-burden,5706,6026,0.0560813179109709,0.0560813179109709
south dakota,pennington,364.4,260.4,100.4,3.0,0.4,0.2,0.0,136.2,63.6,36.0,0.0,214.6,132.2,58.87127708523972,0.0,4.823947004509394,36.30477591025088,0.5889132821075741,0.0,SD,0.0864999999999999,0.063375,0.0572499999999999,0.091125,0.030625,0.1167499999999999,0.0973749999999999,0.177625,46103,South Dakota,Pennington,0.1159999999999999,64387.0,64.387,11.6,1.0,Mid-burden,3858,3950,0.0238465526179367,0.0238465526179367
south dakota,union,346.6,264.6,80.4,1.2,0.4,0.0,0.0,123.4,59.2,40.8,203.6,130.2,12.4,37.82910726521775,58.646767335516486,0.1098901098901099,3.414235289375644,0.3756491633006347,0.5874206578188113,SD,0.0834999999999999,0.0577499999999999,0.050875,0.0838749999999999,0.0275,0.105625,0.0862499999999999,0.15225,46127,South Dakota,Union,0.065,87314.0,87.314,6.5,0.0,Low-burden,510,538,0.0549019607843137,0.0549019607843137
tennessee,anderson,237.6,208.8,28.4,0.4,0.0,0.0,0.0,87.2,56.2,39.4,237.6,0.0,0.0,0.0,100.0,0.0,0.0,0.0,1.0,TN,0.10275,0.0752499999999999,0.0936249999999999,0.12275,0.036,0.173875,0.143125,0.222125,47001,Tennessee,Anderson,0.143,58633.0,58.633,14.3,2.0,High-burden,1575,1573,-0.0012698412698412,-0.0012698412698412
tennessee,blount,365.2,225.8,138.2,1.2,0.0,0.0,0.0,105.6,61.0,45.8,169.6,195.6,0.0,53.56164383561644,46.43835616438356,0.0,0.0,0.5355969331872946,0.4644030668127054,TN,0.10075,0.0709999999999999,0.0874999999999999,0.1155,0.033625,0.167375,0.1345,0.21,47009,Tennessee,Blount,0.0969999999999999,62724.0,62.724,9.7,0.0,Low-burden,2357,2428,0.0301230377598642,0.0301230377598642
tennessee,claiborne,349.4,333.2,16.2,0.0,0.0,0.0,0.0,75.2,46.2,34.2,349.4,0.0,0.0,0.0,100.0,0.0,0.0,0.0,1.0,TN,0.10925,0.0842499999999999,0.113,0.134,0.04025,0.19225,0.164875,0.259,47025,Tennessee,Claiborne,0.171,43331.0,43.331,17.1,2.0,High-burden,438,451,0.0296803652968036,0.0296803652968036
tennessee,davidson,365.2,163.8,198.8,2.4,0.2,0.0,0.0,123.4,65.6,51.8,62.0,296.0,0.0,81.05232427576915,16.97567183172393,1.972003892506924,0.0,0.8105147864184009,0.1697699890470974,TN,0.1013749999999999,0.05725,0.0671249999999999,0.11175,0.03075,0.160125,0.1185,0.1841249999999999,47037,Tennessee,Davidson,0.15,65463.0,65.463,15.0,2.0,High-burden,19881,21052,0.0589004577234545,0.0589004577234545
tennessee,dekalb,355.6,340.0,15.6,0.0,0.0,0.0,0.0,79.2,46.2,34.8,355.6,0.0,0.0,0.0,100.0,0.0,0.0,0.0,1.0,TN,0.1051249999999999,0.081,0.1065,0.133125,0.038375,0.1831249999999999,0.158875,0.2463749999999999,47041,Tennessee,Dekalb,0.155,45612.0,45.612,15.5,2.0,High-burden,292,308,0.0547945205479452,0.0547945205479452
tennessee,dyer,342.0,258.6,83.0,0.4,0.0,0.0,0.0,89.0,55.4,36.4,0.0,342.0,0.0,100.0,0.0,0.0,0.0,1.0,0.0,TN,0.108125,0.077375,0.1001249999999999,0.133125,0.038875,0.183875,0.15275,0.239,47045,Tennessee,Dyer,0.16,51499.0,51.499,16.0,2.0,High-burden,791,783,-0.0101137800252844,-0.0101137800252844
tennessee,hamilton,356.6,188.0,167.6,0.8,0.2,0.0,0.0,111.6,64.8,48.8,112.0,244.6,0.0,68.55308739186505,31.446912608134944,0.0,0.0,0.6859226023555804,0.3140773976444195,TN,0.1018749999999999,0.0655,0.0776249999999999,0.12,0.033375,0.160125,0.127,0.185875,47065,Tennessee,Hamilton,0.126,65689.0,65.689,12.6,2.0,High-burden,9032,9543,0.0565766164747564,0.0565766164747564
tennessee,jefferson,228.8,195.6,33.0,0.2,0.0,0.0,0.0,93.6,57.2,41.4,228.8,0.0,0.0,0.0,100.0,0.0,0.0,0.0,1.0,TN,0.104,0.0768749999999999,0.09875,0.124125,0.0365,0.17675,0.14725,0.229375,47089,Tennessee,Jefferson,0.147,50969.0,50.969,14.7,2.0,High-burden,704,741,0.0525568181818181,0.0525568181818181
tennessee,knox,364.0,211.0,151.8,1.2,0.0,0.0,0.0,107.4,63.2,46.6,112.0,237.8,14.2,65.24186762830945,30.8264407945696,0.0,3.9316915771209393,0.6532967032967033,0.3076923076923077,TN,0.1001249999999999,0.063125,0.0755,0.11175,0.0305,0.165875,0.121375,0.181125,47093,Tennessee,Knox,0.121,64817.0,64.817,12.1,0.0,Low-burden,11562,12035,0.0409098771838782,0.0409098771838782
tennessee,lawrence,326.4,262.4,64.0,0.0,0.0,0.0,0.0,78.4,54.0,33.2,0.0,326.4,0.0,100.0,0.0,0.0,0.0,1.0,0.0,TN,0.108,0.08225,0.11,0.130375,0.0392499999999999,0.189125,0.160125,0.255375,47099,Tennessee,Lawrence,0.136,49794.0,49.794,13.6,1.0,Mid-burden,734,757,0.0313351498637602,0.0313351498637602
tennessee,loudon,355.4,268.0,87.2,0.2,0.0,0.0,0.0,100.0,56.6,40.6,142.8,212.6,0.0,59.41866148171099,40.581338518289,0.0,0.0,0.598199212155318,0.4018007878446821,TN,0.0979999999999999,0.0769999999999999,0.0903749999999999,0.122125,0.03525,0.158625,0.136625,0.197125,47105,Tennessee,Loudon,0.096,72378.0,72.378,9.6,0.0,Low-burden,949,974,0.0263435194942044,0.0263435194942044
tennessee,madison,340.0,261.2,78.4,0.4,0.0,0.0,0.0,85.8,56.0,35.6,0.0,340.0,0.0,100.0,0.0,0.0,0.0,1.0,0.0,TN,0.106625,0.0731249999999999,0.0882499999999999,0.141125,0.0395,0.1725,0.142125,0.212375,47113,Tennessee,Madison,0.171,53954.0,53.954,17.1,2.0,High-burden,2526,2547,0.008313539192399,0.008313539192399
tennessee,maury,333.8,262.2,71.4,0.2,0.0,0.0,0.0,82.0,55.2,34.2,0.0,333.8,0.0,100.0,0.0,0.0,0.0,1.0,0.0,TN,0.1005,0.064875,0.080875,0.116375,0.03225,0.1665,0.12975,0.204625,47119,Tennessee,Maury,0.103,68425.0,68.425,10.3,1.0,Mid-burden,1789,1955,0.0927892677473448,0.0927892677473448
tennessee,mcminn,330.4,231.4,99.0,0.0,0.0,0.0,0.0,77.8,57.4,39.4,0.0,330.4,0.0,100.0,0.0,0.0,0.0,1.0,0.0,TN,0.106625,0.0805,0.104625,0.132375,0.0387499999999999,0.1831249999999999,0.154125,0.24625,47107,Tennessee,Mcminn,0.145,50480.0,50.48,14.499999999999998,2.0,High-burden,908,929,0.0231277533039647,0.0231277533039647
tennessee,montgomery,355.0,262.6,91.8,0.6,0.0,0.0,0.0,94.6,56.6,36.8,0.0,355.0,0.0,100.0,0.0,0.0,0.0,1.0,0.0,TN,0.102125,0.0558749999999999,0.0691249999999999,0.112375,0.0291249999999999,0.1695,0.1223749999999999,0.201,47125,Tennessee,Montgomery,0.108,63593.0,63.593,10.8,1.0,Mid-burden,2892,3220,0.1134163208852005,0.1134163208852005
tennessee,putnam,344.6,268.6,75.8,0.2,0.0,0.0,0.0,80.8,55.4,35.6,0.0,344.6,0.0,100.0,0.0,0.0,0.0,1.0,0.0,TN,0.10325,0.072375,0.0923749999999999,0.117625,0.034125,0.181375,0.1425,0.22275,47141,Tennessee,Putnam,0.1369999999999999,52138.0,52.138,13.699999999999998,1.0,Mid-burden,1825,1873,0.0263013698630137,0.0263013698630137
tennessee,roane,341.8,250.0,91.8,0.0,0.0,0.0,0.0,79.0,56.0,37.2,0.0,341.8,0.0,100.0,0.0,0.0,0.0,1.0,0.0,TN,0.102375,0.078625,0.09675,0.124875,0.036625,0.1714999999999999,0.144125,0.219125,47145,Tennessee,Roane,0.131,56355.0,56.355,13.1,1.0,Mid-burden,733,739,0.0081855388813096,0.0081855388813096
tennessee,sevier,363.6,308.0,54.6,1.0,0.0,0.0,0.0,98.6,57.8,42.6,363.6,0.0,0.0,0.0,100.0,0.0,0.0,0.0,1.0,TN,0.1032499999999999,0.077625,0.0992499999999999,0.12625,0.036625,0.177125,0.1495,0.2334999999999999,47155,Tennessee,Sevier,0.132,51771.0,51.771,13.2,2.0,High-burden,2798,2981,0.0654038598999285,0.0654038598999285
tennessee,shelby,365.2,191.4,169.6,3.8,0.4,0.0,0.0,149.0,66.6,48.8,120.8,242.2,0.2,66.31214911295756,33.08511116101504,0.547945205479452,0.0547945205479452,0.663198247535597,0.3307776560788609,TN,0.108625,0.064625,0.07875,0.14325,0.04025,0.16675,0.13675,0.195625,47157,Tennessee,Shelby,0.18,54931.0,54.931,18.0,2.0,High-burden,19541,19909,0.018832198966276,0.018832198966276
tennessee,sullivan,356.6,260.8,95.4,0.4,0.0,0.0,0.0,99.4,58.4,41.8,157.6,199.0,0.0,55.67634433565843,44.32365566434158,0.0,0.0,0.5580482333146383,0.4419517666853617,TN,0.106125,0.0786249999999999,0.0993749999999999,0.126,0.037125,0.177875,0.14725,0.222625,47163,Tennessee,Sullivan,0.171,49489.0,49.489,17.1,2.0,High-burden,3362,3338,-0.0071386079714455,-0.0071386079714455
tennessee,sumner,348.8,244.6,103.2,1.0,0.0,0.0,0.0,116.0,60.2,42.8,143.0,205.8,0.0,58.876700027045715,41.123299972954285,0.0,0.0,0.5900229357798166,0.4099770642201835,TN,0.0998749999999999,0.06375,0.0775,0.10825,0.030375,0.1615,0.12425,0.195375,47165,Tennessee,Sumner,0.086,71268.0,71.268,8.6,0.0,Low-burden,3228,3556,0.1016109045848822,0.1016109045848822
tennessee,williamson,237.8,216.0,21.6,0.2,0.0,0.0,0.0,82.0,51.2,39.4,237.8,0.0,0.0,0.0,100.0,0.0,0.0,0.0,1.0,TN,0.0877499999999999,0.04925,0.0523749999999999,0.0862499999999999,0.023,0.128375,0.091625,0.128125,47187,Tennessee,Williamson,0.04,123474.0,123.474,4.0,0.0,Low-burden,7118,8041,0.1296712559707783,0.1296712559707783
tennessee,wilson,229.2,208.4,20.4,0.4,0.0,0.0,0.0,84.2,50.8,37.4,229.2,0.0,0.0,0.0,100.0,0.0,0.0,0.0,1.0,TN,0.0962499999999999,0.06025,0.0716249999999999,0.104625,0.0287499999999999,0.1545,0.11675,0.18375,47189,Tennessee,Wilson,0.075,82489.0,82.489,7.5,0.0,Low-burden,2733,3051,0.1163556531284303,0.1163556531284303
texas,atascosa,285.0,181.0,103.5,0.0,0.5,0.0,0.0,122.5,64.0,40.5,0.0,285.0,0.0,100.0,0.0,0.0,0.0,1.0,0.0,TX,0.08625,0.06475,0.062625,0.139,0.031625,0.147875,0.132625,0.1635,48013,Texas,Atascosa,0.1639999999999999,57905.0,57.905,16.4,2.0,High-burden,811,811,0.0,0.0
texas,bell,365.2,267.2,94.8,3.2,0.0,0.0,0.0,126.2,62.4,41.8,272.8,92.2,0.0,25.234373830376523,74.71083164907553,0.0547945205479452,0.0,0.2524644030668127,0.746987951807229,TX,0.0943749999999999,0.0577499999999999,0.0612499999999999,0.118625,0.03075,0.1553749999999999,0.1195,0.174875,48027,Texas,Bell,0.143,58878.0,58.878,14.3,2.0,High-burden,5186,5596,0.0790590050134978,0.0790590050134978
texas,bexar,364.8,144.4,211.4,8.0,0.8,0.2,0.0,170.2,75.0,52.8,115.0,247.6,1.0,67.86385752880251,31.53234486423552,0.2748782972942375,0.2738228909349502,0.6787280701754386,0.3152412280701754,TX,0.087,0.0589999999999999,0.054625,0.13425,0.0292499999999999,0.145875,0.12125,0.14175,48029,Texas,Bexar,0.148,63014.0,63.014,14.800000000000002,2.0,High-burden,36401,38060,0.0455756709980495,0.0455756709980495
texas,bowie,344.2,178.0,165.4,0.8,0.0,0.0,0.0,104.6,61.2,49.4,0.0,344.2,0.0,100.0,0.0,0.0,0.0,1.0,0.0,TX,0.09825,0.0695,0.078875,0.127125,0.037625,0.161125,0.132875,0.198125,48037,Texas,Bowie,0.178,52934.0,52.934,17.8,2.0,High-burden,2224,2231,0.0031474820143884,0.0031474820143884
texas,brazoria,363.4,323.8,32.8,5.8,1.0,0.0,0.0,164.4,53.2,33.6,354.6,0.0,0.0,0.0,97.58167376539656,2.4183262346034304,0.0,0.0,0.97578425976885,TX,0.0838749999999999,0.053875,0.0537499999999999,0.115,0.027875,0.1362499999999999,0.106875,0.151875,48039,Texas,Brazoria,0.09,82165.0,82.165,9.0,0.0,Low-burden,5667,6224,0.0982883359802364,0.0982883359802364
texas,brazos,329.5,229.0,100.5,0.0,0.0,0.0,0.0,92.0,57.5,40.0,0.0,329.5,0.0,100.0,0.0,0.0,0.0,1.0,0.0,TX,0.0932499999999999,0.054375,0.0591249999999999,0.106375,0.02825,0.158625,0.112625,0.156,48041,Texas,Brazos,0.226,50494.0,50.494,22.6,2.0,High-burden,4382,4690,0.0702875399361022,0.0702875399361022
texas,brewster,360.6,287.8,72.6,0.2,0.0,0.0,0.0,95.0,56.0,41.4,270.2,90.4,0.0,25.056817020366474,74.94318297963352,0.0,0.0,0.2506932889628397,0.7493067110371602,TX,0.083625,0.0681249999999999,0.06175,0.128625,0.03175,0.13125,0.11875,0.1375,48043,Texas,Brewster,0.133,51197.0,51.197,13.3,2.0,High-burden,288,284,-0.0138888888888888,-0.0138888888888888
texas,cameron,365.2,185.8,177.6,1.2,0.6,0.0,0.0,112.0,67.8,49.8,88.2,277.0,0.0,75.84519799386182,24.15480200613818,0.0,0.0,0.7584884994523549,0.2415115005476451,TX,0.087,0.07375,0.066625,0.177,0.0375,0.157875,0.16025,0.163125,48061,Texas,Cameron,0.246,46436.0,46.436,24.6,2.0,High-burden,6377,6569,0.0301082013485965,0.0301082013485965
texas,collin,362.2,305.8,48.0,7.8,0.6,0.0,0.0,147.2,62.2,38.0,362.2,0.0,0.0,0.0,100.0,0.0,0.0,0.0,1.0,TX,0.0801249999999999,0.04625,0.0445,0.0912499999999999,0.02325,0.120375,0.0874999999999999,0.11725,48085,Texas,Collin,0.066,102119.0,102.119,6.6000000000000005,0.0,Low-burden,24118,28370,0.1762998590264532,0.1762998590264532
texas,culberson,165.8,129.2,33.6,3.0,0.0,0.0,0.0,108.2,58.8,35.6,72.8,93.0,0.0,63.64512791861343,36.35487208138657,0.0,0.0,0.5609167671893848,0.4390832328106152,TX,0.0938749999999999,0.0912499999999999,0.0867499999999999,0.195625,0.0454999999999999,0.166375,0.1805,0.20325,48109,Texas,Culberson,0.196,48217.0,48.217,19.6,2.0,High-burden,57,57,0.0,0.0
texas,dallas,365.2,183.2,172.4,8.8,0.8,0.0,0.0,150.6,72.4,49.8,142.6,209.2,0.6,57.28707238565761,39.04438955011602,3.5043042143873047,0.1642338498390598,0.5728368017524644,0.3904709748083242,TX,0.09125,0.0574999999999999,0.059625,0.124125,0.032375,0.146125,0.120375,0.159625,48113,Texas,Dallas,0.144,63549.0,63.549,14.400000000000002,2.0,High-burden,66633,69959,0.0499152071796257,0.0499152071796257
texas,denton,365.2,239.6,112.8,12.0,0.8,0.0,0.0,147.6,71.2,44.2,223.4,138.6,0.0,37.95164308705741,61.17209371958979,0.8762631933527958,0.0,0.3795180722891566,0.6117196056955093,TX,0.0841249999999999,0.0475,0.048,0.0924999999999999,0.023875,0.130375,0.0928749999999999,0.129375,48121,Texas,Denton,0.074,98027.0,98.027,7.400000000000001,0.0,Low-burden,15125,17919,0.1847272727272727,0.1847272727272727
texas,ector,347.2,262.0,85.2,0.0,0.0,0.0,0.0,91.0,56.0,36.8,0.0,347.2,0.0,100.0,0.0,0.0,0.0,1.0,0.0,TX,0.08725,0.0573749999999999,0.058875,0.12475,0.0289999999999999,0.15075,0.12575,0.168125,48135,Texas,Ector,0.166,58389.0,58.389,16.6,2.0,High-burden,3639,3782,0.039296510030228,0.039296510030228
texas,el paso,365.2,99.4,247.6,16.6,1.6,0.0,0.0,165.4,86.2,58.0,146.0,202.4,9.0,55.424956957856125,39.97739351747886,2.136088030541208,2.461561494123812,0.5542168674698795,0.3997809419496166,TX,0.0834999999999999,0.0607499999999999,0.05325,0.151,0.030875,0.147875,0.133125,0.144125,48141,Texas,El Paso,0.201,50983.0,50.983,20.1,2.0,High-burden,14569,15498,0.0637655295490425,0.0637655295490425
texas,ellis,364.8,232.6,129.6,2.6,0.0,0.0,0.0,113.8,61.8,45.4,153.6,207.2,0.0,56.78566899214879,42.11723052957767,1.097100478273538,0.0,0.5679824561403508,0.4210526315789473,TX,0.0906249999999999,0.0562499999999999,0.061625,0.10925,0.0292499999999999,0.146,0.1122499999999999,0.164875,48139,Texas,Ellis,0.088,87698.0,87.698,8.8,0.0,Low-burden,3002,3563,0.1868754163890739,0.1868754163890739
texas,fayette,341.5,282.5,59.0,0.0,0.0,0.0,0.0,90.0,55.5,33.5,0.0,341.5,0.0,100.0,0.0,0.0,0.0,1.0,0.0,TX,0.0898749999999999,0.075875,0.0793749999999999,0.1255,0.0365,0.1465,0.130375,0.172375,48149,Texas,Fayette,0.11,64711.0,64.711,11.0,1.0,Mid-burden,768,763,-0.0065104166666666,-0.0065104166666666
texas,galveston,360.6,263.0,91.6,5.8,0.0,0.2,0.0,149.2,63.0,41.0,222.6,134.4,1.4,37.28614954757624,61.718732557468286,0.6076081239651818,0.3875097709902809,0.3727121464226289,0.6173044925124791,TX,0.09,0.0589999999999999,0.061125,0.1169999999999999,0.030125,0.143625,0.112875,0.1645,48167,Texas,Galveston,0.121,77627.0,77.627,12.1,0.0,Low-burden,5913,6275,0.0612210383899881,0.0612210383899881
texas,gregg,363.6,337.8,25.6,0.2,0.0,0.0,0.0,90.6,48.0,33.2,357.6,0.0,0.0,0.0,98.35027776303242,1.6497222369675808,0.0,0.0,0.9834983498349836,TX,0.0998749999999999,0.0696249999999999,0.079125,0.129375,0.03725,0.16425,0.136625,0.194125,48183,Texas,Gregg,0.161,57608.0,57.608,16.1,1.0,Mid-burden,4054,4043,-0.0027133695115934,-0.0027133695115934
texas,harris,365.2,94.6,247.4,18.4,4.4,0.4,0.0,190.4,86.4,56.0,90.8,264.2,2.2,72.34373830376526,24.8626394191182,2.191032262893929,0.6025900142226214,0.7234392113910186,0.248630887185104,TX,0.08725,0.0572499999999999,0.0574999999999999,0.128125,0.031125,0.142125,0.119625,0.157125,48201,Texas,Harris,0.1639999999999999,63539.0,63.539,16.4,2.0,High-burden,102213,108434,0.0608630996057253,0.0608630996057253
texas,harrison,362.0,238.4,122.6,0.8,0.2,0.0,0.0,112.4,59.4,43.6,110.2,251.6,0.0,69.48922753514084,30.455827409914093,0.0549450549450549,0.0,0.6950276243093922,0.3044198895027624,TX,0.0995,0.0717499999999999,0.0809999999999999,0.130125,0.038625,0.161625,0.1357499999999999,0.1987499999999999,48203,Texas,Harrison,0.15,56645.0,56.645,15.0,2.0,High-burden,1281,1333,0.0405932864949258,0.0405932864949258
texas,hidalgo,364.4,193.2,168.6,2.2,0.4,0.0,0.0,116.4,69.6,48.8,77.2,287.2,0.0,78.81600975972492,21.183990240275072,0.0,0.0,0.7881448957189902,0.2118551042810099,TX,0.086875,0.0713749999999999,0.0653749999999999,0.1786249999999999,0.036125,0.158625,0.157625,0.1565,48215,Texas,Hidalgo,0.288,44260.0,44.26,28.800000000000004,2.0,High-burden,12117,12613,0.0409342246430634,0.0409342246430634
texas,hood,354.0,321.6,30.4,2.0,0.0,0.0,0.0,124.8,50.2,34.4,354.0,0.0,0.0,0.0,100.0,0.0,0.0,0.0,1.0,TX,0.08925,0.0698749999999999,0.07275,0.1105,0.032625,0.14225,0.118375,0.1625,48221,Texas,Hood,0.102,68911.0,68.911,10.2,1.0,Mid-burden,1320,1450,0.0984848484848484,0.0984848484848484
texas,hunt,364.4,342.2,21.4,0.6,0.2,0.0,0.0,106.2,47.0,33.4,361.0,0.0,0.0,0.0,99.06607047992024,0.933929520079772,0.0,0.0,0.990669593852909,TX,0.095875,0.06925,0.0787499999999999,0.119,0.0345,0.162,0.132375,0.19325,48231,Texas,Hunt,0.138,58326.0,58.326,13.8,1.0,Mid-burden,1506,1672,0.1102257636122178,0.1102257636122178
texas,jefferson,364.6,203.6,156.6,4.2,0.2,0.0,0.0,134.8,67.0,47.8,135.0,229.6,0.0,62.96901769878109,37.03098230121891,0.0,0.0,0.6297312122874382,0.3702687877125616,TX,0.096875,0.0674999999999999,0.074625,0.1402499999999999,0.03875,0.156625,0.134875,0.19525,48245,Texas,Jefferson,0.192,55575.0,55.575,19.2,2.0,High-burden,5712,5694,-0.0031512605042016,-0.0031512605042016
texas,johnson,356.0,304.8,45.0,6.0,0.2,0.0,0.0,137.4,60.8,37.0,356.0,0.0,0.0,0.0,100.0,0.0,0.0,0.0,1.0,TX,0.092,0.0624999999999999,0.0713749999999999,0.112625,0.030875,0.15375,0.123375,0.184375,48251,Texas,Johnson,0.098,76226.0,76.226,9.8,0.0,Low-burden,2833,3177,0.1214260501235439,0.1214260501235439
texas,karnes,363.5,363.5,0.0,0.0,0.0,0.0,0.0,29.0,16.5,6.0,0.0,0.0,0.0,0.0,0.0,100.0,0.0,0.0,0.0,TX,0.0857499999999999,0.0677499999999999,0.0684999999999999,0.138,0.03375,0.151125,0.137,0.1846249999999999,48255,Texas,Karnes,0.221,48470.0,48.47,22.1,1.0,Mid-burden,346,332,-0.0404624277456647,-0.0404624277456647
texas,kaufman,365.2,262.6,102.0,0.6,0.0,0.0,0.0,109.0,58.8,41.8,174.6,189.2,0.0,51.8068717718392,47.810015719739496,0.383112508421289,0.0,0.5180722891566265,0.4780941949616648,TX,0.09275,0.0584999999999999,0.0663749999999999,0.111375,0.0305,0.15325,0.119625,0.17725,48257,Texas,Kaufman,0.089,73660.0,73.66,8.9,0.0,Low-burden,1955,2371,0.2127877237851662,0.20333112768049624
texas,kleberg,329.6,190.2,137.2,1.6,0.6,0.0,0.0,126.8,65.8,45.0,0.0,329.6,0.0,100.0,0.0,0.0,0.0,1.0,0.0,TX,0.0868749999999999,0.0632499999999999,0.0569999999999999,0.14375,0.031125,0.1525,0.1325,0.1513749999999999,48273,Texas,Kleberg,0.246,49226.0,49.226,24.6,2.0,High-burden,562,533,-0.0516014234875444,-0.0516014234875444
texas,lubbock,334.4,279.4,54.6,0.4,0.0,0.0,0.0,99.6,53.8,31.4,0.0,334.4,0.0,100.0,0.0,0.0,0.0,1.0,0.0,TX,0.0924999999999999,0.0597499999999999,0.0624999999999999,0.11775,0.029875,0.15725,0.1205,0.1595,48303,Texas,Lubbock,0.161,57270.0,57.27,16.1,1.0,Mid-burden,7202,7678,0.0660927520133296,0.0660927520133296
texas,maverick,347.0,250.0,96.6,0.2,0.2,0.0,0.0,107.4,59.6,36.6,0.0,347.0,0.0,100.0,0.0,0.0,0.0,1.0,0.0,TX,0.0886249999999999,0.0718749999999999,0.06325,0.1796249999999999,0.036125,0.162125,0.16275,0.173125,48323,Texas,Maverick,0.205,41815.0,41.815,20.5,2.0,High-burden,807,834,0.0334572490706319,0.0334572490706319
texas,mclennan,320.0,260.2,59.6,0.2,0.0,0.0,0.0,98.8,55.8,38.8,220.0,98.6,0.0,29.592540599737237,69.8677913767066,0.2072538860103628,0.0,0.308125,0.6875,TX,0.0965,0.065875,0.0727499999999999,0.12375,0.034375,0.161125,0.130625,0.17875,48309,Texas,Mclennan,0.147,58524.0,58.524,14.7,2.0,High-burden,5302,5559,0.0484722746133534,0.0484722746133534
texas,montgomery,363.6,228.4,128.4,6.4,0.4,0.0,0.0,143.8,66.6,45.0,168.2,194.6,0.0,53.54072738117433,46.23994235025383,0.2193302685718422,0.0,0.5352035203520351,0.4625962596259625,TX,0.087125,0.0561249999999999,0.0595,0.10375,0.027625,0.141125,0.107875,0.15125,48339,Texas,Montgomery,0.105,87831.0,87.831,10.5,0.0,Low-burden,11692,13580,0.1614779336298323,0.1614779336298323
texas,navarro,364.4,259.4,103.6,1.4,0.0,0.0,0.0,107.6,61.2,42.4,180.2,183.0,0.0,50.19565441376301,49.47542628336754,0.3289193028694488,0.0,0.5021953896816685,0.4945115257958287,TX,0.098375,0.074375,0.0836249999999999,0.138375,0.03875,0.164,0.143875,0.2012499999999999,48349,Texas,Navarro,0.16,51015.0,51.015,16.0,2.0,High-burden,951,938,-0.0136698212407991,-0.0136698212407991
texas,nueces,363.4,211.2,151.2,0.6,0.4,0.0,0.0,115.6,65.8,46.2,120.4,242.8,0.2,66.80881652527998,33.13623841977496,0.0,0.0549450549450549,0.6681342872867364,0.3313153549807375,TX,0.0876249999999999,0.063,0.0605,0.138875,0.03125,0.151125,0.130375,0.159,48355,Texas,Nueces,0.182,59337.0,59.337,18.2,2.0,High-burden,8025,8005,-0.0024922118380062,-0.0024922118380062
texas,orange,362.2,222.4,138.0,1.8,0.0,0.0,0.0,102.0,61.8,44.8,108.2,253.4,0.0,69.96550446482492,29.86966037033992,0.1648351648351648,0.0,0.699613473219216,0.2987299834345666,TX,0.0957499999999999,0.068,0.0797499999999999,0.116875,0.034125,0.165125,0.12925,0.2035,48361,Texas,Orange,0.125,65908.0,65.908,12.5,0.0,Low-burden,1316,1321,0.0037993920972644,0.0037993920972644
texas,parker,359.6,321.2,36.6,1.6,0.2,0.0,0.0,125.4,51.8,36.0,359.6,0.0,0.0,0.0,100.0,0.0,0.0,0.0,1.0,TX,0.0901249999999999,0.061125,0.0672499999999999,0.1006249999999999,0.0291249999999999,0.146875,0.113625,0.1707499999999999,48367,Texas,Parker,0.079,85613.0,85.613,7.9,0.0,Low-burden,2773,3209,0.1572304363505229,0.1572304363505229
texas,polk,352.8,342.8,10.0,0.0,0.0,0.0,0.0,80.6,43.8,30.8,352.8,0.0,0.0,0.0,100.0,0.0,0.0,0.0,1.0,TX,0.0964999999999999,0.078875,0.091875,0.136125,0.0388749999999999,0.16625,0.1475,0.222625,48373,Texas,Polk,0.1689999999999999,50827.0,50.827,16.9,1.0,Mid-burden,764,829,0.0850785340314136,0.0850785340314136
texas,potter,346.6,307.6,38.8,0.2,0.0,0.0,0.0,87.2,50.6,28.0,0.0,346.6,0.0,100.0,0.0,0.0,0.0,1.0,0.0,TX,0.0949999999999999,0.0727499999999999,0.0809999999999999,0.142625,0.037375,0.16675,0.148125,0.20675,48375,Texas,Potter,0.207,45904.0,45.904,20.7,2.0,High-burden,3509,3498,-0.0031347962382445,-0.0031347962382445
texas,randall,358.6,279.4,76.2,3.0,0.0,0.0,0.0,107.6,64.8,42.2,358.6,0.0,0.0,0.0,100.0,0.0,0.0,0.0,1.0,TX,0.087375,0.055625,0.058625,0.0987499999999999,0.027,0.14125,0.1061249999999999,0.149625,48381,Texas,Randall,0.091,72082.0,72.082,9.1,0.0,Low-burden,2639,2753,0.0431981811292156,0.0431981811292156
texas,rockwall,331.8,311.8,18.2,1.8,0.0,0.0,0.0,113.2,46.8,32.6,331.8,0.0,0.0,0.0,100.0,0.0,0.0,0.0,1.0,TX,0.0847499999999999,0.049875,0.0505,0.09075,0.02425,0.1305,0.0944999999999999,0.132375,48397,Texas,Rockwall,0.051,120696.0,120.696,5.1,0.0,Low-burden,2269,2765,0.2185985015425297,0.20333112768049624
texas,smith,363.8,334.2,29.0,0.6,0.0,0.0,0.0,103.8,49.6,34.8,358.6,0.0,0.0,0.0,98.56867645319578,1.4313235468042245,0.0,0.0,0.9857064321055524,TX,0.0961249999999999,0.066375,0.071625,0.1215,0.034375,0.154,0.125375,0.173,48423,Texas,Smith,0.13,62903.0,62.903,13.0,1.0,Mid-burden,5822,6073,0.043112332531776,0.043112332531776
texas,tarrant,365.2,166.6,183.4,13.6,1.4,0.2,0.0,164.8,78.2,51.8,142.2,216.4,0.0,59.25353694138782,38.939291863163405,1.807171195448761,0.0,0.5925520262869661,0.3893756845564074,TX,0.0914999999999999,0.0552499999999999,0.059375,0.11475,0.0295,0.14425,0.115875,0.152625,48439,Texas,Tarrant,0.1159999999999999,71399.0,71.399,11.6,0.0,Low-burden,42162,45993,0.0908638110146577,0.0908638110146577
texas,travis,365.2,177.2,184.4,3.4,0.2,0.0,0.0,123.0,67.0,51.2,105.8,253.2,1.0,69.3298899618235,28.972078748409313,1.4242083988322478,0.2738228909349502,0.6933187294633077,0.2897042716319825,TX,0.0823749999999999,0.0476249999999999,0.045,0.090125,0.023875,0.130125,0.094125,0.120875,48453,Texas,Travis,0.1119999999999999,84519.0,84.519,11.2,0.0,Low-burden,35717,39991,0.1196629056191729,0.1196629056191729
texas,victoria,333.8,315.2,18.2,0.4,0.0,0.0,0.0,97.8,45.2,31.0,333.8,0.0,0.0,0.0,100.0,0.0,0.0,0.0,1.0,TX,0.0884999999999999,0.066,0.0673749999999999,0.13325,0.033,0.151375,0.132125,0.170375,48469,Texas,Victoria,0.162,57142.0,57.142,16.2,1.0,Mid-burden,2310,2230,-0.0346320346320346,-0.0346320346320346
texas,webb,317.2,177.0,139.0,1.0,0.2,0.0,0.0,113.0,68.4,47.6,75.8,240.2,1.0,75.28559894813088,24.260131026082043,0.0,0.3412756755045962,0.757250945775536,0.2389659520807061,TX,0.0884999999999999,0.06625,0.0588749999999999,0.168,0.033375,0.157125,0.153625,0.163875,48479,Texas,Webb,0.226,50865.0,50.865,22.6,2.0,High-burden,5434,5698,0.048582995951417,0.048582995951417
texas,wilson,364.0,364.0,0.0,0.0,0.0,0.0,0.0,30.5,17.0,7.0,0.0,0.0,0.0,0.0,0.0,100.0,0.0,0.0,0.0,TX,0.0854999999999999,0.0614999999999999,0.061375,0.119375,0.0295,0.141125,0.118,0.1558749999999999,48493,Texas,Wilson,0.098,78794.0,78.794,9.8,1.0,Mid-burden,708,784,0.1073446327683615,0.1073446327683615
utah,box elder,362.4,261.0,95.6,5.4,0.4,0.0,0.0,138.4,67.2,43.8,290.8,53.4,0.0,14.63645943097998,80.32577809879479,5.037762470225242,0.0,0.1473509933774834,0.8024282560706403,UT,0.1013749999999999,0.0554999999999999,0.0547499999999999,0.091875,0.028,0.14925,0.114125,0.1095,49003,Utah,Box Elder,0.08,69538.0,69.538,8.0,0.0,Low-burden,1164,1291,0.109106529209622,0.109106529209622
utah,cache,365.2,218.0,135.8,9.8,1.6,0.0,0.0,148.6,74.8,46.8,217.4,141.4,6.4,38.71292761434239,59.53619282880455,0.0,1.750879556853058,0.3871851040525739,0.595290251916758,UT,0.1011249999999999,0.048375,0.0486249999999999,0.084125,0.0253749999999999,0.153625,0.108125,0.0942499999999999,49005,Utah,Cache,0.11,69670.0,69.67,11.0,0.0,Low-burden,3449,3833,0.1113366193099449,0.1113366193099449
utah,carbon,361.6,266.2,91.8,3.2,0.4,0.0,0.0,112.2,66.6,44.8,345.8,8.4,0.0,2.301369863013698,95.6618696372121,2.0367604997741986,0.0,0.0232300884955752,0.9563053097345132,UT,0.108,0.0636249999999999,0.065125,0.107375,0.03275,0.1585,0.1315,0.13,49007,Utah,Carbon,0.159,50503.0,50.503,15.9,2.0,High-burden,489,474,-0.0306748466257668,-0.0306748466257668
utah,davis,365.2,207.0,140.8,16.8,0.6,0.0,0.0,144.6,85.6,47.6,234.6,108.0,0.4,29.56718317239314,64.24597649524665,6.077251291264316,0.1095890410958904,0.2957283680175246,0.6423877327491785,UT,0.099875,0.04375,0.041875,0.0813749999999999,0.02275,0.13725,0.0965,0.0808749999999999,49011,Utah,Davis,0.064,93260.0,93.26,6.4,0.0,Low-burden,7332,8282,0.1295690125477359,0.1295690125477359
utah,duchesne,365.2,231.0,125.4,7.2,1.6,0.0,0.0,148.4,73.0,46.8,298.4,66.6,0.0,18.230556179354743,81.7146493000973,0.0547945205479452,0.0,0.1823658269441402,0.8170865279299014,UT,0.105875,0.060625,0.0656249999999999,0.0993749999999999,0.031625,0.159875,0.12675,0.13925,49013,Utah,Duchesne,0.131,63327.0,63.327,13.1,2.0,High-burden,628,642,0.0222929936305732,0.0222929936305732
utah,garfield,326.2,259.4,65.6,1.2,0.0,0.0,0.0,99.2,62.0,43.2,306.4,19.8,0.0,7.513297054411043,92.48670294558896,0.0,0.0,0.0606989576946658,0.939301042305334,UT,0.1002499999999999,0.0686249999999999,0.06575,0.10825,0.034,0.14625,0.1265,0.118125,49017,Utah,Garfield,0.099,56943.0,56.943,9.9,0.0,Low-burden,170,197,0.1588235294117647,0.1588235294117647
utah,iron,365.25,293.75,70.5,0.75,0.25,0.0,0.0,109.5,59.5,42.0,288.25,65.75,0.0,18.000037427951195,78.9215135863463,3.078448985702523,0.0,0.1800136892539356,0.7891854893908282,UT,0.105625,0.0589999999999999,0.06125,0.0982499999999999,0.03025,0.160375,0.12325,0.119,49021,Utah,Iron,0.133,61421.0,61.421,13.3,2.0,High-burden,1432,1756,0.2262569832402234,0.20333112768049624
utah,salt lake,365.2,129.0,201.6,31.8,2.6,0.2,0.0,170.4,99.2,58.4,217.2,123.8,4.8,33.89130922973276,59.482296579085265,5.311924545250393,1.3144696459315817,0.3389923329682366,0.5947426067907996,UT,0.1016249999999999,0.0458749999999999,0.046,0.089625,0.024375,0.1495,0.103375,0.0961249999999999,49035,Utah,Salt Lake,0.088,80676.0,80.676,8.8,0.0,Low-burden,32360,34648,0.0707045735475896,0.0707045735475896
utah,san juan,359.4,272.8,83.0,2.8,0.2,0.6,0.0,144.2,64.2,43.8,355.6,3.8,0.0,1.0656290329426183,98.9343709670574,0.0,0.0,0.0105731775180856,0.9894268224819144,UT,0.12175,0.0781249999999999,0.08075,0.144,0.0452499999999999,0.18175,0.16625,0.16575,49037,Utah,San Juan,0.268,48071.0,48.071,26.8,2.0,High-burden,245,260,0.0612244897959183,0.0612244897959183
utah,tooele,365.2,236.2,119.0,9.4,0.6,0.0,0.0,144.2,73.8,45.0,252.2,112.4,0.0,30.775058013324347,69.0607081368366,0.1642338498390598,0.0,0.307776560788609,0.6905805038335159,UT,0.1011249999999999,0.0482499999999999,0.050375,0.091125,0.02525,0.1515,0.110375,0.111875,49045,Utah,Tooele,0.0559999999999999,90591.0,90.591,5.6,0.0,Low-burden,887,1068,0.2040586245772266,0.20333112768049624
utah,uintah,365.2,185.8,164.4,11.8,2.6,0.6,0.0,171.8,82.6,50.8,332.8,32.4,0.0,8.868029044090127,91.13197095590988,0.0,0.0,0.0887185104052574,0.9112814895947426,UT,0.108875,0.061375,0.065375,0.10475,0.032,0.161375,0.13075,0.14125,49047,Utah,Uintah,0.119,64105.0,64.105,11.9,0.0,Low-burden,1058,1052,-0.0056710775047258,-0.0056710775047258
utah,utah,365.2,192.0,159.4,11.8,2.0,0.0,0.0,146.4,83.0,49.6,240.8,115.2,1.8,31.537240811437982,65.94251066696609,2.0272475484691967,0.4930009731267309,0.3154435925520263,0.6593647316538883,UT,0.0947499999999999,0.043375,0.0404999999999999,0.077,0.022625,0.137875,0.0949999999999999,0.06675,49049,Utah,Utah,0.081,86597.0,86.597,8.1,0.0,Low-burden,13523,16210,0.1986985136434223,0.1986985136434223
utah,washington,365.2,258.8,104.8,1.4,0.2,0.0,0.0,115.4,66.6,44.6,328.8,36.2,0.0,9.910622052548844,90.03458342690321,0.0547945205479452,0.0,0.0991237677984666,0.9003285870755751,UT,0.096625,0.06125,0.0567499999999999,0.09525,0.031,0.1397499999999999,0.1168749999999999,0.093125,49053,Utah,Washington,0.094,63639.0,63.639,9.4,0.0,Low-burden,5076,6500,0.2805358550039401,0.20333112768049624
utah,wayne,114.8,110.4,4.4,0.0,0.0,0.0,0.0,65.0,30.0,11.2,0.0,114.8,0.0,100.0,0.0,0.0,0.0,1.0,0.0,UT,0.1001249999999999,0.0651249999999999,0.0636249999999999,0.1026249999999999,0.032375,0.144375,0.121125,0.113125,49055,Utah,Wayne,0.111,57768.0,57.768,11.1,1.0,Mid-burden,91,110,0.2087912087912088,0.20333112768049624
utah,weber,353.6,205.8,134.8,12.2,0.8,0.0,0.0,142.6,80.6,47.4,220.4,100.4,5.0,28.32103610140889,62.49282613486521,7.7059272787995,1.370320375036297,0.2839366515837104,0.6233031674208145,UT,0.102375,0.0506249999999999,0.05225,0.094125,0.0265,0.149,0.1121249999999999,0.11125,49057,Utah,Weber,0.093,72348.0,72.348,9.3,0.0,Low-burden,5411,6088,0.1251155054518573,0.1251155054518573
vermont,bennington,365.0,316.6,47.8,0.6,0.0,0.0,0.0,97.0,52.6,37.0,233.0,132.0,0.0,36.16598350373334,63.83401649626667,0.0,0.0,0.3616438356164383,0.6383561643835617,VT,0.108625,0.0641249999999999,0.06875,0.0885,0.031125,0.145125,0.111,0.157875,50003,Vermont,Bennington,0.125,65185.0,65.185,12.5,1.0,Mid-burden,1373,1297,-0.0553532410779315,-0.0553532410779315
vermont,chittenden,365.2,300.6,64.4,0.2,0.0,0.0,0.0,94.6,54.4,39.0,207.4,157.0,0.2,42.98974474137286,56.791077176435365,0.1643835616438356,0.0547945205479452,0.4299014238773275,0.567907995618839,VT,0.1016249999999999,0.04825,0.050875,0.0679999999999999,0.024,0.135625,0.091125,0.119125,50007,Vermont,Chittenden,0.1,84290.0,84.29,10.0,0.0,Low-burden,5690,5636,-0.0094903339191564,-0.0094903339191564
vermont,rutland,365.2,272.2,92.8,0.2,0.0,0.0,0.0,95.4,59.2,39.6,160.0,203.8,0.2,55.80432667115802,43.81211168500637,0.1643835616438356,0.0547945205479452,0.5580503833515882,0.4381161007667032,VT,0.107375,0.0626249999999999,0.0685,0.0858749999999999,0.0305,0.1485,0.1119999999999999,0.163375,50021,Vermont,Rutland,0.105,59916.0,59.916,10.5,1.0,Mid-burden,2119,1986,-0.0627654554034922,-0.0627654554034922
vermont,windham,114.0,111.4,2.6,0.0,0.0,0.0,0.0,52.2,29.8,12.0,0.0,114.0,0.0,100.0,0.0,0.0,0.0,1.0,0.0,VT,0.105125,0.0631249999999999,0.0683749999999999,0.0829999999999999,0.0315,0.144,0.1112499999999999,0.15875,50025,Vermont,Windham,0.113,64381.0,64.381,11.3,1.0,Mid-burden,1679,1646,-0.019654556283502,-0.019654556283502
virginia,albemarle,332.4,265.6,66.8,0.0,0.0,0.0,0.0,81.4,54.8,40.6,164.2,168.2,0.0,49.114495895568595,50.885504104431405,0.0,0.0,0.5060168471720818,0.4939831528279181,VA,0.089375,0.05275,0.05425,0.088625,0.02575,0.124,0.0915,0.12475,51003,Virginia,Albemarle,0.07,91849.0,91.849,7.000000000000001,0.0,Low-burden,2808,2874,0.0235042735042735,0.0235042735042735
virginia,arlington,365.2,305.4,57.8,2.0,0.0,0.0,0.0,110.8,57.0,37.4,233.0,62.8,0.0,17.196347031963466,63.795643386481025,18.84377573171644,0.0,0.171960569550931,0.6380065717415115,VA,0.08175,0.03825,0.034875,0.07425,0.019,0.1059999999999999,0.07075,0.0915,51013,Virginia,Arlington,0.079,124474.0,124.474,7.9,0.0,Low-burden,6386,6326,-0.009395552771688,-0.009395552771688
virginia,caroline,237.6,223.6,13.6,0.4,0.0,0.0,0.0,85.4,48.0,36.6,237.6,0.0,0.0,0.0,100.0,0.0,0.0,0.0,1.0,VA,0.0996249999999999,0.06075,0.0698749999999999,0.116375,0.0345,0.146875,0.1161249999999999,0.1855,51033,Virginia,Caroline,0.109,73390.0,73.39,10.9,0.0,Low-burden,390,406,0.041025641025641,0.041025641025641
virginia,carroll,59.2,59.2,0.0,0.0,0.0,0.0,0.0,21.4,15.0,8.4,0.0,0.0,59.2,0.0,0.0,0.0,100.0,0.0,0.0,VA,0.1007499999999999,0.079625,0.0971249999999999,0.121,0.03875,0.161,0.141625,0.217,51035,Virginia,Carroll,0.146,45956.0,45.956,14.6,1.0,Mid-burden,413,408,-0.0121065375302663,-0.0121065375302663
virginia,chesterfield,279.0,243.4,35.4,0.2,0.0,0.0,0.0,80.6,51.8,37.6,200.0,79.0,0.0,28.325681727559875,71.67431827244013,0.0,0.0,0.2831541218637993,0.7168458781362007,VA,0.09475,0.05225,0.0574999999999999,0.1047499999999999,0.02775,0.132375,0.09875,0.14375,51041,Virginia,Chesterfield,0.074,86101.0,86.101,7.400000000000001,0.0,Low-burden,7465,7838,0.0499665103817816,0.0499665103817816
virginia,fairfax,365.2,209.0,154.6,1.6,0.0,0.0,0.0,108.0,62.8,47.4,102.4,249.6,0.0,68.34688225166555,28.038026798413057,3.615090949921401,0.0,0.683461117196057,0.2803943044906901,VA,0.079625,0.0438749999999999,0.040625,0.0852499999999999,0.022375,0.105875,0.0777499999999999,0.098875,51059,Virginia,Fairfax,0.071,133845.0,133.845,7.1,0.0,Low-burden,31388,31808,0.0133809099018733,0.0133809099018733
virginia,fauquier,240.2,233.2,7.0,0.0,0.0,0.0,0.0,70.6,45.2,34.0,240.2,0.0,0.0,0.0,100.0,0.0,0.0,0.0,1.0,VA,0.090625,0.053875,0.0587499999999999,0.093125,0.026875,0.131375,0.0987499999999999,0.144375,51061,Virginia,Fauquier,0.065,106714.0,106.714,6.5,0.0,Low-burden,1899,1917,0.0094786729857819,0.0094786729857819
virginia,frederick,345.4,253.6,91.8,0.0,0.0,0.0,0.0,88.4,56.6,41.4,124.0,221.4,0.0,63.89344648817939,36.106553511820614,0.0,0.0,0.6409959467284309,0.3590040532715692,VA,0.0921249999999999,0.0588749999999999,0.066875,0.096625,0.0288749999999999,0.1395,0.10825,0.165375,51069,Virginia,Frederick,0.075,85262.0,85.262,7.5,0.0,Low-burden,1536,1607,0.0462239583333333,0.0462239583333333
virginia,giles,347.8,323.2,24.4,0.2,0.0,0.0,0.0,83.8,48.8,38.2,347.8,0.0,0.0,0.0,100.0,0.0,0.0,0.0,1.0,VA,0.0978749999999999,0.0705,0.0837499999999999,0.109625,0.03425,0.15325,0.127125,0.198,51071,Virginia,Giles,0.118,55018.0,55.018,11.8,1.0,Mid-burden,285,285,0.0,0.0
virginia,hanover,241.8,222.2,19.6,0.0,0.0,0.0,0.0,85.0,50.4,38.4,241.8,0.0,0.0,0.0,100.0,0.0,0.0,0.0,1.0,VA,0.0913749999999999,0.0542499999999999,0.058625,0.09125,0.027,0.13,0.096,0.1445,51085,Virginia,Hanover,0.067,95195.0,95.195,6.7,0.0,Low-burden,3204,3306,0.0318352059925093,0.0318352059925093
virginia,henrico,364.4,267.4,96.4,0.4,0.2,0.0,0.0,116.8,57.2,41.6,168.6,189.8,0.0,52.061410297573865,46.28825956315085,1.3202032368682022,0.0,0.5208562019758508,0.4626783754116356,VA,0.094375,0.0521249999999999,0.05525,0.106875,0.0295,0.13025,0.099375,0.1445,51087,Virginia,Henrico,0.07,78888.0,78.888,7.000000000000001,0.0,Low-burden,9444,9477,0.0034942820838627,0.0034942820838627
virginia,loudoun,359.4,308.6,50.2,0.6,0.0,0.0,0.0,107.0,53.4,36.4,243.4,59.8,0.0,16.642959643476082,67.6067603059402,15.750280050583717,0.0,0.1663884251530328,0.6772398441847525,VA,0.0796249999999999,0.04075,0.0386249999999999,0.0811249999999999,0.020375,0.1074999999999999,0.07575,0.10075,51107,Virginia,Loudoun,0.036,153716.0,153.716,3.6000000000000005,0.0,Low-burden,10605,11720,0.1051390853371051,0.1051390853371051
virginia,madison,361.6,321.4,40.2,0.0,0.0,0.0,0.0,77.0,51.2,39.4,317.2,44.4,0.0,12.283742241366928,87.71625775863308,0.0,0.0,0.122787610619469,0.8772123893805309,VA,0.0987499999999999,0.0707499999999999,0.082375,0.11675,0.036125,0.1508749999999999,0.12575,0.189,51113,Virginia,Madison,0.094,67527.0,67.527,9.4,0.0,Low-burden,269,281,0.0446096654275092,0.0446096654275092
virginia,pittsylvania,335.0,335.0,0.0,0.0,0.0,0.0,0.0,21.0,7.0,3.0,0.0,0.0,0.0,0.0,0.0,100.0,0.0,0.0,0.0,VA,0.105375,0.077375,0.092125,0.13675,0.0422499999999999,0.1595,0.141875,0.2125,51143,Virginia,Pittsylvania,0.131,52006.0,52.006,13.1,1.0,Mid-burden,845,853,0.0094674556213017,0.0094674556213017
virginia,prince edward,355.4,346.0,9.4,0.0,0.0,0.0,0.0,75.2,44.4,33.0,355.4,0.0,0.0,0.0,100.0,0.0,0.0,0.0,1.0,VA,0.107125,0.0643749999999999,0.07675,0.124875,0.03775,0.16425,0.12625,0.194,51147,Virginia,Prince Edward,0.187,51239.0,51.239,18.7,2.0,High-burden,528,500,-0.053030303030303,-0.053030303030303
virginia,prince william,359.2,337.2,21.8,0.2,0.0,0.0,0.0,98.0,47.6,33.8,287.8,0.0,0.0,0.0,80.0713409556815,19.928659044318486,0.0,0.0,0.8012249443207128,VA,0.08925,0.0467499999999999,0.0483749999999999,0.1016249999999999,0.025625,0.126,0.093875,0.13175,51153,Virginia,Prince William,0.064,116354.0,116.354,6.4,0.0,Low-burden,8233,9022,0.0958338394266974,0.0958338394266974
virginia,richmond city,363.6,256.6,106.8,0.2,0.0,0.0,0.0,88.0,57.0,39.8,0.0,298.4,0.0,82.07852752161732,0.0,17.207481184019443,0.0,0.8206820682068205,0.0,VA,0.10825,0.05925,0.0681249999999999,0.12575,0.037375,0.161375,0.1215,0.178875,51760,Virginia,Richmond City,0.211,52011.0,52.011,21.1,2.0,High-burden,6176,6419,0.0393458549222797,0.0393458549222797
virginia,roanoke,365.2,270.0,95.0,0.2,0.0,0.0,0.0,83.2,56.6,41.6,125.8,226.2,0.0,61.933677670484315,34.450333108765626,3.561194700202111,0.0,0.6193866374589266,0.3444687842278204,VA,0.0914999999999999,0.059875,0.065625,0.1012499999999999,0.029375,0.134375,0.10525,0.154625,51161,Virginia,Roanoke,0.081,73438.0,73.438,8.1,0.0,Low-burden,2029,2051,0.0108427796944307,0.0108427796944307
virginia,rockbridge,278.8,263.0,15.8,0.0,0.0,0.0,0.0,71.8,47.0,34.6,215.8,63.0,0.0,22.623786089808377,77.37621391019164,0.0,0.0,0.2259684361549497,0.7740315638450502,VA,0.09825,0.075875,0.0856249999999999,0.114625,0.036625,0.149375,0.128375,0.1855,51163,Virginia,Rockbridge,0.102,59252.0,59.252,10.2,1.0,Mid-burden,426,439,0.0305164319248826,0.0305164319248826
virginia,rockingham,364.2,328.2,36.0,0.0,0.0,0.0,0.0,80.4,50.0,35.4,211.2,62.6,0.0,17.186610815502473,57.990414732631415,24.82297445186611,0.0,0.171883580450302,0.5799011532125206,VA,0.0951249999999999,0.0634999999999999,0.074625,0.1035,0.03125,0.146,0.117125,0.1714999999999999,51165,Virginia,Rockingham,0.083,72392.0,72.392,8.3,0.0,Low-burden,1491,1554,0.0422535211267605,0.0422535211267605
virginia,stafford,295.4,280.6,14.4,0.4,0.0,0.0,0.0,96.2,47.8,35.8,284.6,0.0,10.8,0.0,95.8257384443328,0.0,4.174261555667185,0.0,0.963439404197698,VA,0.0902499999999999,0.0469999999999999,0.049625,0.0921249999999999,0.024625,0.12775,0.091375,0.134875,51179,Virginia,Stafford,0.054,116569.0,116.569,5.4,0.0,Low-burden,2331,2509,0.0763620763620763,0.0763620763620763
virginia,wythe,240.2,226.2,14.0,0.0,0.0,0.0,0.0,72.8,48.8,38.8,240.2,0.0,0.0,0.0,100.0,0.0,0.0,0.0,1.0,VA,0.0999999999999999,0.0735,0.0894999999999999,0.11475,0.036375,0.15925,0.13325,0.206875,51197,Virginia,Wythe,0.1689999999999999,51206.0,51.206,16.9,2.0,High-burden,685,677,-0.0116788321167883,-0.0116788321167883
washington,adams,359.0,325.6,26.6,2.4,3.4,1.0,0.0,189.6,48.0,17.6,0.0,359.0,0.0,100.0,0.0,0.0,0.0,1.0,0.0,WA,0.11,0.0695,0.07175,0.131875,0.036625,0.16525,0.15825,0.167,53001,Washington,Adams,0.16,57405.0,57.405,16.0,1.0,Mid-burden,358,377,0.053072625698324,0.053072625698324
washington,asotin,342.8,219.0,112.6,6.8,2.4,1.8,0.2,232.0,71.8,39.4,0.0,342.8,0.0,100.0,0.0,0.0,0.0,1.0,0.0,WA,0.112625,0.07125,0.077125,0.107375,0.036375,0.159,0.1382499999999999,0.17575,53003,Washington,Asotin,0.139,56438.0,56.438,13.900000000000002,2.0,High-burden,449,441,-0.0178173719376391,-0.0178173719376391
washington,benton,364.8,271.4,83.6,6.0,2.4,0.4,1.0,321.2,64.0,37.0,120.4,213.2,31.2,58.44091524913442,33.009182598223695,0.0,8.549902152641879,0.5844298245614035,0.3300438596491228,WA,0.10575,0.056,0.0576249999999999,0.093125,0.0287499999999999,0.1435,0.118375,0.138875,53005,Washington,Benton,0.106,77339.0,77.339,10.6,0.0,Low-burden,4530,4931,0.0885209713024282,0.0885209713024282
washington,chelan,365.2,258.2,94.2,4.2,5.4,2.0,1.2,406.8,64.4,32.8,0.0,365.2,0.0,100.0,0.0,0.0,0.0,1.0,0.0,WA,0.103625,0.062875,0.0633749999999999,0.1002499999999999,0.03175,0.1435,0.1245,0.14525,53007,Washington,Chelan,0.108,64700.0,64.7,10.8,1.0,Mid-burden,2604,2678,0.0284178187403993,0.0284178187403993
washington,clallam,365.2,275.2,85.4,1.6,1.6,0.8,0.6,188.0,57.6,39.0,166.0,199.2,0.0,54.54540010479827,45.45459989520174,0.0,0.0,0.5454545454545454,0.4545454545454546,WA,0.107875,0.0724999999999999,0.072375,0.10625,0.036375,0.1465,0.1315,0.152125,53009,Washington,Clallam,0.12,62623.0,62.623,12.0,1.0,Mid-burden,2084,2094,0.0047984644913627,0.0047984644913627
washington,clark,365.0,278.6,81.6,2.6,0.6,0.6,1.0,279.2,62.0,34.4,106.8,258.2,0.0,70.72824346100789,29.27175653899211,0.0,0.0,0.7073972602739725,0.2926027397260274,WA,0.105,0.054125,0.056875,0.0889999999999999,0.028125,0.142375,0.1114999999999999,0.134625,53011,Washington,Clark,0.09,83790.0,83.79,9.0,0.0,Low-burden,11114,11993,0.0790894367464459,0.0790894367464459
washington,columbia,347.0,289.6,51.0,3.0,2.8,0.6,0.0,175.6,56.2,26.8,55.2,291.8,0.0,84.87671232876713,15.123287671232877,0.0,0.0,0.8409221902017291,0.1590778097982709,WA,0.106875,0.071375,0.0706249999999999,0.1063749999999999,0.035375,0.144125,0.128375,0.1535,53013,Washington,Columbia,0.132,59650.0,59.65,13.2,1.0,Mid-burden,114,119,0.043859649122807,0.043859649122807
washington,cowlitz,364.2,319.6,41.6,0.8,1.2,1.0,0.0,146.8,50.6,23.8,0.0,364.2,0.0,100.0,0.0,0.0,0.0,1.0,0.0,WA,0.1157499999999999,0.0671249999999999,0.074,0.1025,0.034125,0.160625,0.1355,0.180875,53015,Washington,Cowlitz,0.126,70104.0,70.104,12.6,1.0,Mid-burden,2211,2242,0.0140208050655811,0.0140208050655811
washington,franklin,336.0,291.8,39.6,1.8,2.0,0.8,0.0,166.0,51.8,21.8,0.0,336.0,0.0,100.0,0.0,0.0,0.0,1.0,0.0,WA,0.1025,0.05625,0.0579999999999999,0.109125,0.02975,0.151875,0.13175,0.15225,53021,Washington,Franklin,0.118,79532.0,79.532,11.8,1.0,Mid-burden,1590,1831,0.1515723270440251,0.1515723270440251
washington,garfield,314.8,274.6,35.2,1.8,2.6,0.6,0.0,181.0,55.8,21.8,0.0,314.8,0.0,100.0,0.0,0.0,0.0,1.0,0.0,WA,0.104,0.06625,0.0653749999999999,0.099,0.03275,0.140375,0.121375,0.143625,53023,Washington,Garfield,0.132,61268.0,61.268,13.2,1.0,Mid-burden,47,45,-0.0425531914893617,-0.0425531914893617
washington,grant,365.2,302.6,55.2,2.2,4.0,1.0,0.2,211.8,57.0,24.8,0.0,362.2,0.0,99.17808219178082,0.0,0.821917808219178,0.0,0.9917853231106244,0.0,WA,0.107625,0.0638749999999999,0.067625,0.113625,0.03325,0.15575,0.139625,0.168125,53025,Washington,Grant,0.1169999999999999,61815.0,61.815,11.7,1.0,Mid-burden,1894,1973,0.0417106652587117,0.0417106652587117
washington,grays harbor,362.6,328.2,31.4,0.8,1.2,1.0,0.0,143.2,48.6,27.2,0.0,362.6,0.0,100.0,0.0,0.0,0.0,1.0,0.0,WA,0.111625,0.0727499999999999,0.077625,0.112875,0.0365,0.16175,0.1425,0.1811249999999999,53027,Washington,Grays Harbor,0.1369999999999999,55018.0,55.018,13.699999999999998,1.0,Mid-burden,1628,1558,-0.042997542997543,-0.042997542997543
washington,jefferson,357.4,334.4,20.0,1.2,1.0,0.8,0.0,132.0,43.2,23.6,0.0,357.4,0.0,100.0,0.0,0.0,0.0,1.0,0.0,WA,0.1014999999999999,0.0711249999999999,0.06525,0.1007499999999999,0.03425,0.129375,0.119125,0.12725,53031,Washington,Jefferson,0.1119999999999999,61548.0,61.548,11.2,1.0,Mid-burden,1074,1018,-0.0521415270018622,-0.0521415270018622
washington,king,365.2,222.0,133.4,4.8,3.4,1.6,0.0,200.6,67.6,45.6,73.4,268.0,0.0,73.38169024627591,20.099857773785462,6.518451979938618,0.0,0.7338444687842278,0.2009857612267251,WA,0.0913749999999999,0.0426249999999999,0.039,0.0761249999999999,0.02325,0.12475,0.0874999999999999,0.099,53033,Washington,King,0.093,110351.0,110.351,9.3,0.0,Low-burden,69279,70745,0.0211608135221351,0.0211608135221351
washington,kitsap,353.8,324.4,25.4,2.2,0.8,1.0,0.0,151.8,46.8,21.6,0.0,353.8,0.0,100.0,0.0,0.0,0.0,1.0,0.0,WA,0.1019999999999999,0.054625,0.0547499999999999,0.08925,0.027625,0.1377499999999999,0.109375,0.137,53035,Washington,Kitsap,0.087,86826.0,86.826,8.7,1.0,Mid-burden,5928,6165,0.0399797570850202,0.0399797570850202
washington,kittitas,361.6,278.6,74.2,4.2,2.8,1.0,0.8,290.8,62.4,29.4,0.0,361.6,0.0,100.0,0.0,0.0,0.0,1.0,0.0,WA,0.10775,0.0568749999999999,0.0604999999999999,0.08725,0.0292499999999999,0.1553749999999999,0.117125,0.14775,53037,Washington,Kittitas,0.144,62721.0,62.721,14.400000000000002,1.0,Mid-burden,1266,1378,0.0884676145339652,0.0884676145339652
washington,klickitat,235.6,198.2,34.0,1.2,0.8,0.0,1.4,368.4,54.8,23.4,0.0,235.6,0.0,100.0,0.0,0.0,0.0,1.0,0.0,WA,0.107,0.0715,0.073375,0.107,0.036,0.14875,0.133125,0.158125,53039,Washington,Klickitat,0.13,61542.0,61.542,13.0,1.0,Mid-burden,537,552,0.0279329608938547,0.0279329608938547
washington,lewis,356.0,310.0,44.0,0.8,1.0,0.2,0.0,145.8,52.2,25.8,0.0,356.0,0.0,100.0,0.0,0.0,0.0,1.0,0.0,WA,0.1095,0.0695,0.075375,0.106,0.035125,0.157375,0.135,0.1761249999999999,53041,Washington,Lewis,0.135,63828.0,63.828,13.5,1.0,Mid-burden,1892,1944,0.0274841437632135,0.0274841437632135
washington,mason,361.4,312.2,45.8,1.4,1.0,0.2,0.8,173.2,52.2,25.2,0.0,361.4,0.0,100.0,0.0,0.0,0.0,1.0,0.0,WA,0.107625,0.0701249999999999,0.0745,0.106625,0.0355,0.15475,0.1365,0.174375,53045,Washington,Mason,0.126,73696.0,73.696,12.6,1.0,Mid-burden,1073,1065,-0.0074557315936626,-0.0074557315936626
washington,okanogan,365.2,178.4,169.0,3.4,9.4,3.4,1.6,335.4,78.0,49.4,0.0,365.2,0.0,100.0,0.0,0.0,0.0,1.0,0.0,WA,0.114625,0.0783749999999999,0.0847499999999999,0.1235,0.0407499999999999,0.16225,0.1538749999999999,0.18625,53047,Washington,Okanogan,0.16,55233.0,55.233,16.0,2.0,High-burden,1143,1160,0.0148731408573928,0.0148731408573928
washington,pend oreille,190.0,133.0,52.5,1.5,3.0,0.0,0.0,129.5,58.5,41.0,0.0,190.0,0.0,100.0,0.0,0.0,0.0,1.0,0.0,WA,0.1085,0.074125,0.077125,0.1085,0.036625,0.1525,0.1367499999999999,0.169,53051,Washington,Pend Oreille,0.159,55060.0,55.06,15.9,2.0,High-burden,227,241,0.0616740088105726,0.0616740088105726
washington,pierce,365.2,247.0,110.8,3.4,3.2,0.8,0.0,171.2,68.4,43.4,183.8,174.8,0.0,47.86600793472566,50.3266711580208,1.807320907253537,0.0,0.4786418400876233,0.5032858707557504,WA,0.1045,0.0537499999999999,0.0563749999999999,0.0983749999999999,0.0286249999999999,0.151625,0.11475,0.149625,53053,Washington,Pierce,0.0819999999999999,85492.0,85.492,8.2,0.0,Low-burden,18088,19462,0.0759619637328615,0.0759619637328615
washington,san juan,112.0,111.0,1.0,0.0,0.0,0.0,0.0,52.0,31.0,21.0,0.0,112.0,0.0,100.0,0.0,0.0,0.0,1.0,0.0,WA,0.0998749999999999,0.0643749999999999,0.0579999999999999,0.0908749999999999,0.031125,0.125,0.108625,0.111125,53055,Washington,San Juan,0.108,71678.0,71.678,10.8,1.0,Mid-burden,1030,1025,-0.0048543689320388,-0.0048543689320388
washington,skagit,336.2,310.4,24.0,1.2,0.6,0.0,0.0,101.2,46.8,29.0,93.6,241.0,0.0,73.06533025041445,26.49631358520199,0.4383561643835616,0.0,0.7168352171326592,0.2784057108863771,WA,0.103375,0.0612499999999999,0.062125,0.0949999999999999,0.031125,0.142875,0.12025,0.14675,53057,Washington,Skagit,0.1159999999999999,72831.0,72.831,11.6,1.0,Mid-burden,3560,3580,0.0056179775280898,0.0056179775280898
washington,snohomish,365.0,242.6,114.6,5.0,2.0,0.8,0.0,169.6,70.8,36.2,0.0,365.0,0.0,100.0,0.0,0.0,0.0,1.0,0.0,WA,0.1025,0.048875,0.0503749999999999,0.0874999999999999,0.025875,0.139375,0.1075,0.13025,53061,Washington,Snohomish,0.072,99650.0,99.65,7.200000000000001,0.0,Low-burden,18827,19912,0.0576299994688479,0.0576299994688479
washington,spokane,365.2,250.2,106.0,4.0,2.6,1.6,0.8,329.2,67.2,41.0,108.6,242.2,14.4,66.31903585597725,29.73815405344711,0.0,3.942810090575642,0.663198247535597,0.2973713033953998,WA,0.109625,0.0579999999999999,0.0621249999999999,0.0906249999999999,0.0295,0.155,0.1205,0.150375,53063,Washington,Spokane,0.1119999999999999,65571.0,65.571,11.2,0.0,Low-burden,13224,13865,0.0484724742891712,0.0484724742891712
washington,stevens,365.2,208.0,145.2,4.8,5.2,1.2,0.8,349.4,70.8,43.0,0.0,344.2,21.0,94.24837188412306,0.0,0.0,5.751628115876937,0.9424972617743702,0.0,WA,0.112625,0.072125,0.0791249999999999,0.1042499999999999,0.03675,0.1545,0.139375,0.1755,53065,Washington,Stevens,0.136,60180.0,60.18,13.6,2.0,High-burden,897,918,0.0234113712374581,0.0234113712374581
washington,thurston,353.2,298.6,51.2,0.6,2.0,0.8,0.0,143.2,53.8,28.2,99.8,253.4,0.0,72.20547923020875,27.79452076979124,0.0,0.0,0.717440543601359,0.282559456398641,WA,0.1032499999999999,0.05425,0.054875,0.0899999999999999,0.027875,0.145,0.1089999999999999,0.13375,53067,Washington,Thurston,0.099,81544.0,81.544,9.9,1.0,Mid-burden,6233,6529,0.0474891705438793,0.0474891705438793
washington,walla walla,362.4,294.2,61.6,3.2,1.2,1.0,1.2,317.0,58.2,24.4,0.0,257.6,104.8,71.22932329624447,0.0,0.0,28.770676703755527,0.7108167770419427,0.0,WA,0.104875,0.0594999999999999,0.06025,0.096125,0.030375,0.147125,0.119375,0.14025,53071,Washington,Walla Walla,0.121,63631.0,63.631,12.1,1.0,Mid-burden,1385,1449,0.0462093862815884,0.0462093862815884
washington,whatcom,354.0,323.4,25.2,2.8,2.0,0.6,0.0,162.4,47.8,28.2,137.2,216.8,0.0,61.08421202749164,38.915787972508355,0.0,0.0,0.6124293785310735,0.3875706214689265,WA,0.1055,0.056,0.058375,0.087125,0.0289999999999999,0.149875,0.115,0.14225,53073,Washington,Whatcom,0.13,71739.0,71.739,13.0,1.0,Mid-burden,6698,6994,0.0441922962078232,0.0441922962078232
washington,whitman,365.2,314.2,44.0,3.2,3.0,0.8,0.0,184.6,54.4,22.2,0.0,365.2,0.0,100.0,0.0,0.0,0.0,1.0,0.0,WA,0.11225,0.0532499999999999,0.057,0.0819999999999999,0.027125,0.167,0.112875,0.1367499999999999,53075,Washington,Whitman,0.181,53140.0,53.14,18.1,1.0,Mid-burden,837,848,0.013142174432497,0.013142174432497
washington,yakima,365.2,183.4,162.4,11.2,5.6,1.4,1.2,327.2,85.0,49.8,0.0,363.6,1.6,99.56164383561644,0.0,0.0,0.4383561643835616,0.995618838992333,0.0,WA,0.1085,0.067,0.0697499999999999,0.123375,0.035375,0.1595,0.148125,0.162625,53077,Washington,Yakima,0.147,60058.0,60.058,14.7,2.0,High-burden,4765,4880,0.0241343126967471,0.0241343126967471
west virginia,berkeley,279.0,229.2,49.4,0.4,0.0,0.0,0.0,96.0,55.6,39.4,197.4,81.6,0.0,29.23865128221022,70.76134871778979,0.0,0.0,0.2924731182795699,0.7075268817204301,WV,0.110875,0.07175,0.0905,0.119875,0.03175,0.181125,0.142125,0.22025,54003,West Virginia,Berkeley,0.099,70893.0,70.893,9.9,0.0,Low-burden,1654,1713,0.0356711003627569,0.0356711003627569
west virginia,brooke,362.6,301.0,61.4,0.2,0.0,0.0,0.0,84.4,55.2,19.0,0.0,120.8,241.8,33.315061800290415,0.0,0.0,66.68493819970959,0.3331494760066188,0.0,WV,0.108625,0.084,0.1008749999999999,0.1285,0.03525,0.178875,0.148875,0.216375,54009,West Virginia,Brooke,0.13,52217.0,52.217,13.0,1.0,Mid-burden,374,375,0.0026737967914438,0.0026737967914438
west virginia,cabell,281.4,235.8,45.2,0.4,0.0,0.0,0.0,91.8,54.6,39.0,199.0,82.4,0.0,29.274242932838128,70.72575706716188,0.0,0.0,0.2928216062544421,0.707178393745558,WV,0.116375,0.082875,0.10775,0.129375,0.03675,0.193875,0.1555,0.2275,54011,West Virginia,Cabell,0.19,46923.0,46.923,19.0,2.0,High-burden,2397,2294,-0.0429703796412181,-0.0429703796412181
west virginia,gilmer,354.2,348.6,5.6,0.0,0.0,0.0,0.0,68.4,42.8,30.4,354.2,0.0,0.0,0.0,100.0,0.0,0.0,0.0,1.0,WV,0.106625,0.082125,0.099875,0.13125,0.03575,0.1846249999999999,0.15325,0.234625,54021,West Virginia,Gilmer,0.253,40450.0,40.45,25.3,2.0,High-burden,115,100,-0.1304347826086956,-0.08128849402067426
west virginia,greenbrier,235.6,225.2,10.4,0.0,0.0,0.0,0.0,74.0,47.0,38.0,235.6,0.0,0.0,0.0,100.0,0.0,0.0,0.0,1.0,WV,0.114,0.092625,0.117875,0.143,0.0399999999999999,0.191125,0.166875,0.235125,54025,West Virginia,Greenbrier,0.1889999999999999,41958.0,41.958,18.9,2.0,High-burden,917,879,-0.0414394765539803,-0.0414394765539803
west virginia,hancock,340.4,283.2,56.8,0.4,0.0,0.0,0.0,102.2,56.2,37.6,198.0,73.2,69.2,21.324115069815164,58.77269483532761,0.0,19.903190094857216,0.2150411280846063,0.5816686251468861,WV,0.112125,0.0871249999999999,0.107875,0.1345,0.0375,0.1851249999999999,0.158375,0.22725,54029,West Virginia,Hancock,0.149,52301.0,52.301,14.9,2.0,High-burden,564,544,-0.0354609929078014,-0.0354609929078014
west virginia,harrison,116.6,88.2,28.4,0.0,0.0,0.0,0.0,69.8,56.2,37.4,0.0,116.6,0.0,100.0,0.0,0.0,0.0,1.0,0.0,WV,0.11225,0.082875,0.1021249999999999,0.13025,0.03525,0.18375,0.152375,0.226125,54033,West Virginia,Harrison,0.146,52026.0,52.026,14.6,2.0,High-burden,1834,1772,-0.0338058887677208,-0.0338058887677208
west virginia,kanawha,365.0,243.8,120.8,0.4,0.0,0.0,0.0,97.0,59.4,44.4,139.8,220.4,0.0,60.39215937890988,38.29247105914521,0.0,0.0,0.6038356164383561,0.383013698630137,WV,0.111,0.0869999999999999,0.1019999999999999,0.134,0.037,0.18925,0.154,0.227,54039,West Virginia,Kanawha,0.159,55069.0,55.069,15.9,2.0,High-burden,4793,4494,-0.0623826413519716,-0.0623826413519716
west virginia,marion,99.0,69.4,29.6,0.0,0.0,0.0,0.0,71.8,57.2,39.2,0.0,99.0,0.0,100.0,0.0,0.0,0.0,1.0,0.0,WV,0.11175,0.0827499999999999,0.1021249999999999,0.127875,0.035375,0.189375,0.153125,0.22675,54049,West Virginia,Marion,0.151,51252.0,51.252,15.1,2.0,High-burden,1174,1109,-0.055366269165247,-0.055366269165247
west virginia,marshall,236.6,102.0,134.4,0.2,0.0,0.0,0.0,90.4,65.0,49.4,0.0,236.6,0.0,100.0,0.0,0.0,0.0,1.0,0.0,WV,0.110125,0.0879999999999999,0.10775,0.132875,0.036625,0.184,0.157625,0.229,54051,West Virginia,Marshall,0.1639999999999999,51385.0,51.385,16.4,2.0,High-burden,484,497,0.0268595041322314,0.0268595041322314
west virginia,monongalia,278.6,237.6,41.0,0.0,0.0,0.0,0.0,85.4,53.8,39.4,205.4,73.2,0.0,26.253766513415982,73.74623348658402,0.0,0.0,0.2627422828427853,0.7372577171572146,WV,0.10675,0.065,0.0786249999999999,0.10425,0.028125,0.1775,0.126625,0.1846249999999999,54061,West Virginia,Monongalia,0.183,56706.0,56.706,18.3,2.0,High-burden,2409,2405,-0.0016604400166044,-0.0016604400166044
west virginia,ohio,281.6,224.8,56.4,0.4,0.0,0.0,0.0,88.4,57.6,41.0,204.0,77.6,0.0,27.545812637135647,72.45418736286436,0.0,0.0,0.2755681818181817,0.7244318181818181,WV,0.109375,0.0788749999999999,0.0927499999999999,0.120625,0.033625,0.174,0.140375,0.200625,54069,West Virginia,Ohio,0.147,53560.0,53.56,14.7,2.0,High-burden,1384,1285,-0.0715317919075144,-0.0715317919075144
west virginia,tucker,360.0,340.2,19.8,0.0,0.0,0.0,0.0,68.8,47.0,34.8,343.4,16.6,0.0,4.620741182788463,95.37925881721154,0.0,0.0,0.0461111111111111,0.9538888888888888,WV,0.109875,0.08925,0.107625,0.1305,0.037125,0.17925,0.1545,0.220625,54093,West Virginia,Tucker,0.147,49097.0,49.097,14.7,1.0,Mid-burden,152,157,0.0328947368421052,0.0328947368421052
west virginia,wood,279.8,235.6,44.2,0.0,0.0,0.0,0.0,80.8,54.2,38.4,199.4,80.4,0.0,28.74629229554002,71.25370770445997,0.0,0.0,0.2873481057898499,0.7126518942101501,WV,0.11475,0.0857499999999999,0.108125,0.132,0.0365,0.18575,0.156375,0.224125,54107,West Virginia,Wood,0.147,53435.0,53.435,14.7,2.0,High-burden,1989,1894,-0.0477626948215183,-0.0477626948215183
wisconsin,ashland,363.4,326.2,36.4,0.6,0.2,0.0,0.0,96.8,50.2,35.0,278.0,85.4,0.0,23.43115795882011,76.56884204117989,0.0,0.0,0.2350027517886626,0.7649972482113374,WI,0.106125,0.0724999999999999,0.074875,0.106125,0.036375,0.1505,0.131875,0.20825,55003,Wisconsin,Ashland,0.146,54799.0,54.799,14.6,1.0,Mid-burden,487,476,-0.0225872689938398,-0.0225872689938398
wisconsin,brown,362.4,261.4,100.0,1.0,0.0,0.0,0.0,107.6,60.4,40.4,141.4,221.0,0.0,60.937785033892865,39.06221496610714,0.0,0.0,0.609823399558499,0.3901766004415011,WI,0.0957499999999999,0.0551249999999999,0.054625,0.0856249999999999,0.0275,0.132625,0.104875,0.15925,55009,Wisconsin,Brown,0.093,67232.0,67.232,9.3,0.0,Low-burden,6580,6578,-0.0003039513677811,-0.0003039513677811
wisconsin,columbia,217.2,196.0,20.2,1.0,0.0,0.0,0.0,100.2,50.0,38.6,217.2,0.0,0.0,0.0,100.0,0.0,0.0,0.0,1.0,WI,0.0949999999999999,0.0581249999999999,0.057875,0.084625,0.028375,0.132875,0.105625,0.17075,55021,Wisconsin,Columbia,0.077,74842.0,74.842,7.7,0.0,Low-burden,1439,1420,-0.0132036136205698,-0.0132036136205698
wisconsin,dane,363.8,223.2,139.6,1.0,0.0,0.0,0.0,100.8,64.6,44.6,114.2,249.6,0.0,68.57897402249273,31.421025977507263,0.0,0.0,0.6860912589334799,0.31390874106652,WI,0.0936249999999999,0.04575,0.0424999999999999,0.07075,0.023125,0.1215,0.0857499999999999,0.12475,55025,Wisconsin,Dane,0.113,77653.0,77.653,11.3,0.0,Low-burden,14313,14402,0.0062181233843359,0.0062181233843359
wisconsin,dodge,365.2,252.4,111.4,1.4,0.0,0.0,0.0,122.4,63.2,42.6,199.8,165.0,0.4,45.17613593831874,54.71457444419492,0.0,0.1092896174863388,0.4518072289156626,0.5470974808324206,WI,0.0958749999999999,0.0604999999999999,0.062,0.08875,0.029875,0.13575,0.111375,0.180625,55027,Wisconsin,Dodge,0.085,67743.0,67.743,8.5,0.0,Low-burden,1748,1690,-0.0331807780320366,-0.0331807780320366
wisconsin,door,214.4,192.0,19.4,3.0,0.0,0.0,0.0,126.6,52.0,37.4,214.4,0.0,0.0,0.0,100.0,0.0,0.0,0.0,1.0,WI,0.0931249999999999,0.0651249999999999,0.05975,0.0915,0.03075,0.12025,0.1044999999999999,0.147125,55029,Wisconsin,Door,0.087,64818.0,64.818,8.7,0.0,Low-burden,1286,1291,0.0038880248833592,0.0038880248833592
wisconsin,eau claire,364.2,251.2,111.8,1.0,0.2,0.0,0.0,110.4,61.6,42.0,132.8,231.2,0.2,63.499321540840505,36.44542984037496,0.0,0.0552486187845303,0.6348160351455244,0.3646348160351456,WI,0.0979999999999999,0.0545,0.054875,0.0794999999999999,0.026875,0.138,0.1013749999999999,0.157625,55035,Wisconsin,Eau Claire,0.125,63073.0,63.073,12.5,2.0,High-burden,2641,2662,0.007951533510034,0.007951533510034
wisconsin,fond du lac,219.0,199.2,19.2,0.6,0.0,0.0,0.0,99.8,50.2,37.4,219.0,0.0,0.0,0.0,100.0,0.0,0.0,0.0,1.0,WI,0.0967499999999999,0.059125,0.059375,0.0857499999999999,0.0289999999999999,0.13475,0.107875,0.166375,55039,Wisconsin,Fond Du Lac,0.081,69428.0,69.428,8.1,0.0,Low-burden,2325,2263,-0.0266666666666666,-0.0266666666666666
wisconsin,forest,363.8,305.6,57.4,0.6,0.2,0.0,0.0,104.4,54.8,36.8,256.6,107.2,0.0,29.4784069937659,70.5215930062341,0.0,0.0,0.2946673996701484,0.7053326003298516,WI,0.106125,0.0765,0.079125,0.110875,0.038125,0.150625,0.135625,0.211875,55041,Wisconsin,Forest,0.1369999999999999,52275.0,52.275,13.699999999999998,2.0,High-burden,230,223,-0.0304347826086956,-0.0304347826086956
wisconsin,grant,355.6,237.6,117.8,0.2,0.0,0.0,0.0,91.0,60.6,40.0,0.0,355.6,0.0,100.0,0.0,0.0,0.0,1.0,0.0,WI,0.1,0.062125,0.065,0.088,0.03075,0.14525,0.1154999999999999,0.180875,55043,Wisconsin,Grant,0.126,57861.0,57.861,12.6,2.0,High-burden,1228,1171,-0.0464169381107491,-0.0464169381107491
wisconsin,jackson,237.0,187.0,50.0,0.0,0.0,0.0,0.0,97.0,57.0,31.0,0.0,237.0,0.0,100.0,0.0,0.0,0.0,1.0,0.0,WI,0.0998749999999999,0.06925,0.071125,0.1013749999999999,0.034125,0.144875,0.125,0.203875,55053,Wisconsin,Jackson,0.126,59478.0,59.478,12.6,1.0,Mid-burden,428,393,-0.0817757009345794,-0.08128849402067426
wisconsin,jefferson,221.8,196.2,24.2,1.4,0.0,0.0,0.0,110.6,54.4,38.6,221.8,0.0,0.0,0.0,100.0,0.0,0.0,0.0,1.0,WI,0.0962499999999999,0.057,0.0569999999999999,0.0832499999999999,0.02775,0.132375,0.1045,0.166875,55055,Wisconsin,Jefferson,0.075,69247.0,69.247,7.5,0.0,Low-burden,2007,2006,-0.0004982561036372,-0.0004982561036372
wisconsin,kenosha,359.0,232.0,117.4,8.8,0.8,0.0,0.0,153.0,70.8,44.2,191.4,167.6,0.0,46.72648250825529,53.2735174917447,0.0,0.0,0.4668523676880222,0.5331476323119777,WI,0.0985,0.05675,0.05725,0.090625,0.028625,0.137625,0.1112499999999999,0.16975,55059,Wisconsin,Kenosha,0.107,71051.0,71.051,10.7,0.0,Low-burden,3245,3312,0.0206471494607087,0.0206471494607087
wisconsin,kewaunee,219.8,194.6,23.4,1.6,0.2,0.0,0.0,111.6,53.6,38.2,219.8,0.0,0.0,0.0,100.0,0.0,0.0,0.0,1.0,WI,0.0953749999999999,0.0616249999999999,0.0607499999999999,0.08725,0.029625,0.132875,0.1079999999999999,0.17175,55061,Wisconsin,Kewaunee,0.077,71861.0,71.861,7.7,0.0,Low-burden,461,453,-0.0173535791757049,-0.0173535791757049
wisconsin,la crosse,363.8,258.6,105.0,0.2,0.0,0.0,0.0,94.4,61.2,41.6,134.6,229.2,0.0,62.99062505226889,37.00937494773111,0.0,0.0,0.6300164925783397,0.3699835074216602,WI,0.0959999999999999,0.0545,0.053625,0.08,0.027,0.134,0.09925,0.156125,55063,Wisconsin,La Crosse,0.121,62302.0,62.302,12.1,2.0,High-burden,3076,3101,0.0081274382314694,0.0081274382314694
wisconsin,manitowoc,215.4,189.6,22.2,3.2,0.4,0.0,0.0,130.0,56.8,37.8,215.4,0.0,0.0,0.0,100.0,0.0,0.0,0.0,1.0,WI,0.0971249999999999,0.0633749999999999,0.0635,0.091375,0.030875,0.13325,0.112375,0.175375,55071,Wisconsin,Manitowoc,0.107,59774.0,59.774,10.7,1.0,Mid-burden,1780,1718,-0.0348314606741573,-0.0348314606741573
wisconsin,marathon,214.6,201.6,13.0,0.0,0.0,0.0,0.0,86.4,48.4,35.2,214.6,0.0,0.0,0.0,100.0,0.0,0.0,0.0,1.0,WI,0.0952499999999999,0.0596249999999999,0.0584999999999999,0.0864999999999999,0.0289999999999999,0.1315,0.106125,0.171125,55073,Wisconsin,Marathon,0.076,74050.0,74.05,7.6,0.0,Low-burden,3390,3375,-0.0044247787610619,-0.0044247787610619
wisconsin,milwaukee,365.2,196.0,164.4,4.4,0.4,0.0,0.0,136.6,69.6,47.6,130.4,228.4,1.0,62.540609327045445,35.70656486263942,1.4788532075754173,0.273972602739726,0.6254107338444688,0.3570646221248631,WI,0.105375,0.0571249999999999,0.0601249999999999,0.106875,0.032625,0.145125,0.119875,0.18325,55079,Wisconsin,Milwaukee,0.178,56417.0,56.417,17.8,2.0,High-burden,19960,20215,0.0127755511022044,0.0127755511022044
wisconsin,monroe,265.0,216.0,49.0,0.0,0.0,0.0,0.0,94.0,56.0,32.0,0.0,265.0,0.0,100.0,0.0,0.0,0.0,1.0,0.0,WI,0.099,0.063125,0.065375,0.0918749999999999,0.03125,0.1395,0.1157499999999999,0.186125,55081,Wisconsin,Monroe,0.114,62742.0,62.742,11.4,1.0,Mid-burden,954,963,0.0094339622641509,0.0094339622641509
wisconsin,outagamie,362.4,256.4,104.4,1.6,0.0,0.0,0.0,115.0,62.0,40.8,143.0,219.4,0.0,60.47432908365622,39.52567091634377,0.0,0.0,0.6054083885209713,0.3945916114790287,WI,0.095,0.0531249999999999,0.05325,0.081,0.026375,0.130125,0.0988749999999999,0.1545,55087,Wisconsin,Outagamie,0.073,73882.0,73.882,7.3,0.0,Low-burden,5084,5161,0.0151455546813532,0.0151455546813532
wisconsin,ozaukee,360.6,262.2,92.4,5.4,0.6,0.0,0.0,141.2,64.4,41.2,181.2,179.4,0.0,49.670436475821454,50.329563524178546,0.0,0.0,0.497504159733777,0.5024958402662228,WI,0.0899999999999999,0.0515,0.045625,0.074875,0.024375,0.113125,0.086,0.1235,55089,Wisconsin,Ozaukee,0.047,91014.0,91.014,4.7,0.0,Low-burden,2820,2802,-0.0063829787234042,-0.0063829787234042
wisconsin,racine,215.6,169.6,38.2,7.2,0.6,0.0,0.0,143.4,73.2,40.8,215.6,0.0,0.0,0.0,100.0,0.0,0.0,0.0,1.0,WI,0.1005,0.0595,0.05975,0.09725,0.030625,0.13525,0.112625,0.170375,55101,Wisconsin,Racine,0.124,69021.0,69.021,12.4,0.0,Low-burden,4036,4057,0.005203171456888,0.005203171456888
wisconsin,rock,219.6,194.0,24.8,0.8,0.0,0.0,0.0,100.4,54.4,39.2,219.6,0.0,0.0,0.0,100.0,0.0,0.0,0.0,1.0,WI,0.0995,0.06025,0.061875,0.0931249999999999,0.0305,0.138125,0.11375,0.1765,55105,Wisconsin,Rock,0.1009999999999999,66383.0,66.383,10.1,0.0,Low-burden,3374,3389,0.0044457617071724,0.0044457617071724
wisconsin,sauk,365.0,263.2,101.2,0.6,0.0,0.0,0.0,104.8,60.8,41.0,133.8,231.0,0.2,63.28726816263308,36.65793731681897,0.0,0.0547945205479452,0.6328767123287671,0.3665753424657534,WI,0.0967499999999999,0.06075,0.0614999999999999,0.08825,0.03,0.135,0.1102499999999999,0.17175,55111,Wisconsin,Sauk,0.0969999999999999,70254.0,70.254,9.7,0.0,Low-burden,1820,1819,-0.0005494505494505,-0.0005494505494505
wisconsin,sheboygan,221.0,178.4,35.2,6.6,0.8,0.0,0.0,141.4,72.8,40.4,221.0,0.0,0.0,0.0,100.0,0.0,0.0,0.0,1.0,WI,0.0925,0.0577499999999999,0.0564999999999999,0.0858749999999999,0.02825,0.12725,0.1026249999999999,0.15775,55117,Wisconsin,Sheboygan,0.087,64133.0,64.133,8.7,0.0,Low-burden,2659,2668,0.003384731101918,0.003384731101918
wisconsin,taylor,364.6,288.2,75.6,0.4,0.4,0.0,0.0,98.0,57.6,38.6,220.0,144.6,0.0,39.651432181861104,60.348567818138896,0.0,0.0,0.396599012616566,0.6034009873834338,WI,0.0993749999999999,0.0686249999999999,0.071125,0.0963749999999999,0.0335,0.14275,0.1225,0.1935,55119,Wisconsin,Taylor,0.103,59473.0,59.473,10.3,1.0,Mid-burden,474,473,-0.0021097046413502,-0.0021097046413502
wisconsin,vilas,354.0,307.2,46.2,0.6,0.0,0.0,0.0,100.6,53.2,34.2,178.0,176.0,0.0,49.18488036254276,50.81511963745725,0.0,0.0,0.4971751412429379,0.5028248587570622,WI,0.0992499999999999,0.074875,0.0696249999999999,0.10525,0.0355,0.130625,0.121,0.173875,55125,Wisconsin,Vilas,0.115,61716.0,61.716,11.5,1.0,Mid-burden,961,978,0.0176899063475546,0.0176899063475546
wisconsin,walworth,220.8,194.8,24.4,1.6,0.0,0.0,0.0,113.0,53.6,39.2,220.8,0.0,0.0,0.0,100.0,0.0,0.0,0.0,1.0,WI,0.0949999999999999,0.0581249999999999,0.0571249999999999,0.08625,0.02825,0.132875,0.1051249999999999,0.16075,55127,Wisconsin,Walworth,0.103,70688.0,70.688,10.3,0.0,Low-burden,2734,2777,0.0157278712509144,0.0157278712509144
wisconsin,waukesha,362.6,209.4,151.2,2.0,0.0,0.0,0.0,113.0,65.8,45.8,108.0,254.4,0.2,70.12721791887664,29.81798756057542,0.0,0.0547945205479452,0.7015995587424159,0.2978488692774407,WI,0.0893749999999999,0.0497499999999999,0.0454999999999999,0.07625,0.02425,0.113875,0.086375,0.129,55133,Wisconsin,Waukesha,0.05,94506.0,94.506,5.0,0.0,Low-burden,12651,12711,0.0047427080863172,0.0047427080863172
wyoming,albany,365.2,225.2,134.2,5.0,0.6,0.0,0.2,171.6,72.8,48.0,299.4,13.6,51.2,3.724081143798189,81.98472939591286,0.273972602739726,14.01721685754922,0.0372398685651697,0.8198247535596933,WY,0.0951249999999999,0.0506249999999999,0.0553749999999999,0.07725,0.025125,0.140375,0.0978749999999999,0.14575,56001,Wyoming,Albany,0.177,53112.0,53.112,17.7,2.0,High-burden,1046,1055,0.008604206500956,0.008604206500956
wyoming,big horn,354.4,330.8,23.0,0.6,0.0,0.0,0.0,92.4,48.6,37.6,354.4,0.0,0.0,0.0,100.0,0.0,0.0,0.0,1.0,WY,0.0962499999999999,0.0691249999999999,0.07575,0.09875,0.0335,0.138,0.118625,0.18475,56003,Wyoming,Big Horn,0.126,58697.0,58.697,12.6,1.0,Mid-burden,307,309,0.006514657980456,0.006514657980456
wyoming,campbell,365.2,250.2,108.8,5.2,1.0,0.0,0.0,143.2,68.8,43.4,205.8,29.4,129.4,8.054195673328842,56.354367841904335,0.1642338498390598,35.42720263492777,0.0805038335158817,0.563526834611172,WY,0.09425,0.0548749999999999,0.0658749999999999,0.0821249999999999,0.027375,0.138875,0.108875,0.200625,56005,Wyoming,Campbell,0.085,88491.0,88.491,8.5,0.0,Low-burden,1475,1464,-0.007457627118644,-0.007457627118644
wyoming,carbon,349.2,316.0,33.0,0.2,0.0,0.0,0.0,70.0,41.4,29.2,208.0,0.0,0.0,0.0,57.03913894324853,42.96086105675147,0.0,0.0,0.5956471935853379,WY,0.0926249999999999,0.0641249999999999,0.07125,0.0988749999999999,0.031625,0.136875,0.119625,0.196875,56007,Wyoming,Carbon,0.123,63984.0,63.984,12.3,1.0,Mid-burden,518,507,-0.0212355212355212,-0.0212355212355212
wyoming,converse,365.2,296.4,66.2,2.6,0.0,0.0,0.0,114.4,60.0,41.6,300.6,14.0,48.8,3.8329216258702,82.31589190807696,0.4931506849315069,13.35803578112134,0.0383351588170865,0.8231106243154437,WY,0.0944999999999999,0.06125,0.069875,0.089625,0.03,0.136875,0.111875,0.182125,56009,Wyoming,Converse,0.0969999999999999,74174.0,74.174,9.7,0.0,Low-burden,429,433,0.0093240093240093,0.0093240093240093
wyoming,fremont,365.2,262.4,99.4,3.2,0.2,0.0,0.0,127.8,66.0,45.8,312.8,51.0,1.4,13.965117149487238,85.65192005389625,0.0,0.3829627966165132,0.1396495071193866,0.8565169769989047,WY,0.1005,0.0672499999999999,0.075375,0.1011249999999999,0.034375,0.143125,0.12275,0.201875,56013,Wyoming,Fremont,0.148,56316.0,56.316,14.800000000000002,2.0,High-burden,1288,1244,-0.0341614906832298,-0.0341614906832298
wyoming,johnson,330.25,294.0,34.5,1.75,0.0,0.0,0.0,97.25,55.0,39.75,321.0,0.0,7.75,0.0,96.92752693113184,0.4526793802208366,2.6197936886473294,0.0,0.971990915972748,WY,0.0931249999999999,0.0688749999999999,0.0725,0.093875,0.032875,0.130625,0.1134999999999999,0.167125,56019,Wyoming,Johnson,0.1,57275.0,57.275,10.0,1.0,Mid-burden,484,526,0.0867768595041322,0.0867768595041322
wyoming,laramie,365.0,285.0,76.0,3.2,0.8,0.0,0.0,126.2,63.6,42.8,311.6,40.4,8.2,11.064783259258895,85.3762644272413,1.2051816736299108,2.243880529979789,0.1106849315068493,0.8536986301369863,WY,0.0942499999999999,0.055625,0.063,0.089125,0.027,0.128125,0.102125,0.1699999999999999,56021,Wyoming,Laramie,0.099,63134.0,63.134,9.9,0.0,Low-burden,3243,3471,0.0703052728954671,0.0703052728954671
wyoming,lincoln,365.2,341.8,22.0,1.2,0.0,0.2,0.0,108.6,41.2,17.4,25.2,6.2,332.8,1.6986301369863015,6.904109589041096,0.273972602739726,91.12328767123287,0.0169769989047097,0.0690032858707557,WY,0.0929999999999999,0.0616249999999999,0.0675,0.0882499999999999,0.029875,0.131625,0.1077499999999999,0.171375,56023,Wyoming,Lincoln,0.076,75872.0,75.872,7.6,1.0,Mid-burden,708,886,0.2514124293785311,0.20333112768049624
wyoming,natrona,365.0,299.4,63.2,2.4,0.0,0.0,0.0,110.0,59.0,42.4,336.4,24.4,0.0,6.681193647283922,92.16842002222646,1.1503863304896316,0.0,0.0668493150684931,0.9216438356164384,WY,0.094375,0.0573749999999999,0.066375,0.084625,0.028125,0.136625,0.10975,0.19525,56025,Wyoming,Natrona,0.107,63940.0,63.94,10.7,0.0,Low-burden,2971,2930,-0.0138000673174015,-0.0138000673174015
wyoming,park,182.8,166.6,15.4,0.8,0.0,0.0,0.0,102.8,50.8,23.2,74.8,98.8,8.6,66.60584126196542,27.66363468748079,0.1954397394136807,5.535084311140087,0.5404814004376367,0.4091903719912472,WY,0.09025,0.060875,0.0634999999999999,0.0828749999999999,0.0291249999999999,0.12325,0.102375,0.1548749999999999,56029,Wyoming,Park,0.114,63286.0,63.286,11.4,1.0,Mid-burden,1214,1286,0.0593080724876441,0.0593080724876441
wyoming,platte,153.4,138.8,12.0,0.8,0.6,0.4,0.8,240.0,46.2,15.8,0.0,0.0,153.4,0.0,0.0,0.0,100.0,0.0,0.0,WY,0.09325,0.0698749999999999,0.074125,0.0975,0.034,0.131625,0.11675,0.18025,56031,Wyoming,Platte,0.1169999999999999,59634.0,59.634,11.7,1.0,Mid-burden,275,270,-0.0181818181818181,-0.0181818181818181
wyoming,sheridan,365.0,288.4,73.8,2.6,0.2,0.0,0.0,117.0,60.8,41.6,292.2,53.4,19.2,14.631371697394604,80.05084854512207,0.0547945205479452,5.262985236935383,0.1463013698630137,0.8005479452054794,WY,0.0903749999999999,0.0581249999999999,0.0635,0.08375,0.028375,0.1285,0.10225,0.167375,56033,Wyoming,Sheridan,0.095,63745.0,63.745,9.5,0.0,Low-burden,1226,1941,0.5831973898858075,0.20333112768049624
wyoming,sublette,365.2,251.4,107.6,5.4,0.8,0.0,0.0,146.2,71.2,46.4,341.2,23.8,0.2,6.517254285500411,93.42795119395164,0.0,0.0547945205479452,0.0651697699890471,0.9342825848849944,WY,0.0887499999999999,0.060375,0.0635,0.0848749999999999,0.0287499999999999,0.125625,0.1025,0.16625,56035,Wyoming,Sublette,0.071,76703.0,76.703,7.1,0.0,Low-burden,424,439,0.035377358490566,0.035377358490566
wyoming,sweetwater,365.2,240.0,117.6,5.6,1.6,0.2,0.2,417.8,72.8,46.2,291.8,13.8,56.8,3.7787259525413575,79.90807695186766,0.7663747286473538,15.546822366943632,0.0377875136911281,0.7990142387732749,WY,0.0915,0.0545,0.0629999999999999,0.0864999999999999,0.027375,0.138375,0.1075,0.17775,56037,Wyoming,Sweetwater,0.092,74677.0,74.677,9.2,0.0,Low-burden,1248,1175,-0.0584935897435897,-0.0584935897435897
wyoming,teton,365.2,294.8,65.6,3.8,1.0,0.0,0.0,121.4,61.0,43.8,327.4,37.0,0.8,10.129350999326295,89.65147091848192,0.0,0.2191780821917808,0.1013143483023001,0.8964950711938663,WY,0.083375,0.0469999999999999,0.045625,0.068375,0.022375,0.1105,0.0826249999999999,0.119625,56039,Wyoming,Teton,0.059,102709.0,102.709,5.9,0.0,Low-burden,2140,2345,0.0957943925233644,0.0957943925233644
wyoming,uinta,365.0,319.2,44.6,1.0,0.0,0.0,0.2,221.8,49.8,35.8,257.4,0.0,106.0,0.0,70.48686278913092,0.43805674077401,29.075080470095067,0.0,0.7052054794520547,WY,0.0965,0.062,0.0711249999999999,0.0902499999999999,0.030375,0.141625,0.113875,0.1875,56041,Wyoming,Uinta,0.094,70162.0,70.162,9.4,0.0,Low-burden,560,570,0.0178571428571428,0.0178571428571428
wyoming,weston,337.0,297.6,39.0,0.4,0.0,0.0,0.0,96.8,53.4,40.8,337.0,0.0,0.0,0.0,100.0,0.0,0.0,0.0,1.0,WY,0.0936249999999999,0.068625,0.077,0.098,0.0335,0.13625,0.118625,0.195375,56045,Wyoming,Weston,0.104,62509.0,62.509,10.4,0.0,Low-burden,222,205,-0.0765765765765765,-0.0765765765765765
